\lqd_dictionary.ldc6
\dir.lqd18
\config\dir.lqd18
\config\camera.gas
\config\character_defaults.gas
\config\compass.gas
\config\console.gas
\config\engine.gas
\config\global_settings.gas
\config\ime_appearance.gas
\config\input_bindings.gas
\config\multiplayer.gas
\config\options.gas
\config\polymap.gas
\config\sound.gas
\config\system_detail.gas
\config\weather.gas
\config\zonematch.gas
\config\fortune\dir.lqd18
\art\namingkey.nnk
\art\dir.lqd18
\art\bitmaps\dir.lqd18
\art\bitmaps\envmaps\dir.lqd18
\art\bitmaps\envmaps\b_em_sphere.%img%
\art\bitmaps\gui\dir.lqd18
\art\bitmaps\gui\in_game\dir.lqd18
\art\bitmaps\gui\in_game\menus\dir.lqd18
\art\bitmaps\gui\in_game\menus\b_gui_ig_mnu_party_arrow.%img%
\art\bitmaps\gui\in_game\menus\b_gui_ig_mnu_circle_white.%img%
\art\bitmaps\gui\in_game\menus\b_gui_ig_mnu_discovery.%img%
\art\bitmaps\gui\in_game\menus\b_gui_ig_mnu_triangle_white.%img%
\art\bitmaps\gui\in_game\menus\b_gui_ig_mnu_tombstone.%img%
\art\bitmaps\gui\in_game\menus\b_gui_ig_mnu_compass_spinner.%img%
\art\bitmaps\gui\in_game\menus\b_gui_ig_mnu_compass_cover.%img%
\art\bitmaps\gui\in_game\menus\b_gui_ig_mnu_compass_n.%img%
\art\bitmaps\gui\in_game\menus\b_gui_ig_mnu_compass_e.%img%
\art\bitmaps\gui\in_game\menus\b_gui_ig_mnu_compass_s.%img%
\art\bitmaps\gui\in_game\menus\b_gui_ig_mnu_compass_w.%img%
\art\bitmaps\gui\in_game\menus\b_gui_ig_mnu_compass_spinner-02.%img%
\world\dir.lqd18
\world\global\dir.lqd18
\world\global\effects\dir.lqd18
\world\global\formula\dir.lqd18
\world\global\moods\dir.lqd18
\art\bitmaps\sfx\dir.lqd18
\art\bitmaps\sfx\b_sfx_snow_01.%img%
\world\global\moods\gp_stress\dir.lqd18
\world\global\moods\map_world\dir.lqd18
\world\global\moods\multiplayer_world\dir.lqd18
\world\global\moods\test_moods\dir.lqd18
\world\global\moods\mood_manager.skrit
\world\contentdb\dir.lqd18
\world\contentdb\components\dir.lqd18
\world\contentdb\components\chests\dir.lqd18
\world\contentdb\components\commands\dir.lqd18
\world\contentdb\components\dev\dir.lqd18
\world\contentdb\components\doors\dir.lqd18
\world\contentdb\components\elevators\dir.lqd18
\world\contentdb\components\emitters\dir.lqd18
\world\contentdb\components\fx\dir.lqd18
\world\contentdb\components\generators\dir.lqd18
\world\contentdb\components\generic\dir.lqd18
\world\contentdb\components\levers\dir.lqd18
\world\contentdb\components\map_specific\dir.lqd18
\world\contentdb\components\spells\dir.lqd18
\world\contentdb\components\test\dir.lqd18
\world\contentdb\components\traps\dir.lqd18
\world\contentdb\components\weapons\dir.lqd18
\world\global\sounds\dir.lqd18
\world\contentdb\templates\dir.lqd18
\world\contentdb\templates\elite\dir.lqd18
\world\contentdb\templates\elite\actors\dir.lqd18
\world\contentdb\templates\elite\actors\ambient\dir.lqd18
\world\contentdb\templates\elite\actors\evil\dir.lqd18
\world\contentdb\templates\elite\actors\evil\a\dir.lqd18
\world\contentdb\templates\elite\actors\evil\b\dir.lqd18
\world\contentdb\templates\elite\actors\evil\c\dir.lqd18
\world\contentdb\templates\elite\actors\evil\d\dir.lqd18
\world\contentdb\templates\elite\actors\good\dir.lqd18
\world\contentdb\templates\elite\actors\good\npc\dir.lqd18
\world\contentdb\templates\elite\generators\dir.lqd18
\world\contentdb\templates\elite\interactive\dir.lqd18
\world\contentdb\templates\elite\interactive\containers\dir.lqd18
\world\contentdb\templates\regular\dir.lqd18
\world\contentdb\templates\regular\_core\dir.lqd18
\world\contentdb\templates\regular\_core\templates.gas
\world\contentdb\templates\regular\actors\dir.lqd18
\world\contentdb\templates\regular\actors\ambient\dir.lqd18
\world\contentdb\templates\regular\actors\evil\dir.lqd18
\world\contentdb\templates\regular\actors\evil\a\dir.lqd18
\world\contentdb\templates\regular\actors\evil\b\dir.lqd18
\world\contentdb\templates\regular\actors\evil\c\dir.lqd18
\world\contentdb\templates\regular\actors\evil\d\dir.lqd18
\world\contentdb\templates\regular\actors\good\dir.lqd18
\world\contentdb\templates\regular\actors\good\npc\dir.lqd18
\world\contentdb\templates\regular\command\dir.lqd18
\world\contentdb\templates\regular\command\cmd_dev.gas
\world\contentdb\templates\regular\command\cmd_fx.gas
\world\contentdb\templates\regular\command\cmd_general.gas
\world\contentdb\templates\regular\command\cmd_specialized.gas
\world\contentdb\templates\regular\dev\dir.lqd18
\world\contentdb\templates\regular\dev\dev.gas
\world\contentdb\templates\regular\dev\test.gas
\world\contentdb\templates\regular\generators\dir.lqd18
\world\contentdb\templates\regular\interactive\dir.lqd18
\world\contentdb\templates\regular\interactive\containers\dir.lqd18
\world\contentdb\templates\regular\map_specific\dir.lqd18
\world\contentdb\templates\regular\map_specific\competitive\dir.lqd18
\world\contentdb\templates\regular\non_interactive\dir.lqd18
\world\contentdb\templates\regular\special\dir.lqd18
\world\contentdb\templates\regular\test_stress\dir.lqd18
\world\contentdb\templates\regular\ui\dir.lqd18
\world\contentdb\templates\veteran\dir.lqd18
\world\contentdb\templates\veteran\actors\dir.lqd18
\world\contentdb\templates\veteran\actors\ambient\dir.lqd18
\world\contentdb\templates\veteran\actors\evil\dir.lqd18
\world\contentdb\templates\veteran\actors\evil\a\dir.lqd18
\world\contentdb\templates\veteran\actors\evil\b\dir.lqd18
\world\contentdb\templates\veteran\actors\evil\c\dir.lqd18
\world\contentdb\templates\veteran\actors\evil\d\dir.lqd18
\world\contentdb\templates\veteran\actors\good\dir.lqd18
\world\contentdb\templates\veteran\actors\good\npc\dir.lqd18
\world\contentdb\templates\veteran\generators\dir.lqd18
\world\contentdb\templates\veteran\interactive\dir.lqd18
\world\contentdb\templates\veteran\interactive\containers\dir.lqd18
\world\contentdb\components\chests\base_chest.skrit
\world\contentdb\components\commands\cmd_ai_dojob.skrit
\world\contentdb\components\commands\cmd_animation_command.skrit
\world\contentdb\components\commands\cmd_auto_save.skrit
\world\contentdb\components\commands\cmd_camera_command.skrit
\world\contentdb\components\commands\cmd_camera_move.skrit
\world\contentdb\components\commands\cmd_camera_waypoint.skrit
\world\contentdb\components\commands\cmd_delete_object.skrit
\world\contentdb\components\commands\cmd_dumb_guy.skrit
\world\contentdb\components\commands\cmd_enter_nis.skrit
\world\contentdb\components\commands\cmd_inv_changer.skrit
\world\contentdb\components\commands\cmd_leave_nis.skrit
\world\contentdb\components\commands\cmd_party.skrit
\world\contentdb\components\commands\cmd_party_wrangler.skrit
\world\contentdb\components\commands\cmd_report_gameplay_screen_player.skrit
\world\contentdb\components\commands\cmd_selection_toggle.skrit
\world\contentdb\components\commands\cmd_send_world_message.skrit
\world\contentdb\components\commands\cmd_steam_puzzle.skrit
\world\contentdb\components\commands\cmd_texture.skrit
\world\contentdb\components\dev\dev_console.skrit
\world\contentdb\components\dev\dev_path_point.skrit
\world\contentdb\components\doors\door_basic.skrit
\world\contentdb\components\elevators\elevator_2s_1c_1n.skrit
\world\contentdb\components\elevators\elevator_2s_1c_1n_act_deact.skrit
\world\contentdb\components\elevators\elevator_2s_1c_2n.skrit
\world\contentdb\components\elevators\elevator_2s_2c_1n.skrit
\world\contentdb\components\elevators\elevator_2s_2c_2n.skrit
\world\contentdb\components\elevators\elevator_2s_3c_1n.skrit
\world\contentdb\components\elevators\elevator_2s_4c_2n.skrit
\world\contentdb\components\elevators\elevator_3s_1c_1n.skrit
\world\contentdb\components\elevators\elevator_3s_2c_1n.skrit
\world\contentdb\components\elevators\elevator_hidden_stairwell.skrit
\world\contentdb\components\elevators\elevator_hidden_stairwell_act_deact.skrit
\world\contentdb\components\elevators\elevator_instant_1c.skrit
\world\contentdb\components\elevators\elevator_instant_4s_1c.skrit
\world\contentdb\components\emitters\fire_emitter.skrit
\world\global\skrits\k_inc_fire_emitter.skrit
\world\contentdb\components\emitters\fire_emitter_act.skrit
\world\contentdb\components\emitters\fireball_emitter.skrit
\world\contentdb\components\emitters\generic_emitter.skrit
\world\global\skrits\k_inc_generic_emitter.skrit
\world\contentdb\components\emitters\generic_emitter_act.skrit
\world\contentdb\components\emitters\glow_emitter.skrit
\world\contentdb\components\emitters\glow_emitter_act.skrit
\world\contentdb\components\emitters\go_emitter.skrit
\world\contentdb\components\emitters\particle_emitter.skrit
\world\global\skrits\k_inc_particle_emitter.skrit
\world\contentdb\components\emitters\particle_emitter_act.skrit
\world\contentdb\components\emitters\sound_emitter.skrit
\world\contentdb\components\emitters\sound_emitter_act.skrit
\world\contentdb\components\emitters\spark_emitter.skrit
\world\contentdb\components\fx\animate_object.skrit
\world\contentdb\components\fx\camera_quake.skrit
\world\contentdb\components\fx\camera_stomp.skrit
\world\contentdb\components\fx\decal_fade.skrit
\world\contentdb\components\fx\effect_manager.skrit
\world\contentdb\components\fx\effect_manager_server.skrit
\world\contentdb\components\fx\gom_effects.skrit
\world\contentdb\components\fx\guts_manager.skrit
\world\contentdb\components\fx\light_colorwave.skrit
\world\contentdb\components\fx\light_enable.skrit
\world\contentdb\components\fx\light_flicker.skrit
\world\contentdb\components\fx\light_flicker_lightweight.skrit
\world\contentdb\components\fx\nodal_tex_anim.skrit
\world\contentdb\components\fx\nodal_tex_swap.skrit
\world\contentdb\components\fx\tsd_manager.skrit
\world\contentdb\components\fx\water_effects.skrit
\world\contentdb\components\generators\generator_advanced_a2.skrit
\world\contentdb\components\generators\generator_auto_object_exploding.skrit
\world\contentdb\components\generators\generator_basic.skrit
\world\contentdb\components\generators\generator_breakable.skrit
\world\contentdb\components\generators\generator_cage.skrit
\world\contentdb\components\generators\generator_dumb_guy.skrit
\world\contentdb\components\generators\generator_in_object.skrit
\world\contentdb\components\generators\generator_object_exploding.skrit
\world\contentdb\components\generators\generator_object_pcontent.skrit
\world\contentdb\components\generators\generator_random.skrit
\world\contentdb\components\generic\activate_chapter.skrit
\world\contentdb\components\generic\alignment_switcher.skrit
\world\contentdb\components\generic\attach_robo.skrit
\world\contentdb\components\generic\breaking_object.skrit
\world\contentdb\components\generic\check_bool.skrit
\world\contentdb\components\generic\check_level.skrit
\world\contentdb\components\generic\check_quest.skrit
\world\contentdb\components\generic\chipper.skrit
\world\contentdb\components\generic\clone_preloader.skrit
\world\contentdb\components\generic\enchantment_manager.skrit
\world\contentdb\components\generic\experience_award.skrit
\world\contentdb\components\generic\fountain.skrit
\world\contentdb\components\generic\freeze_manager.skrit
\world\contentdb\components\generic\generic_accumtrigger.skrit
\world\contentdb\components\generic\generic_objblock.skrit
\world\contentdb\components\generic\interface_fade.skrit
\world\contentdb\components\generic\msg_switch.skrit
\world\contentdb\components\generic\object_selection_toggle.skrit
\world\contentdb\components\generic\on_client.skrit
\world\contentdb\components\generic\play_chapter_sound.skrit
\world\contentdb\components\generic\point_snapper.skrit
\world\contentdb\components\generic\position_sync.skrit
\world\contentdb\components\generic\respawn_shrine.skrit
\world\contentdb\components\generic\screen_report.skrit
\world\contentdb\components\generic\self_destruct.skrit
\world\contentdb\components\generic\set_bool.skrit
\world\contentdb\components\generic\tip.skrit
\world\contentdb\components\generic\vis_toggle.skrit
\world\contentdb\components\levers\locked.skrit
\world\contentdb\components\levers\on_off_lever.skrit
\world\contentdb\components\map_specific\competitive\gremal_reward.skrit
\world\contentdb\components\spells\spell.skrit
\world\contentdb\components\spells\spell_area_effect.skrit
\world\contentdb\components\spells\spell_balance.skrit
\world\global\skrits\k_inc_spl_utils.skrit
\world\contentdb\components\spells\spell_body_bomb.skrit
\world\contentdb\components\spells\spell_chain_attack.skrit
\world\contentdb\components\spells\spell_charm.skrit
\world\contentdb\components\spells\spell_damage_volume.skrit
\world\contentdb\components\spells\spell_death_explosion.skrit
\world\contentdb\components\spells\spell_deathrain.skrit
\world\contentdb\components\spells\spell_default.skrit
\world\contentdb\components\spells\spell_fire.skrit
\world\contentdb\components\spells\spell_freak.skrit
\world\contentdb\components\spells\spell_freeze.skrit
\world\contentdb\components\spells\spell_instant_hit.skrit
\world\contentdb\components\spells\spell_launch.skrit
\world\contentdb\components\spells\spell_lightning.skrit
\world\contentdb\components\spells\spell_mass_control.skrit
\world\contentdb\components\spells\spell_mass_enchant.skrit
\world\contentdb\components\spells\spell_multiple_hit.skrit
\world\contentdb\components\spells\spell_penalty.skrit
\world\contentdb\components\spells\spell_polymorph.skrit
\world\contentdb\components\spells\spell_reactive_armor.skrit
\world\contentdb\components\spells\spell_resurrect.skrit
\world\contentdb\components\spells\spell_return_summoned.skrit
\world\contentdb\components\spells\spell_status_effect.skrit
\world\contentdb\components\spells\spell_summon.skrit
\world\contentdb\components\spells\spell_summon_multiple.skrit
\world\contentdb\components\spells\spell_summon_random.skrit
\world\contentdb\components\spells\spell_switch_alignment.skrit
\world\contentdb\components\spells\spell_transmute.skrit
\world\contentdb\components\spells\spell_turret.skrit
\world\contentdb\components\test\test_marker.skrit
\world\contentdb\components\test\test_timer.skrit
\world\contentdb\components\traps\trapped.skrit
\world\contentdb\components\traps\trp_explosion.skrit
\world\contentdb\components\traps\trp_firetrap.skrit
\world\contentdb\components\traps\trp_launch.skrit
\world\contentdb\components\traps\trp_lightning.skrit
\world\contentdb\components\traps\trp_particle.skrit
\world\contentdb\components\traps\trp_trackball.skrit
\world\contentdb\components\weapons\minigun_magic.skrit
\world\contentdb\pcontent.skrit
\world\global\siege_nodes\dir.lqd18
\world\global\siege_nodes\captured_fort\dir.lqd18
\world\global\siege_nodes\castle_ehb\dir.lqd18
\world\global\siege_nodes\crypt_1\dir.lqd18
\world\global\siege_nodes\custom_dungeon_1\dir.lqd18
\world\global\siege_nodes\desert_canyon\dir.lqd18
\world\global\siege_nodes\dungeon_1\dir.lqd18
\world\global\siege_nodes\dungeon_2\dir.lqd18
\world\global\siege_nodes\dwarven_mines\dir.lqd18
\world\global\siege_nodes\farmhouse\dir.lqd18
\world\global\siege_nodes\forest_1\dir.lqd18
\world\global\siege_nodes\fury_den\dir.lqd18
\world\global\siege_nodes\garden\dir.lqd18
\world\global\siege_nodes\generic\dir.lqd18
\world\global\siege_nodes\goblin_inventor\dir.lqd18
\world\global\siege_nodes\gom_lair\dir.lqd18
\world\global\siege_nodes\grass_1\dir.lqd18
\world\global\siege_nodes\grass_2\dir.lqd18
\world\global\siege_nodes\gypsy_tents\dir.lqd18
\world\global\siege_nodes\ice_caves\dir.lqd18
\world\global\siege_nodes\lakeshore_1\dir.lqd18
\world\global\siege_nodes\lava_cavern\dir.lqd18
\world\global\siege_nodes\northern_town\dir.lqd18
\world\global\siege_nodes\northern_town\level_01\dir.lqd18
\world\global\siege_nodes\northern_town\level_02\dir.lqd18
\world\global\siege_nodes\northern_town\level_03\dir.lqd18
\world\global\siege_nodes\seashore_1\dir.lqd18
\world\global\siege_nodes\secret_lair\dir.lqd18
\world\global\siege_nodes\siegedtown\dir.lqd18
\world\global\siege_nodes\snow_2\dir.lqd18
\world\global\siege_nodes\snow_customs\dir.lqd18
\world\global\siege_nodes\spider_dungeon\dir.lqd18
\world\global\siege_nodes\spiral_ledge\dir.lqd18
\world\global\siege_nodes\subterranean_river\dir.lqd18
\world\global\siege_nodes\subterranean_river\level_01\dir.lqd18
\world\global\siege_nodes\subterranean_river\level_02\dir.lqd18
\world\global\siege_nodes\swamp\dir.lqd18
\world\global\siege_nodes\teleport_hub\dir.lqd18
\world\global\siege_nodes\testnodes\dir.lqd18
\art\bitmaps\gui\setup\dir.lqd18
\art\bitmaps\gui\setup\b_gui_s_notfound.%img%
\ui\dir.lqd18
\ui\interfaces\dir.lqd18
\ui\interfaces\common\dir.lqd18
\art\bitmaps\gui\common\dir.lqd18
\art\bitmaps\gui\common\b_gui_cmn_button4_center_dwn.%img%
\art\bitmaps\gui\common\b_gui_cmn_button4_center_hov.%img%
\art\bitmaps\gui\common\b_gui_cmn_button4_center_up.%img%
\art\bitmaps\gui\common\b_gui_cmn_button4_lt_dwn.%img%
\art\bitmaps\gui\common\b_gui_cmn_button4_lt_hov.%img%
\art\bitmaps\gui\common\b_gui_cmn_button4_lt_up.%img%
\art\bitmaps\gui\common\b_gui_cmn_button4_rt_dwn.%img%
\art\bitmaps\gui\common\b_gui_cmn_button4_rt_hov.%img%
\art\bitmaps\gui\common\b_gui_cmn_button4_rt_up.%img%
\art\bitmaps\gui\common\b_gui_cmn_button5_center_dwn.%img%
\art\bitmaps\gui\common\b_gui_cmn_button5_center_hov.%img%
\art\bitmaps\gui\common\b_gui_cmn_button5_center_up.%img%
\art\bitmaps\gui\common\b_gui_cmn_button5_lt_dwn.%img%
\art\bitmaps\gui\common\b_gui_cmn_button5_lt_hov.%img%
\art\bitmaps\gui\common\b_gui_cmn_button5_lt_up.%img%
\art\bitmaps\gui\common\b_gui_cmn_button5_rt_dwn.%img%
\art\bitmaps\gui\common\b_gui_cmn_button5_rt_hov.%img%
\art\bitmaps\gui\common\b_gui_cmn_button5_rt_up.%img%
\art\bitmaps\gui\common\b_gui_cmn_button_dbldwn_dwn.%img%
\art\bitmaps\gui\common\b_gui_cmn_button_dbldwn_hov.%img%
\art\bitmaps\gui\common\b_gui_cmn_button_dbldwn_up.%img%
\art\bitmaps\gui\common\b_gui_cmn_button_dblup_dwn.%img%
\art\bitmaps\gui\common\b_gui_cmn_button_dblup_hov.%img%
\art\bitmaps\gui\common\b_gui_cmn_button_dblup_up.%img%
\art\bitmaps\gui\common\b_gui_cmn_button_down_down.%img%
\art\bitmaps\gui\common\b_gui_cmn_button_down_hov.%img%
\art\bitmaps\gui\common\b_gui_cmn_button_down_up.%img%
\art\bitmaps\gui\common\b_gui_cmn_button_left_down.%img%
\art\bitmaps\gui\common\b_gui_cmn_button_left_hov.%img%
\art\bitmaps\gui\common\b_gui_cmn_button_left_up.%img%
\art\bitmaps\gui\common\b_gui_cmn_button_replay_dis.%img%
\art\bitmaps\gui\common\b_gui_cmn_button_replay_down.%img%
\art\bitmaps\gui\common\b_gui_cmn_button_replay_hov.%img%
\art\bitmaps\gui\common\b_gui_cmn_button_replay_up.%img%
\art\bitmaps\gui\common\b_gui_cmn_button_right_down.%img%
\art\bitmaps\gui\common\b_gui_cmn_button_right_hov.%img%
\art\bitmaps\gui\common\b_gui_cmn_button_right_up.%img%
\art\bitmaps\gui\common\b_gui_cmn_button_smallx_dwn.%img%
\art\bitmaps\gui\common\b_gui_cmn_button_smallx_hov.%img%
\art\bitmaps\gui\common\b_gui_cmn_button_smallx_up.%img%
\art\bitmaps\gui\in_game\menus\b_gui_ig_mnu_red_slash.%img%
\art\bitmaps\gui\common\b_gui_cmn_button_soundoff_down.%img%
\art\bitmaps\gui\common\b_gui_cmn_button_soundoff_hov.%img%
\art\bitmaps\gui\common\b_gui_cmn_button_soundoff_up.%img%
\art\bitmaps\gui\common\b_gui_cmn_button_soundon_down.%img%
\art\bitmaps\gui\common\b_gui_cmn_button_soundon_hov.%img%
\art\bitmaps\gui\common\b_gui_cmn_button_soundon_up.%img%
\art\bitmaps\gui\common\b_gui_cmn_button_stop_dwn.%img%
\art\bitmaps\gui\common\b_gui_cmn_button_stop_hov.%img%
\art\bitmaps\gui\common\b_gui_cmn_button_stop_up.%img%
\art\bitmaps\gui\common\b_gui_cmn_button_up_down.%img%
\art\bitmaps\gui\common\b_gui_cmn_button_up_hov.%img%
\art\bitmaps\gui\common\b_gui_cmn_button_up_up.%img%
\art\bitmaps\gui\common\b_gui_cmn_cpbox_ll.%img%
\art\bitmaps\gui\common\b_gui_cmn_cpbox_lr.%img%
\art\bitmaps\gui\common\b_gui_cmn_cpbox_bot.%img%
\art\bitmaps\gui\common\b_gui_cmn_box_alpha_154.%img%
\art\bitmaps\gui\common\b_gui_cmn_cpbox_l.%img%
\art\bitmaps\gui\common\b_gui_cmn_cpbox_r.%img%
\art\bitmaps\gui\common\b_gui_cmn_cpbox3_ll.%img%
\art\bitmaps\gui\common\b_gui_cmn_cpbox3_lr.%img%
\art\bitmaps\gui\common\b_gui_cmn_cpbox3_bot.%img%
\art\bitmaps\gui\common\b_gui_cmn_cpbox4_ll.%img%
\art\bitmaps\gui\common\b_gui_cmn_cpbox4_lr.%img%
\art\bitmaps\gui\common\b_gui_cmn_cpbox4_bot.%img%
\art\bitmaps\gui\common\b_gui_cmn_box_alpha_255.%img%
\art\bitmaps\gui\common\b_gui_cmn_cpbox4_l.%img%
\art\bitmaps\gui\common\b_gui_cmn_cpbox4_r.%img%
\art\bitmaps\gui\common\b_gui_cmn_cpbox4_ul.%img%
\art\bitmaps\gui\common\b_gui_cmn_cpbox4_ur.%img%
\art\bitmaps\gui\common\b_gui_cmn_cpbox4_top.%img%
\art\bitmaps\gui\common\b_gui_cmn_cpbox3_l.%img%
\art\bitmaps\gui\common\b_gui_cmn_cpbox3_r.%img%
\art\bitmaps\gui\common\b_gui_cmn_cpbox3_ul.%img%
\art\bitmaps\gui\common\b_gui_cmn_cpbox3_ur.%img%
\art\bitmaps\gui\common\b_gui_cmn_cpbox3_top.%img%
\art\bitmaps\gui\common\b_gui_cmn_cpbox_ul.%img%
\art\bitmaps\gui\common\b_gui_cmn_cpbox_ur.%img%
\art\bitmaps\gui\common\b_gui_cmn_cpbox_top.%img%
\art\bitmaps\gui\common\b_gui_cmn_cpbox2_ll.%img%
\art\bitmaps\gui\common\b_gui_cmn_cpbox2_lr.%img%
\art\bitmaps\gui\common\b_gui_cmn_cpbox2_bot.%img%
\art\bitmaps\gui\common\b_gui_cmn_cpbox2_l.%img%
\art\bitmaps\gui\common\b_gui_cmn_cpbox2_r.%img%
\art\bitmaps\gui\common\b_gui_cmn_cpbox2_ul.%img%
\art\bitmaps\gui\common\b_gui_cmn_cpbox2_ur.%img%
\art\bitmaps\gui\common\b_gui_cmn_cpbox2_top.%img%
\art\bitmaps\gui\common\b_gui_cmn_chatbox_bg.%img%
\art\bitmaps\gui\common\b_gui_cmn_listreport_tiled_bg.%img%
\art\bitmaps\gui\common\b_gui_cmn_slider_selection.%img%
\art\bitmaps\gui\common\b_gui_cmn_textbox_bg.%img%
\art\bitmaps\gui\common\b_gui_cmn_header_bg.%img%
\art\bitmaps\gui\common\b_gui_cmn_header_icon_down.%img%
\art\bitmaps\gui\common\b_gui_cmn_header_icon_up.%img%
\art\bitmaps\gui\common\b_gui_cmn_header_seperator.%img%
\art\bitmaps\gui\common\b_gui_cmn_jbox_ll.%img%
\art\bitmaps\gui\common\b_gui_cmn_jbox_lr.%img%
\art\bitmaps\gui\common\b_gui_cmn_jbox_bot.%img%
\art\bitmaps\gui\common\b_gui_cmn_jbox_fill.%img%
\art\bitmaps\gui\common\b_gui_cmn_jbox_l.%img%
\art\bitmaps\gui\common\b_gui_cmn_jbox_r.%img%
\art\bitmaps\gui\common\b_gui_cmn_jbox_ul.%img%
\art\bitmaps\gui\common\b_gui_cmn_jbox_ur.%img%
\art\bitmaps\gui\common\b_gui_cmn_jbox_top.%img%
\art\bitmaps\gui\common\b_gui_cmn_selection.%img%
\art\bitmaps\gui\common\b_gui_cmn_crystal_mid.%img%
\art\bitmaps\gui\common\b_gui_cmn_crystal_off_dwn.%img%
\art\bitmaps\gui\common\b_gui_cmn_crystal_off_hov.%img%
\art\bitmaps\gui\common\b_gui_cmn_crystal_off_up.%img%
\art\bitmaps\gui\common\b_gui_cmn_crystal_on_up.%img%
\art\bitmaps\gui\common\b_gui_cmn_slider_bg.%img%
\art\bitmaps\gui\common\b_gui_cmn_slider_bg_horizontal.%img%
\art\bitmaps\gui\common\b_gui_cmn_slider_button_up_bottom.%img%
\art\bitmaps\gui\common\b_gui_cmn_slider_button_up_mid.%img%
\art\bitmaps\gui\common\b_gui_cmn_slider_button_up_top.%img%
\art\bitmaps\gui\common\b_gui_cmn_track_button_up.%img%
\art\bitmaps\gui\common\b_gui_cmn_track_center.%img%
\art\bitmaps\gui\common\b_gui_cmn_track_lt_side.%img%
\art\bitmaps\gui\common\b_gui_cmn_track_rt_side.%img%
\art\bitmaps\gui\common\b_gui_cmn_brd_01_ll.%img%
\art\bitmaps\gui\common\b_gui_cmn_brd_01_lr.%img%
\art\bitmaps\gui\common\b_gui_cmn_brd_01_bot.%img%
\art\bitmaps\gui\common\b_gui_cmn_brd_01_l.%img%
\art\bitmaps\gui\common\b_gui_cmn_brd_01_r.%img%
\art\bitmaps\gui\common\b_gui_cmn_brd_01_ul.%img%
\art\bitmaps\gui\common\b_gui_cmn_brd_01_ur.%img%
\art\bitmaps\gui\common\b_gui_cmn_brd_01_top.%img%
\art\bitmaps\gui\common\b_gui_cmn_button_x_down.%img%
\art\bitmaps\gui\common\b_gui_cmn_button_x_hov.%img%
\art\bitmaps\gui\common\b_gui_cmn_button_x_up.%img%
\art\bitmaps\gui\cursors\dir.lqd18
\art\bitmaps\gui\cursors\b_gui_c_select_wht.%img%
\art\bitmaps\gui\cursors\b_gui_c_select_wht_fill.%img%
\ui\fonts\dir.lqd18
\art\bitmaps\gui\fonts\dir.lqd18
\art\bitmaps\gui\fonts\b_gui_fnt_12p_copperplate-light.%img%
\ui\config\dir.lqd18
\ui\config\preload_textures\dir.lqd18
\art\bitmaps\gui\front_end\dir.lqd18
\art\bitmaps\gui\front_end\menus\dir.lqd18
\art\bitmaps\gui\front_end\menus\main\dir.lqd18
\art\bitmaps\gui\front_end\menus\main\b_gui_fe_m_mn_3d_background-01.%img%
\art\bitmaps\gui\front_end\menus\main\b_gui_fe_m_mn_3d_background-02.%img%
\art\bitmaps\gui\front_end\menus\main\b_gui_fe_m_mn_3d_background-03.%img%
\art\bitmaps\gui\front_end\menus\main\b_gui_fe_m_mn_3d_background-04.%img%
\art\bitmaps\gui\front_end\menus\main\b_gui_fe_m_mn_3d_background-05.%img%
\art\bitmaps\gui\front_end\menus\main\b_gui_fe_m_mn_3d_background-06.%img%
\art\bitmaps\gui\front_end\menus\main\b_gui_fe_m_mn_3d_background-07.%img%
\art\bitmaps\gui\front_end\menus\main\b_gui_fe_m_mn_3d_background-08.%img%
\art\bitmaps\gui\front_end\menus\main\b_gui_fe_m_mn_3d_background-09.%img%
\art\bitmaps\gui\front_end\menus\main\b_gui_fe_m_mn_3d_columns.%img%
\art\bitmaps\gui\front_end\menus\main\b_gui_fe_m_mn_3d_doors-01.%img%
\art\bitmaps\gui\front_end\menus\main\b_gui_fe_m_mn_3d_doors-02.%img%
\art\bitmaps\gui\front_end\menus\main\b_gui_fe_m_mn_3d_doors-03.%img%
\art\bitmaps\gui\front_end\menus\main\b_gui_fe_m_mn_3d_doors-04.%img%
\art\bitmaps\gui\front_end\menus\main\b_gui_fe_m_mn_3d_exitback.%img%
\art\bitmaps\gui\front_end\menus\main\b_gui_fe_m_mn_3d_exitback-down.%img%
\art\bitmaps\gui\front_end\menus\main\b_gui_fe_m_mn_3d_exitback-up.%img%
\art\bitmaps\gui\front_end\menus\main\b_gui_fe_m_mn_3d_heromenu.%img%
\art\bitmaps\gui\front_end\menus\main\b_gui_fe_m_mn_3d_heromenu-down.%img%
\art\bitmaps\gui\front_end\menus\main\b_gui_fe_m_mn_3d_heromenu-up.%img%
\art\bitmaps\gui\front_end\menus\main\b_gui_fe_m_mn_3d_mainmenu.%img%
\art\bitmaps\gui\front_end\menus\main\b_gui_fe_m_mn_3d_menubars.%img%
\art\bitmaps\gui\front_end\menus\main\b_gui_fe_m_mn_3d_menubars-down.%img%
\art\bitmaps\gui\front_end\menus\main\b_gui_fe_m_mn_3d_menubars-up.%img%
\art\bitmaps\gui\front_end\menus\main\b_gui_fe_m_mn_3d_text-01l.%img%
\art\bitmaps\gui\front_end\menus\main\b_gui_fe_m_mn_3d_text-01r.%img%
\art\bitmaps\gui\front_end\menus\main\b_gui_fe_m_mn_3d_text-02l.%img%
\art\bitmaps\gui\front_end\menus\main\b_gui_fe_m_mn_3d_text-02r.%img%
\art\bitmaps\gui\front_end\menus\main\b_gui_fe_m_mn_3d_text-menubars1.%img%
\art\bitmaps\gui\front_end\menus\main\b_gui_fe_m_mn_3d_text-menubars1-down.%img%
\art\bitmaps\gui\front_end\menus\main\b_gui_fe_m_mn_3d_text-menubars1-up.%img%
\art\bitmaps\gui\front_end\menus\main\b_gui_fe_m_mn_3d_text-menubars2.%img%
\art\bitmaps\gui\front_end\menus\main\b_gui_fe_m_mn_3d_text-menubars2-down.%img%
\art\bitmaps\gui\front_end\menus\main\b_gui_fe_m_mn_3d_text-menubars2-up.%img%
\art\bitmaps\gui\front_end\menus\main\b_gui_fe_m_mn_3d_text-menubars3.%img%
\art\bitmaps\gui\front_end\menus\main\b_gui_fe_m_mn_3d_text-menubars3-down.%img%
\art\bitmaps\gui\front_end\menus\main\b_gui_fe_m_mn_3d_text-menubars3-up.%img%
\art\bitmaps\gui\front_end\menus\main\b_gui_fe_m_mn_3d_text-small.%img%
\art\bitmaps\gui\front_end\menus\main\b_gui_fe_m_mn_3d_text-small-down.%img%
\art\bitmaps\gui\front_end\menus\main\b_gui_fe_m_mn_3d_text-small-up.%img%
\art\bitmaps\gui\front_end\menus\main\b_gui_fe_m_mn_3d_shadows.%img%
\art\bitmaps\gui\front_end\menus\main\b_gui_fe_m_mn_3d_loadmap.%img%
\art\bitmaps\gui\front_end\menus\main\b_gui_fe_m_mn_3d_logo-eg.%img%
\art\bitmaps\gui\front_end\menus\main\b_gui_fe_m_mn_3d_logo-sword.%img%
\art\bitmaps\gui\front_end\menus\main\b_gui_fe_m_mn_3d_logo-upper-right.%img%
\art\bitmaps\gui\front_end\menus\main\b_gui_fe_m_mn_3d_logo-lower-left.%img%
\art\bitmaps\gui\front_end\menus\main\b_gui_fe_m_mn_3d_logo-lower-middle.%img%
\art\bitmaps\gui\front_end\menus\main\b_gui_fe_m_mn_3d_logo-lower-right.%img%
\art\bitmaps\gui\front_end\menus\main\b_gui_fe_m_mn_3d_logo-upper-left.%img%
\art\bitmaps\gui\front_end\menus\main\b_gui_fe_m_mn_3d_logo-upper-middle.%img%
\art\meshes\gui\front_end\menus\main\m_gui_fe_m_mn_3d_backdrop.asp
\art\meshes\gui\front_end\menus\main\m_gui_fe_m_mn_3d_mainmenu.asp
\art\animations\skrits\ui_transition.skrit
\art\animations\gui\front_end\menus\main\a_gui_fe_m_mn_3d_mainmenu_default.prs
\art\animations\gui\front_end\menus\main\a_gui_fe_m_mn_3d_mainmenu_begin.prs
\art\animations\gui\front_end\menus\main\a_gui_fe_m_mn_3d_mainmenu_flyin.prs
\art\animations\gui\front_end\menus\main\a_gui_fe_m_mn_3d_mainmenu_down.prs
\art\animations\gui\front_end\menus\main\a_gui_fe_m_mn_3d_mainmenu_up.prs
\art\animations\gui\front_end\menus\main\a_gui_fe_m_mn_3d_mainmenu_mm2sp.prs
\art\animations\gui\front_end\menus\main\a_gui_fe_m_mn_3d_mainmenu_sng2sp.prs
\art\animations\gui\front_end\menus\main\a_gui_fe_m_mn_3d_mainmenu_sp2mm.prs
\art\animations\gui\front_end\menus\main\a_gui_fe_m_mn_3d_mainmenu_sp2sng.prs
\art\animations\gui\front_end\menus\main\a_gui_fe_m_mn_3d_mainmenu_dsm2mp.prs
\art\animations\gui\front_end\menus\main\a_gui_fe_m_mn_3d_mainmenu_lg2sp.prs
\art\animations\gui\front_end\menus\main\a_gui_fe_m_mn_3d_mainmenu_lm2sng.prs
\art\animations\gui\front_end\menus\main\a_gui_fe_m_mn_3d_mainmenu_mm2mp.prs
\art\animations\gui\front_end\menus\main\a_gui_fe_m_mn_3d_mainmenu_mp2dsm.prs
\art\animations\gui\front_end\menus\main\a_gui_fe_m_mn_3d_mainmenu_mp2mm.prs
\art\animations\gui\front_end\menus\main\a_gui_fe_m_mn_3d_mainmenu_sng2lm.prs
\art\animations\gui\front_end\menus\main\a_gui_fe_m_mn_3d_mainmenu_sp2lg.prs
\art\animations\gui\front_end\menus\main\a_gui_fe_m_mn_3d_mainmenu_lm2cd.prs
\art\animations\gui\front_end\menus\main\a_gui_fe_m_mn_3d_mainmenu_cd2lm.prs
\art\animations\gui\front_end\menus\main\a_gui_fe_m_mn_3d_mainmenu_sng2cd.prs
\art\animations\gui\front_end\menus\main\a_gui_fe_m_mn_3d_mainmenu_cd2sng.prs
\art\meshes\gui\front_end\menus\main\m_gui_fe_m_mn_3d_heromenu.asp
\art\animations\gui\front_end\menus\main\a_gui_fe_m_mn_3d_heromenu_default.prs
\art\animations\gui\front_end\menus\main\a_gui_fe_m_mn_3d_heromenu_begin.prs
\art\animations\gui\front_end\menus\main\a_gui_fe_m_mn_3d_heromenu_flyin.prs
\art\animations\gui\front_end\menus\main\a_gui_fe_m_mn_3d_heromenu_down.prs
\art\animations\gui\front_end\menus\main\a_gui_fe_m_mn_3d_heromenu_up.prs
\art\meshes\gui\front_end\menus\main\m_gui_fe_m_mn_3d_leftside.asp
\art\animations\gui\front_end\menus\main\a_gui_fe_m_mn_3d_leftside_default.prs
\art\animations\gui\front_end\menus\main\a_gui_fe_m_mn_3d_leftside_begin.prs
\art\animations\gui\front_end\menus\main\a_gui_fe_m_mn_3d_leftside_flyin.prs
\art\animations\gui\front_end\menus\main\a_gui_fe_m_mn_3d_leftside_owin.prs
\art\animations\gui\front_end\menus\main\a_gui_fe_m_mn_3d_leftside_cwin.prs
\art\meshes\gui\front_end\menus\main\m_gui_fe_m_mn_3d_menubars.asp
\art\animations\gui\front_end\menus\main\a_gui_fe_m_mn_3d_menubars_default.prs
\art\animations\gui\front_end\menus\main\a_gui_fe_m_mn_3d_menubars_begin.prs
\art\animations\gui\front_end\menus\main\a_gui_fe_m_mn_3d_menubars_flyin.prs
\art\animations\gui\front_end\menus\main\a_gui_fe_m_mn_3d_menubars_alldown.prs
\art\animations\gui\front_end\menus\main\a_gui_fe_m_mn_3d_menubars_allup.prs
\art\animations\gui\front_end\menus\main\a_gui_fe_m_mn_3d_menubars_mm2sp.prs
\art\animations\gui\front_end\menus\main\a_gui_fe_m_mn_3d_menubars_sp2mm.prs
\art\animations\gui\front_end\menus\main\a_gui_fe_m_mn_3d_menubars_sp-down.prs
\art\animations\gui\front_end\menus\main\a_gui_fe_m_mn_3d_menubars_sp-up.prs
\art\animations\gui\front_end\menus\main\a_gui_fe_m_mn_3d_menubars_mm2mp.prs
\art\animations\gui\front_end\menus\main\a_gui_fe_m_mn_3d_menubars_mp2mm.prs
\art\animations\gui\front_end\menus\main\a_gui_fe_m_mn_3d_menubars_lm2cd.prs
\art\animations\gui\front_end\menus\main\a_gui_fe_m_mn_3d_menubars_cd2lm.prs
\art\meshes\gui\front_end\menus\main\m_gui_fe_m_mn_3d_rightside.asp
\art\animations\gui\front_end\menus\main\a_gui_fe_m_mn_3d_rightside_default.prs
\art\animations\gui\front_end\menus\main\a_gui_fe_m_mn_3d_rightside_begin.prs
\art\animations\gui\front_end\menus\main\a_gui_fe_m_mn_3d_rightside_flyin.prs
\art\animations\gui\front_end\menus\main\a_gui_fe_m_mn_3d_rightside_close.prs
\art\animations\gui\front_end\menus\main\a_gui_fe_m_mn_3d_rightside_open.prs
\art\meshes\gui\front_end\menus\main\m_gui_fe_m_mn_3d_backbutton.asp
\art\animations\gui\front_end\menus\main\a_gui_fe_m_mn_3d_backbutton_begin.prs
\art\animations\gui\front_end\menus\main\a_gui_fe_m_mn_3d_backbutton_b2e.prs
\art\animations\gui\front_end\menus\main\a_gui_fe_m_mn_3d_backbutton_b2pn.prs
\art\animations\gui\front_end\menus\main\a_gui_fe_m_mn_3d_backbutton_pn2b.prs
\art\animations\gui\front_end\menus\main\a_gui_fe_m_mn_3d_backbutton_e2b.prs
\art\animations\gui\front_end\menus\main\a_gui_fe_m_mn_3d_backbutton_pn2ac.prs
\art\animations\gui\front_end\menus\main\a_gui_fe_m_mn_3d_backbutton_ac2pn.prs
\art\animations\gui\front_end\menus\main\a_gui_fe_m_mn_3d_backbutton_b2ac.prs
\art\animations\gui\front_end\menus\main\a_gui_fe_m_mn_3d_backbutton_ac2b.prs
\art\meshes\gui\front_end\menus\main\m_gui_fe_m_mn_3d_loadmap.asp
\art\animations\gui\front_end\menus\main\a_gui_fe_m_mn_3d_loadmap_down.prs
\art\animations\gui\front_end\menus\main\a_gui_fe_m_mn_3d_loadmap_up.prs
\art\animations\gui\front_end\menus\main\a_gui_fe_m_mn_3d_loadmap_down2.prs
\art\animations\gui\front_end\menus\main\a_gui_fe_m_mn_3d_loadmap_up2.prs
\art\meshes\gui\front_end\menus\main\m_gui_fe_m_mn_3d_logo.asp
\art\animations\gui\front_end\menus\main\a_gui_fe_m_mn_3d_logo-enter.prs
\art\animations\gui\front_end\menus\main\a_gui_fe_m_mn_3d_logo-exit.prs
\art\meshes\characters\good_a_heroes\farmboy\m_c_gah_fb_pos_a1.asp
\art\bitmaps\characters\dir.lqd18
\art\bitmaps\characters\good_a_heroes\dir.lqd18
\art\bitmaps\characters\good_a_heroes\farmboy\dir.lqd18
\art\bitmaps\characters\body_armor\dir.lqd18
\art\bitmaps\characters\body_armor\type1\dir.lqd18
\world\ai\jobs\common\job_attack_object.skrit
\world\ai\jobs\common\k_job_c_attack_utils.skrit
\world\ai\jobs\common\job_attack_object_melee.skrit
\world\ai\jobs\common\k_job_c_mcp_attack_utils.skrit
\world\ai\jobs\common\k_job_c_mcp_fidget_utils.skrit
\world\ai\jobs\common\job_attack_object_ranged.skrit
\world\ai\jobs\common\job_attack_position.skrit
\world\ai\jobs\common\job_attack_position_ranged.skrit
\world\ai\jobs\common\brain_hero.skrit
\world\ai\jobs\common\job_cast.skrit
\world\ai\jobs\common\job_cast_position.skrit
\world\ai\jobs\common\job_die.skrit
\world\ai\jobs\common\job_do_se_command.skrit
\world\ai\jobs\common\job_drink.skrit
\world\ai\jobs\common\job_drop.skrit
\world\ai\jobs\common\job_equip.skrit
\world\ai\jobs\common\job_face.skrit
\world\ai\jobs\common\job_fidget.skrit
\world\ai\jobs\common\job_flee_from_object.skrit
\world\ai\jobs\common\job_follow.skrit
\world\ai\jobs\common\k_job_c_mcp_path_utils.skrit
\world\ai\jobs\common\job_gain_consciousness.skrit
\world\ai\jobs\common\job_get.skrit
\world\ai\jobs\common\job_give.skrit
\world\ai\jobs\common\job_guard.skrit
\world\ai\jobs\common\job_listen.skrit
\world\ai\jobs\common\job_move.skrit
\world\ai\jobs\common\job_play_anim.skrit
\world\ai\jobs\common\job_stop.skrit
\world\ai\jobs\common\job_unconscious.skrit
\world\ai\jobs\common\job_use.skrit
\art\meshes\characters\good_a_heroes\farmgirl\m_c_gah_fg_pos_a1.asp
\art\bitmaps\characters\good_a_heroes\farmgirl\dir.lqd18
\art\animations\skrits\select_attack.skrit
\art\animations\skrits\simple_loop.skrit
\art\animations\skrits\select_transition.skrit
\art\animations\skrits\select_fidget.skrit
\art\animations\skrits\select_walk.skrit
\art\animations\characters\good_a_heroes\farmboy\fs0\a_c_gah_fb_fs0_dff.prs
\art\animations\characters\good_a_heroes\farmboy\fs1\a_c_gah_fb_fs1_dff.prs
\art\animations\characters\good_a_heroes\farmboy\fs2\a_c_gah_fb_fs2_dff.prs
\art\animations\characters\good_a_heroes\farmboy\fs3\a_c_gah_fb_fs3_dff.prs
\art\animations\characters\good_a_heroes\farmboy\fs4\a_c_gah_fb_fs4_dff.prs
\art\animations\characters\good_a_heroes\farmboy\fs5\a_c_gah_fb_fs5_dff.prs
\art\animations\characters\good_a_heroes\farmboy\fs6\a_c_gah_fb_fs6_dff.prs
\art\animations\characters\good_a_heroes\farmboy\fs7\a_c_gah_fb_fs7_dff.prs
\art\animations\characters\good_a_heroes\farmboy\fs8\a_c_gah_fb_fs8_dff.prs
\art\animations\characters\good_a_heroes\farmboy\fs0\a_c_gah_fb_fs0_rl.prs
\art\animations\characters\good_a_heroes\farmboy\fs1\a_c_gah_fb_fs1_rl.prs
\art\animations\characters\good_a_heroes\farmboy\fs2\a_c_gah_fb_fs2_rl.prs
\art\animations\characters\good_a_heroes\farmboy\fs3\a_c_gah_fb_fs3_rl.prs
\art\animations\characters\good_a_heroes\farmboy\fs4\a_c_gah_fb_fs4_rl.prs
\art\animations\characters\good_a_heroes\farmboy\fs5\a_c_gah_fb_fs5_rl.prs
\art\animations\characters\good_a_heroes\farmboy\fs6\a_c_gah_fb_fs6_rl.prs
\art\animations\characters\good_a_heroes\farmboy\fs7\a_c_gah_fb_fs7_rl.prs
\art\animations\characters\good_a_heroes\farmboy\fs8\a_c_gah_fb_fs8_rl.prs
\art\animations\characters\good_a_heroes\farmboy\fs0\a_c_gah_fb_fs0_di.prs
\art\animations\characters\good_a_heroes\farmboy\fs1\a_c_gah_fb_fs1_di.prs
\art\animations\characters\good_a_heroes\farmboy\fs2\a_c_gah_fb_fs2_di.prs
\art\animations\characters\good_a_heroes\farmboy\fs3\a_c_gah_fb_fs3_di.prs
\art\animations\characters\good_a_heroes\farmboy\fs4\a_c_gah_fb_fs4_di.prs
\art\animations\characters\good_a_heroes\farmboy\fs5\a_c_gah_fb_fs5_di.prs
\art\animations\characters\good_a_heroes\farmboy\fs6\a_c_gah_fb_fs6_di.prs
\art\animations\characters\good_a_heroes\farmboy\fs7\a_c_gah_fb_fs7_di.prs
\art\animations\characters\good_a_heroes\farmboy\fs8\a_c_gah_fb_fs8_di.prs
\art\animations\characters\good_a_heroes\farmboy\fs0\a_c_gah_fb_fs0_at.prs
\art\animations\characters\good_a_heroes\farmboy\fs0\a_c_gah_fb_fs0_at-04.prs
\art\animations\characters\good_a_heroes\farmboy\fs0\a_c_gah_fb_fs0_at-02.prs
\art\animations\characters\good_a_heroes\farmboy\fs0\a_c_gah_fb_fs0_at-03.prs
\art\animations\characters\good_a_heroes\farmboy\fs1\a_c_gah_fb_fs1_at.prs
\art\animations\characters\good_a_heroes\farmboy\fs1\a_c_gah_fb_fs1_at-04.prs
\art\animations\characters\good_a_heroes\farmboy\fs1\a_c_gah_fb_fs1_at-02.prs
\art\animations\characters\good_a_heroes\farmboy\fs1\a_c_gah_fb_fs1_at-03.prs
\art\animations\characters\good_a_heroes\farmboy\fs2\a_c_gah_fb_fs2_at.prs
\art\animations\characters\good_a_heroes\farmboy\fs2\a_c_gah_fb_fs2_at-04.prs
\art\animations\characters\good_a_heroes\farmboy\fs2\a_c_gah_fb_fs2_at-02.prs
\art\animations\characters\good_a_heroes\farmboy\fs2\a_c_gah_fb_fs2_at-03.prs
\art\animations\characters\good_a_heroes\farmboy\fs3\a_c_gah_fb_fs3_at.prs
\art\animations\characters\good_a_heroes\farmboy\fs3\a_c_gah_fb_fs3_at-04.prs
\art\animations\characters\good_a_heroes\farmboy\fs3\a_c_gah_fb_fs3_at-02.prs
\art\animations\characters\good_a_heroes\farmboy\fs3\a_c_gah_fb_fs3_at-03.prs
\art\animations\characters\good_a_heroes\farmboy\fs4\a_c_gah_fb_fs4_at.prs
\art\animations\characters\good_a_heroes\farmboy\fs4\a_c_gah_fb_fs4_at-04.prs
\art\animations\characters\good_a_heroes\farmboy\fs4\a_c_gah_fb_fs4_at-02.prs
\art\animations\characters\good_a_heroes\farmboy\fs4\a_c_gah_fb_fs4_at-03.prs
\art\animations\characters\good_a_heroes\farmboy\fs5\a_c_gah_fb_fs5_at.prs
\art\animations\characters\good_a_heroes\farmboy\fs5\a_c_gah_fb_fs5_at-04.prs
\art\animations\characters\good_a_heroes\farmboy\fs5\a_c_gah_fb_fs5_at-02.prs
\art\animations\characters\good_a_heroes\farmboy\fs5\a_c_gah_fb_fs5_at-03.prs
\art\animations\characters\good_a_heroes\farmboy\fs6\a_c_gah_fb_fs6_at.prs
\art\animations\characters\good_a_heroes\farmboy\fs6\a_c_gah_fb_fs6_at-04.prs
\art\animations\characters\good_a_heroes\farmboy\fs6\a_c_gah_fb_fs6_at-02.prs
\art\animations\characters\good_a_heroes\farmboy\fs6\a_c_gah_fb_fs6_at-03.prs
\art\animations\characters\good_a_heroes\farmboy\fs7\a_c_gah_fb_fs7_at.prs
\art\animations\characters\good_a_heroes\farmboy\fs7\a_c_gah_fb_fs7_at-04.prs
\art\animations\characters\good_a_heroes\farmboy\fs7\a_c_gah_fb_fs7_at-02.prs
\art\animations\characters\good_a_heroes\farmboy\fs7\a_c_gah_fb_fs7_at-03.prs
\art\animations\characters\good_a_heroes\farmboy\fs8\a_c_gah_fb_fs8_at.prs
\art\animations\characters\good_a_heroes\farmboy\fs8\a_c_gah_fb_fs8_at-04.prs
\art\animations\characters\good_a_heroes\farmboy\fs8\a_c_gah_fb_fs8_at-02.prs
\art\animations\characters\good_a_heroes\farmboy\fs8\a_c_gah_fb_fs8_at-03.prs
\art\animations\characters\good_a_heroes\farmboy\fs0\a_c_gah_fb_fs0_mg.prs
\art\animations\characters\good_a_heroes\farmboy\fs0\a_c_gah_fb_fs0_mg-02.prs
\art\animations\characters\good_a_heroes\farmboy\fs5\a_c_gah_fb_fs5_mg.prs
\art\animations\characters\good_a_heroes\farmboy\fs5\a_c_gah_fb_fs5_mg-02.prs
\art\animations\characters\good_a_heroes\farmboy\fs0\a_c_gah_fb_fs0_dff-02.prs
\art\animations\characters\good_a_heroes\farmboy\fs1\a_c_gah_fb_fs1_dff-02.prs
\art\animations\characters\good_a_heroes\farmboy\fs2\a_c_gah_fb_fs2_dff-02.prs
\art\animations\characters\good_a_heroes\farmboy\fs3\a_c_gah_fb_fs3_dff-02.prs
\art\animations\characters\good_a_heroes\farmboy\fs4\a_c_gah_fb_fs4_dff-02.prs
\art\animations\characters\good_a_heroes\farmboy\fs5\a_c_gah_fb_fs5_dff-02.prs
\art\animations\characters\good_a_heroes\farmboy\fs6\a_c_gah_fb_fs6_dff-02.prs
\art\animations\characters\good_a_heroes\farmboy\fs7\a_c_gah_fb_fs7_dff-02.prs
\art\animations\characters\good_a_heroes\farmboy\fs8\a_c_gah_fb_fs8_dff-02.prs
\art\animations\characters\good_a_heroes\farmboy\fs0\a_c_gah_fb_fs0_dsf-17.prs
\art\animations\characters\good_a_heroes\farmboy\fs0\a_c_gah_fb_fs0_dsf-05.prs
\art\animations\characters\good_a_heroes\farmboy\fs0\a_c_gah_fb_fs0_dsf-06.prs
\art\animations\characters\good_a_heroes\farmboy\fs0\a_c_gah_fb_fs0_dsf-07.prs
\art\animations\characters\good_a_heroes\farmboy\fs0\a_c_gah_fb_fs0_dsf-11.prs
\art\animations\characters\good_a_heroes\farmboy\fs0\a_c_gah_fb_fs0_dsf-12.prs
\art\animations\characters\good_a_heroes\farmboy\fs1\a_c_gah_fb_fs1_dk.prs
\art\animations\characters\good_a_heroes\farmboy\fs0\a_c_gah_fb_fs0_dsf-16.prs
\art\animations\characters\good_a_heroes\farmboy\fs0\a_c_gah_fb_fs0_dsf-03.prs
\art\animations\characters\good_a_heroes\farmboy\fs0\a_c_gah_fb_fs0_up.prs
\art\animations\characters\good_a_heroes\farmboy\fs5\a_c_gah_fb_fs5_dsf-02.prs
\art\animations\characters\good_a_heroes\farmboy\fs1\a_c_gah_fb_fs1_dsf-03.prs
\art\animations\characters\good_a_heroes\farmboy\fs2\a_c_gah_fb_fs2_dsf-02.prs
\art\animations\characters\good_a_heroes\farmboy\fs0\a_c_gah_fb_fs0_dsf.prs
\art\animations\characters\good_a_heroes\farmboy\fs0\a_c_gah_fb_fs0_dsf-18.prs
\art\animations\characters\good_a_heroes\farmboy\fs1\a_c_gah_fb_fs1_dsf-04.prs
\art\animations\characters\good_a_heroes\farmboy\fs0\a_c_gah_fb_fs0_dsf-08.prs
\art\animations\characters\good_a_heroes\farmboy\fs0\a_c_gah_fb_fs0_dsf-09.prs
\art\animations\characters\good_a_heroes\farmboy\fs0\a_c_gah_fb_fs0_dsf-10.prs
\art\animations\characters\good_a_heroes\farmboy\fs0\a_c_gah_fb_fs0_dsf-04.prs
\art\animations\characters\good_a_heroes\farmboy\fs0\a_c_gah_fb_fs0_dsf-02.prs
\art\animations\characters\good_a_heroes\farmgirl\fs0\a_c_gah_fg_fs0_dff.prs
\art\animations\characters\good_a_heroes\farmgirl\fs1\a_c_gah_fg_fs1_dff.prs
\art\animations\characters\good_a_heroes\farmgirl\fs2\a_c_gah_fg_fs2_dff.prs
\art\animations\characters\good_a_heroes\farmgirl\fs3\a_c_gah_fg_fs3_dff.prs
\art\animations\characters\good_a_heroes\farmgirl\fs4\a_c_gah_fg_fs4_dff.prs
\art\animations\characters\good_a_heroes\farmgirl\fs5\a_c_gah_fg_fs5_dff.prs
\art\animations\characters\good_a_heroes\farmgirl\fs6\a_c_gah_fg_fs6_dff.prs
\art\animations\characters\good_a_heroes\farmgirl\fs7\a_c_gah_fg_fs7_dff.prs
\art\animations\characters\good_a_heroes\farmgirl\fs8\a_c_gah_fg_fs8_dff.prs
\art\animations\characters\good_a_heroes\farmgirl\fs0\a_c_gah_fg_fs0_rl.prs
\art\animations\characters\good_a_heroes\farmgirl\fs1\a_c_gah_fg_fs1_rl.prs
\art\animations\characters\good_a_heroes\farmgirl\fs2\a_c_gah_fg_fs2_rl.prs
\art\animations\characters\good_a_heroes\farmgirl\fs3\a_c_gah_fg_fs3_rl.prs
\art\animations\characters\good_a_heroes\farmgirl\fs4\a_c_gah_fg_fs4_rl.prs
\art\animations\characters\good_a_heroes\farmgirl\fs5\a_c_gah_fg_fs5_rl.prs
\art\animations\characters\good_a_heroes\farmgirl\fs6\a_c_gah_fg_fs6_rl.prs
\art\animations\characters\good_a_heroes\farmgirl\fs7\a_c_gah_fg_fs7_rl.prs
\art\animations\characters\good_a_heroes\farmgirl\fs8\a_c_gah_fg_fs8_rl.prs
\art\animations\characters\good_a_heroes\farmgirl\fs0\a_c_gah_fg_fs0_di.prs
\art\animations\characters\good_a_heroes\farmgirl\fs1\a_c_gah_fg_fs1_di.prs
\art\animations\characters\good_a_heroes\farmgirl\fs2\a_c_gah_fg_fs2_di.prs
\art\animations\characters\good_a_heroes\farmgirl\fs3\a_c_gah_fg_fs3_di.prs
\art\animations\characters\good_a_heroes\farmgirl\fs4\a_c_gah_fg_fs4_di.prs
\art\animations\characters\good_a_heroes\farmgirl\fs5\a_c_gah_fg_fs5_di.prs
\art\animations\characters\good_a_heroes\farmgirl\fs6\a_c_gah_fg_fs6_di.prs
\art\animations\characters\good_a_heroes\farmgirl\fs7\a_c_gah_fg_fs7_di.prs
\art\animations\characters\good_a_heroes\farmgirl\fs8\a_c_gah_fg_fs8_di.prs
\art\animations\characters\good_a_heroes\farmgirl\fs0\a_c_gah_fg_fs0_at.prs
\art\animations\characters\good_a_heroes\farmgirl\fs0\a_c_gah_fg_fs0_at-04.prs
\art\animations\characters\good_a_heroes\farmgirl\fs0\a_c_gah_fg_fs0_at-02.prs
\art\animations\characters\good_a_heroes\farmgirl\fs0\a_c_gah_fg_fs0_at-03.prs
\art\animations\characters\good_a_heroes\farmgirl\fs1\a_c_gah_fg_fs1_at.prs
\art\animations\characters\good_a_heroes\farmgirl\fs1\a_c_gah_fg_fs1_at-04.prs
\art\animations\characters\good_a_heroes\farmgirl\fs1\a_c_gah_fg_fs1_at-02.prs
\art\animations\characters\good_a_heroes\farmgirl\fs1\a_c_gah_fg_fs1_at-03.prs
\art\animations\characters\good_a_heroes\farmgirl\fs2\a_c_gah_fg_fs2_at.prs
\art\animations\characters\good_a_heroes\farmgirl\fs2\a_c_gah_fg_fs2_at-04.prs
\art\animations\characters\good_a_heroes\farmgirl\fs2\a_c_gah_fg_fs2_at-02.prs
\art\animations\characters\good_a_heroes\farmgirl\fs2\a_c_gah_fg_fs2_at-03.prs
\art\animations\characters\good_a_heroes\farmgirl\fs3\a_c_gah_fg_fs3_at.prs
\art\animations\characters\good_a_heroes\farmgirl\fs3\a_c_gah_fg_fs3_at-04.prs
\art\animations\characters\good_a_heroes\farmgirl\fs3\a_c_gah_fg_fs3_at-02.prs
\art\animations\characters\good_a_heroes\farmgirl\fs3\a_c_gah_fg_fs3_at-03.prs
\art\animations\characters\good_a_heroes\farmgirl\fs4\a_c_gah_fg_fs4_at.prs
\art\animations\characters\good_a_heroes\farmgirl\fs4\a_c_gah_fg_fs4_at-04.prs
\art\animations\characters\good_a_heroes\farmgirl\fs4\a_c_gah_fg_fs4_at-02.prs
\art\animations\characters\good_a_heroes\farmgirl\fs4\a_c_gah_fg_fs4_at-03.prs
\art\animations\characters\good_a_heroes\farmgirl\fs5\a_c_gah_fg_fs5_at.prs
\art\animations\characters\good_a_heroes\farmgirl\fs5\a_c_gah_fg_fs5_at-04.prs
\art\animations\characters\good_a_heroes\farmgirl\fs5\a_c_gah_fg_fs5_at-02.prs
\art\animations\characters\good_a_heroes\farmgirl\fs5\a_c_gah_fg_fs5_at-03.prs
\art\animations\characters\good_a_heroes\farmgirl\fs6\a_c_gah_fg_fs6_at.prs
\art\animations\characters\good_a_heroes\farmgirl\fs6\a_c_gah_fg_fs6_at-04.prs
\art\animations\characters\good_a_heroes\farmgirl\fs6\a_c_gah_fg_fs6_at-02.prs
\art\animations\characters\good_a_heroes\farmgirl\fs6\a_c_gah_fg_fs6_at-03.prs
\art\animations\characters\good_a_heroes\farmgirl\fs7\a_c_gah_fg_fs7_at.prs
\art\animations\characters\good_a_heroes\farmgirl\fs7\a_c_gah_fg_fs7_at-04.prs
\art\animations\characters\good_a_heroes\farmgirl\fs7\a_c_gah_fg_fs7_at-02.prs
\art\animations\characters\good_a_heroes\farmgirl\fs7\a_c_gah_fg_fs7_at-03.prs
\art\animations\characters\good_a_heroes\farmgirl\fs8\a_c_gah_fg_fs8_at.prs
\art\animations\characters\good_a_heroes\farmgirl\fs8\a_c_gah_fg_fs8_at-04.prs
\art\animations\characters\good_a_heroes\farmgirl\fs8\a_c_gah_fg_fs8_at-02.prs
\art\animations\characters\good_a_heroes\farmgirl\fs8\a_c_gah_fg_fs8_at-03.prs
\art\animations\characters\good_a_heroes\farmgirl\fs0\a_c_gah_fg_fs0_mg.prs
\art\animations\characters\good_a_heroes\farmgirl\fs0\a_c_gah_fg_fs0_mg-02.prs
\art\animations\characters\good_a_heroes\farmgirl\fs5\a_c_gah_fg_fs5_mg.prs
\art\animations\characters\good_a_heroes\farmgirl\fs5\a_c_gah_fg_fs5_mg-02.prs
\art\animations\characters\good_a_heroes\farmgirl\fs0\a_c_gah_fg_fs0_dff-02.prs
\art\animations\characters\good_a_heroes\farmgirl\fs1\a_c_gah_fg_fs1_dff-02.prs
\art\animations\characters\good_a_heroes\farmgirl\fs2\a_c_gah_fg_fs2_dff-02.prs
\art\animations\characters\good_a_heroes\farmgirl\fs3\a_c_gah_fg_fs3_dff-02.prs
\art\animations\characters\good_a_heroes\farmgirl\fs4\a_c_gah_fg_fs4_dff-02.prs
\art\animations\characters\good_a_heroes\farmgirl\fs5\a_c_gah_fg_fs5_dff-02.prs
\art\animations\characters\good_a_heroes\farmgirl\fs6\a_c_gah_fg_fs6_dff-02.prs
\art\animations\characters\good_a_heroes\farmgirl\fs7\a_c_gah_fg_fs7_dff-02.prs
\art\animations\characters\good_a_heroes\farmgirl\fs8\a_c_gah_fg_fs8_dff-02.prs
\art\animations\characters\good_a_heroes\farmgirl\fs1\a_c_gah_fg_fs1_dk.prs
\art\animations\characters\good_a_heroes\farmgirl\fs0\a_c_gah_fg_fs0_dsf-03.prs
\art\animations\characters\good_a_heroes\farmgirl\fs0\a_c_gah_fg_fs0_up.prs
\art\animations\characters\good_a_heroes\farmgirl\fs0\a_c_gah_fg_fs0_dsf-05.prs
\art\animations\characters\good_a_heroes\farmgirl\fs0\a_c_gah_fg_fs0_dsf-06.prs
\art\animations\characters\good_a_heroes\farmgirl\fs5\a_c_gah_fg_fs5_dsf-03.prs
\art\animations\characters\good_a_heroes\farmgirl\fs1\a_c_gah_fg_fs1_dsf-03.prs
\art\animations\characters\good_a_heroes\farmgirl\fs0\a_c_gah_fg_fs0_dsf.prs
\art\animations\characters\good_a_heroes\farmgirl\fs1\a_c_gah_fg_fs1_dsf-04.prs
\art\animations\characters\good_a_heroes\farmgirl\fs0\a_c_gah_fg_fs0_dsf-08.prs
\art\animations\characters\good_a_heroes\farmgirl\fs0\a_c_gah_fg_fs0_dsf-02.prs
\art\animations\characters\good_a_heroes\farmgirl\fs0\a_c_gah_fg_fs0_dsf-04.prs
\art\bitmaps\characters\good_a_heroes\farmboy\b_c_gah_fb_skin_04.%img%
\art\bitmaps\characters\body_armor\type1\b_c_pos_a1_008.%img%
\art\bitmaps\characters\good_a_heroes\farmgirl\b_c_gah_fg_skin_01.%img%
\art\bitmaps\characters\body_armor\type1\b_c_pos_a1_009.%img%
\ui\config\frontend_lights\dir.lqd18
\ui\config\object_settings\dir.lqd18
\ui\config\art_mapping\dir.lqd18
\ui\interfaces\frontend\dir.lqd18
\ui\interfaces\frontend\debug_help\dir.lqd18
\ui\config\multiplayer\dir.lqd18
\ui\interfaces\backend\dir.lqd18
\ui\interfaces\backend\options_video\dir.lqd18
\art\bitmaps\gui\fonts\b_gui_fnt_20p_copperplate-light.%img%
\art\bitmaps\gui\fonts\b_gui_fnt_14p_copperplate-light.%img%
\ui\interfaces\backend\options_game\dir.lqd18
\ui\interfaces\backend\options_audio\dir.lqd18
\ui\interfaces\backend\options_input\dir.lqd18
\ui\interfaces\backend\options_bindings\dir.lqd18
\art\bitmaps\gui\front_end\menus\options\dir.lqd18
\art\bitmaps\gui\front_end\menus\options\b_gui_fe_m_op_bindings_sel.%img%
\art\bitmaps\gui\front_end\menus\options\b_gui_fe_m_op_bindings_bg.%img%
\art\bitmaps\gui\front_end\menus\options\b_gui_fe_m_op_bindings_hov.%img%
\autoexec.skrit
\movies\dir.lqd18
\movies\ms_intro.bik
\ui\interfaces\cursors\dir.lqd18
\art\bitmaps\gui\cursors\b_gui_c_attack1.%img%
\art\bitmaps\gui\cursors\b_gui_c_cant.%img%
\art\bitmaps\gui\cursors\b_gui_c_magic2.%img%
\art\bitmaps\gui\cursors\b_gui_c_magic3.%img%
\art\bitmaps\gui\cursors\b_gui_c_guard.%img%
\art\bitmaps\gui\cursors\b_gui_c_notalk.%img%
\art\bitmaps\gui\cursors\b_gui_c_pointer.%img%
\art\bitmaps\gui\cursors\b_gui_c_talk.%img%
\ui\interfaces\frontend\tool_tip\dir.lqd18
\ui\interfaces\frontend\frontend_help\dir.lqd18
\ui\interfaces\frontend\main_menu\dir.lqd18
\ui\interfaces\frontend\single_player\dir.lqd18
\ui\interfaces\frontend\load_game\dir.lqd18
\art\bitmaps\gui\front_end\menus\main\b_gui_fe_m_mn_3d_button_wood_down.%img%
\art\bitmaps\gui\front_end\menus\main\b_gui_fe_m_mn_3d_button_wood_up.%img%
\art\bitmaps\gui\front_end\menus\main\b_gui_fe_m_mn_3d_button_wood_hov.%img%
\ui\interfaces\frontend\character_select\dir.lqd18
\art\bitmaps\gui\front_end\menus\b_gui_fe_m_single_prompt.%img%
\ui\interfaces\frontend\map_chooser\dir.lqd18
\ui\interfaces\frontend\select_name_dialog\dir.lqd18
\ui\interfaces\frontend\multiplayer_provider\dir.lqd18
\ui\interfaces\frontend\difficulty_menu\dir.lqd18
\ui\interfaces\frontend\about_dialog\dir.lqd18
\ui\interfaces\frontend\continue_dialog\dir.lqd18
\ui\interfaces\frontend\save_delete_confirm\dir.lqd18
\ui\interfaces\frontend\fade_screen\dir.lqd18
\ui\interfaces\frontend\frontend_dialog\dir.lqd18
\movies\gpg_intro.bik
\sound\music\s_m_frontend_logo_flyin.mp3
\sound\dir.lqd18
\sound\effects\dir.lqd18
\sound\effects\s_e_frontend_logo_flyin.wav
\sound\effects\s_e_frontend_logo_flyout.wav
\ui\config\frontend_music\dir.lqd18
\sound\music\s_m_frontend.mp3
\sound\effects\s_e_frontend_menu_enter.wav
\art\bitmaps\sfx\b_sfx_sparkle01.%img%
\sound\effects\s_e_frontend_big_button.wav
\sound\effects\s_e_frontend_menu_roll.wav
\sound\effects\s_e_frontend_menu_open.wav
\ui\config\character_camera\dir.lqd18
\world\global\skins\dir.lqd18
\art\bitmaps\characters\body_armor\type1\b_c_pos_a1_pant_005.%img%
\art\bitmaps\characters\body_armor\type1\b_c_pos_a1_shrt_009.%img%
\art\bitmaps\characters\good_a_heroes\farmboy\b_c_gah_fb_skin_009.%img%
\art\bitmaps\characters\good_a_heroes\farmboy\b_c_gah_fb_hair_003.%img%
\sound\effects\s_e_frontend_small_button.wav
\sound\effects\s_e_frontend_menu_close.wav
\world\maps\dir.lqd18
\world\maps\map_world\dir.lqd18
\world\maps\map_world\info\dir.lqd18
\world\maps\map_world\quests\dir.lqd18
\world\global\gametypes\dir.lqd18
\ui\interfaces\backend\load_bar\dir.lqd18
\art\bitmaps\gui\front_end\menus\main\b_gui_fe_m_mn_3d_progressbar.%img%
\art\bitmaps\gui\front_end\menus\main\b_gui_fe_m_mn_3d_prep1.%img%
\art\bitmaps\gui\front_end\menus\main\b_gui_fe_m_mn_3d_prep2.%img%
\world\maps\map_world\regions\dir.lqd18
\world\maps\map_world\regions\ac_r1\dir.lqd18
\world\maps\map_world\regions\ac_r1a\dir.lqd18
\world\maps\map_world\regions\ac_r2\dir.lqd18
\world\maps\map_world\regions\ac_r2a\dir.lqd18
\world\maps\map_world\regions\ac_r3\dir.lqd18
\world\maps\map_world\regions\ac_r5\dir.lqd18
\world\maps\map_world\regions\bc_r1\dir.lqd18
\world\maps\map_world\regions\bt_r1\dir.lqd18
\world\maps\map_world\regions\cd_r1\dir.lqd18
\world\maps\map_world\regions\ce_r1\dir.lqd18
\world\maps\map_world\regions\ce_r1a\dir.lqd18
\world\maps\map_world\regions\ce_r2\dir.lqd18
\world\maps\map_world\regions\ce_r2a\dir.lqd18
\world\maps\map_world\regions\cf_r1\dir.lqd18
\world\maps\map_world\regions\cf_r1a\dir.lqd18
\world\maps\map_world\regions\cr_r1\dir.lqd18
\world\maps\map_world\regions\dc_r0\dir.lqd18
\world\maps\map_world\regions\dc_r1\dir.lqd18
\world\maps\map_world\regions\dc_r1a\dir.lqd18
\world\maps\map_world\regions\dc_r2\dir.lqd18
\world\maps\map_world\regions\df_bandits\dir.lqd18
\world\maps\map_world\regions\df_r0\dir.lqd18
\world\maps\map_world\regions\df_r1\dir.lqd18
\world\maps\map_world\regions\dl_r1\dir.lqd18
\world\maps\map_world\regions\dm_r10\dir.lqd18
\world\maps\map_world\regions\dm_r11\dir.lqd18
\world\maps\map_world\regions\dm_r2\dir.lqd18
\world\maps\map_world\regions\dm_r8\dir.lqd18
\world\maps\map_world\regions\dm_r8a\dir.lqd18
\world\maps\map_world\regions\ds_r1\dir.lqd18
\world\maps\map_world\regions\ds_r2\dir.lqd18
\world\maps\map_world\regions\ds_r2a\dir.lqd18
\world\maps\map_world\regions\fc_r1\dir.lqd18
\world\maps\map_world\regions\fd_r1\dir.lqd18
\world\maps\map_world\regions\fh_r1\dir.lqd18
\world\maps\map_world\regions\fh_r1a\dir.lqd18
\world\maps\map_world\regions\fh_r3\dir.lqd18
\world\maps\map_world\regions\gd_a_r1\dir.lqd18
\world\maps\map_world\regions\gd_b\dir.lqd18
\world\maps\map_world\regions\gi_r1\dir.lqd18
\world\maps\map_world\regions\gi_r10\dir.lqd18
\world\maps\map_world\regions\gi_r10a\dir.lqd18
\world\maps\map_world\regions\gi_r11\dir.lqd18
\world\maps\map_world\regions\gi_r3\dir.lqd18
\world\maps\map_world\regions\gi_r3_b\dir.lqd18
\world\maps\map_world\regions\gi_r4\dir.lqd18
\world\maps\map_world\regions\gi_r5\dir.lqd18
\world\maps\map_world\regions\gi_r5a\dir.lqd18
\world\maps\map_world\regions\gl_r1\dir.lqd18
\world\maps\map_world\regions\gom2\dir.lqd18
\world\maps\map_world\regions\hc_r1\dir.lqd18
\world\maps\map_world\regions\hs_r1\dir.lqd18
\world\maps\map_world\regions\id_r1\dir.lqd18
\world\maps\map_world\regions\id_r2\dir.lqd18
\world\maps\map_world\regions\lc_r1a\dir.lqd18
\world\maps\map_world\regions\lc_r5\dir.lqd18
\world\maps\map_world\regions\lc_r5a\dir.lqd18
\world\maps\map_world\regions\mm_r1\dir.lqd18
\world\maps\map_world\regions\nt_r1\dir.lqd18
\world\maps\map_world\regions\nt_r1a\dir.lqd18
\world\maps\map_world\regions\path2ac\dir.lqd18
\world\maps\map_world\regions\path2ce\dir.lqd18
\world\maps\map_world\regions\path2crypts\dir.lqd18
\world\maps\map_world\regions\path2dc\dir.lqd18
\world\maps\map_world\regions\path2dm\dir.lqd18
\world\maps\map_world\regions\path2nt\dir.lqd18
\world\maps\map_world\regions\path2sd\dir.lqd18
\world\maps\map_world\regions\path2sd_a\dir.lqd18
\world\maps\map_world\regions\sd_r1\dir.lqd18
\world\maps\map_world\regions\sd_r2\dir.lqd18
\world\maps\map_world\regions\sr_r1\dir.lqd18
\world\maps\map_world\regions\sr_r2\dir.lqd18
\world\maps\map_world\regions\sr_r3\dir.lqd18
\world\maps\map_world\regions\sr_r4\dir.lqd18
\world\maps\map_world\regions\sr_side\dir.lqd18
\world\maps\map_world\regions\tr_r1\dir.lqd18
\world\maps\map_world\regions\tr_r2\dir.lqd18
\world\maps\map_world\regions\tr_r3\dir.lqd18
\world\maps\map_world\regions\tr_r3a\dir.lqd18
\world\maps\map_world\regions\wd_r1\dir.lqd18
\world\maps\map_world\regions\wd_r1a\dir.lqd18
\world\maps\map_world\regions\ac_r2a\index\dir.lqd18
\world\maps\map_world\regions\path2sd_a\index\dir.lqd18
\world\maps\map_world\regions\nt_r1a\index\dir.lqd18
\world\maps\map_world\regions\id_r2\index\dir.lqd18
\world\maps\map_world\regions\gd_b\index\dir.lqd18
\world\maps\map_world\regions\ds_r2a\index\dir.lqd18
\world\maps\map_world\regions\gi_r5a\index\dir.lqd18
\world\maps\map_world\regions\gi_r10a\index\dir.lqd18
\world\maps\map_world\regions\gom2\index\dir.lqd18
\world\maps\map_world\regions\ac_r1a\index\dir.lqd18
\world\maps\map_world\regions\sr_side\index\dir.lqd18
\world\maps\map_world\regions\cf_r1a\index\dir.lqd18
\world\maps\map_world\regions\hs_r1\index\dir.lqd18
\world\maps\map_world\regions\dm_r8a\index\dir.lqd18
\world\maps\map_world\regions\dc_r1a\index\dir.lqd18
\world\maps\map_world\regions\path2ce\index\dir.lqd18
\world\maps\map_world\regions\fh_r1\index\dir.lqd18
\world\maps\map_world\regions\fh_r1a\index\dir.lqd18
\world\maps\map_world\regions\fh_r3\index\dir.lqd18
\world\maps\map_world\regions\dm_r10\index\dir.lqd18
\world\maps\map_world\regions\dm_r2\index\dir.lqd18
\world\maps\map_world\regions\dm_r8\index\dir.lqd18
\world\maps\map_world\regions\dm_r11\index\dir.lqd18
\world\maps\map_world\regions\ac_r1\index\dir.lqd18
\world\maps\map_world\regions\ac_r2\index\dir.lqd18
\world\maps\map_world\regions\ac_r3\index\dir.lqd18
\world\maps\map_world\regions\ac_r5\index\dir.lqd18
\world\maps\map_world\regions\sr_r1\index\dir.lqd18
\world\maps\map_world\regions\sr_r2\index\dir.lqd18
\world\maps\map_world\regions\sr_r3\index\dir.lqd18
\world\maps\map_world\regions\sr_r4\index\dir.lqd18
\world\maps\map_world\regions\gi_r1\index\dir.lqd18
\world\maps\map_world\regions\gi_r4\index\dir.lqd18
\world\maps\map_world\regions\gi_r5\index\dir.lqd18
\world\maps\map_world\regions\gi_r11\index\dir.lqd18
\world\maps\map_world\regions\gi_r10\index\dir.lqd18
\world\maps\map_world\regions\gi_r3\index\dir.lqd18
\world\maps\map_world\regions\gi_r3_b\index\dir.lqd18
\world\maps\map_world\regions\dc_r0\index\dir.lqd18
\world\maps\map_world\regions\dc_r1\index\dir.lqd18
\world\maps\map_world\regions\dc_r2\index\dir.lqd18
\world\maps\map_world\regions\dl_r1\index\dir.lqd18
\world\maps\map_world\regions\fd_r1\index\dir.lqd18
\world\maps\map_world\regions\gl_r1\index\dir.lqd18
\world\maps\map_world\regions\ce_r1\index\dir.lqd18
\world\maps\map_world\regions\ce_r2\index\dir.lqd18
\world\maps\map_world\regions\lc_r1a\index\dir.lqd18
\world\maps\map_world\regions\lc_r5\index\dir.lqd18
\world\maps\map_world\regions\ds_r1\index\dir.lqd18
\world\maps\map_world\regions\ds_r2\index\dir.lqd18
\world\maps\map_world\regions\tr_r1\index\dir.lqd18
\world\maps\map_world\regions\tr_r2\index\dir.lqd18
\world\maps\map_world\regions\tr_r3\index\dir.lqd18
\world\maps\map_world\regions\bt_r1\index\dir.lqd18
\world\maps\map_world\regions\nt_r1\index\dir.lqd18
\world\maps\map_world\regions\mm_r1\index\dir.lqd18
\world\maps\map_world\regions\df_r0\index\dir.lqd18
\world\maps\map_world\regions\df_bandits\index\dir.lqd18
\world\maps\map_world\regions\df_r1\index\dir.lqd18
\world\maps\map_world\regions\cf_r1\index\dir.lqd18
\world\maps\map_world\regions\cr_r1\index\dir.lqd18
\world\maps\map_world\regions\sd_r1\index\dir.lqd18
\world\maps\map_world\regions\sd_r2\index\dir.lqd18
\world\maps\map_world\regions\gd_a_r1\index\dir.lqd18
\world\maps\map_world\regions\fc_r1\index\dir.lqd18
\world\maps\map_world\regions\bc_r1\index\dir.lqd18
\world\maps\map_world\regions\hc_r1\index\dir.lqd18
\world\maps\map_world\regions\id_r1\index\dir.lqd18
\world\maps\map_world\regions\wd_r1\index\dir.lqd18
\world\maps\map_world\regions\cd_r1\index\dir.lqd18
\world\maps\map_world\regions\path2sd\index\dir.lqd18
\world\maps\map_world\regions\path2dm\index\dir.lqd18
\world\maps\map_world\regions\path2nt\index\dir.lqd18
\world\maps\map_world\regions\path2ac\index\dir.lqd18
\world\maps\map_world\regions\path2dc\index\dir.lqd18
\world\maps\map_world\regions\path2crypts\index\dir.lqd18
\world\maps\map_world\regions\lc_r5a\index\dir.lqd18
\world\maps\map_world\regions\tr_r3a\index\dir.lqd18
\world\maps\map_world\regions\ce_r1a\index\dir.lqd18
\world\maps\map_world\regions\wd_r1a\index\dir.lqd18
\world\maps\map_world\regions\ce_r2a\index\dir.lqd18
\world\maps\map_world\index\dir.lqd18
\world\maps\map_world\regions\fh_r1\terrain_nodes\siege_nodes.lnc
\world\maps\map_world\regions\fh_r1\terrain_nodes\dir.lqd18
\art\bitmaps\decals\dir.lqd18
\art\terrain\grass_1\t_grs01_field-rows-corner-a.sno
\art\bitmaps\terrain\dir.lqd18
\art\bitmaps\terrain\farmhouse\dir.lqd18
\world\maps\map_world\regions\fh_r1\objects\dir.lqd18
\art\terrain\grass_1\t_grs01_field-rows-side-length-b.sno
\art\terrain\grass_1\t_grs01_field-rows-side-width-b.sno
\art\terrain\generic\floor\t_xxx_flr_08x08-v0.sno
\art\bitmaps\terrain\grass_1\dir.lqd18
\art\bitmaps\terrain\grass_1\floor\dir.lqd18
\art\terrain\generic\floor\t_xxx_flr_04x08-v0.sno
\art\terrain\farmhouse\t_fh00_fieldpatch-08x08-01.sno
\art\terrain\generic\floor\t_xxx_flr_04x04-v0.sno
\art\terrain\generic\corner\t_xxx_cnr_08-ccav.sno
\art\bitmaps\terrain\grass_1\wall\dir.lqd18
\art\terrain\generic\corner\t_xxx_cnr_04-cnvx.sno
\art\terrain\grass_1\t_grs01_field-rows-corner-b.sno
\art\terrain\grass_1\t_grs01_field-rows-middle-b.sno
\art\terrain\grass_1\t_grs01_field-rows-middle-a.sno
\art\terrain\grass_1\t_grs01_field-rows-side-width-a.sno
\art\terrain\generic\wall\t_xxx_wal_08-diag-thick-l.sno
\art\terrain\generic\wall\t_xxx_wal_04-diag-thin-r.sno
\art\terrain\generic\wall\t_xxx_wal_08-diag-thin-r.sno
\art\terrain\generic\wall\t_xxx_wal_08-thin.sno
\art\terrain\generic\wall\t_xxx_wal_04-diag-thin-l.sno
\art\terrain\generic\wall\t_xxx_wal_24-thin.sno
\art\terrain\generic\wall\t_xxx_wal_24-thck.sno
\art\terrain\generic\wall\t_xxx_wal_24-diag-thin-l.sno
\art\terrain\generic\wall\t_xxx_wal_24-diag-thick-l.sno
\art\terrain\generic\corner\t_xxx_cnr_24-cnvx.sno
\art\terrain\generic\corner\t_xxx_cnr_24-ccav.sno
\art\terrain\generic\wall\t_xxx_wal_12-diag-thin-l.sno
\art\terrain\generic\wall\t_xxx_wal_12-thin.sno
\art\terrain\generic\wall\t_xxx_wal_12-diag-thick-l.sno
\art\terrain\generic\wall\t_xxx_wal_12-diag-thick-r.sno
\art\terrain\generic\wall\t_xxx_wal_12-thck.sno
\art\terrain\generic\corner\t_xxx_cnr_12-ccav.sno
\art\terrain\generic\wall\t_xxx_wal_08-thck.sno
\art\terrain\generic\corner\t_xxx_cnr_tee-04-08-12-r.sno
\art\terrain\generic\wall\t_xxx_wal_12-diag-thin-r.sno
\art\terrain\generic\wall\t_xxx_wal_08-diag-thin-l.sno
\art\terrain\generic\wall\t_xxx_wal_08-diag-thick-r.sno
\art\terrain\generic\corner\t_xxx_cnr_08-cnvx.sno
\art\terrain\generic\corner\t_xxx_cnr_tee-08-04-12-l.sno
\art\terrain\generic\path\t_xxx_pth_08x04-i.sno
\art\bitmaps\terrain\grass_1\path\dir.lqd18
\art\terrain\grass_1\houses\t_grs01_houses_coop-a.sno
\art\terrain\grass_1\t_grs01_field-rows-side-length-a.sno
\art\terrain\farmhouse\t_fh00_hbase_1b.sno
\art\terrain\generic\path\t_xxx_pth_08x04-b.sno
\art\terrain\generic\path\t_xxx_pth_04x04-c.sno
\art\terrain\generic\path\t_xxx_pth_04x04-d.sno
\art\terrain\farmhouse\t_fh00_floor-spacer-a.sno
\world\maps\map_world\regions\fh_r1a\terrain_nodes\siege_nodes.lnc
\world\maps\map_world\regions\fh_r1a\terrain_nodes\dir.lqd18
\art\terrain\generic\ruins\t_xxx_ruin_flr-plate-08x04-a.sno
\art\bitmaps\terrain\grass_1\ruins\dir.lqd18
\art\terrain\generic\ruins\t_xxx_ruin_flr-plate-cncv-a.sno
\art\terrain\generic\ruins\t_xxx_ruin_flr-plate-04x04-a.sno
\art\terrain\generic\ruins\t_xxx_ruin_flr-04x04-b.sno
\art\terrain\generic\ruins\t_xxx_ruin_pillar-a.sno
\art\terrain\generic\ruins\t_xxx_ruin_well-08x08-a.sno
\art\terrain\generic\ruins\t_xxx_ruin_support-08x04-a.sno
\art\terrain\generic\ruins\t_xxx_ruin_pillar-b.sno
\art\terrain\generic\floor\t_xxx_flr_08x08-v1.sno
\art\terrain\generic\river\t_xxx_rvr_12-right-a.sno
\art\bitmaps\terrain\grass_1\river\dir.lqd18
\art\terrain\generic\river\t_xxx_rvr_wfall-08-tx-12.sno
\art\terrain\generic\river\t_xxx_rvr_12-left-b.sno
\art\terrain\generic\river\t_xxx_rvr_12-right-b.sno
\art\terrain\generic\river\t_xxx_rvr_12-left-a.sno
\art\terrain\generic\river\t_xxx_rvr_wfall-24-tx-12.sno
\art\terrain\generic\corner\t_xxx_cnr_12-cnvx.sno
\art\terrain\farmhouse\t_fh00_rvr-custom-01.sno
\art\terrain\generic\corner\t_xxx_cnr_tee-08-04-12-r.sno
\art\terrain\grass_1\t_grs01_path_8h.sno
\art\terrain\farmhouse\t_fh00_barn_flr.sno
\art\terrain\grass_1\t_grs01_path_8g.sno
\art\terrain\farmhouse\t_fh00_bridge_1a.sno
\art\terrain\farmhouse\t_fh00_wfall_1b.sno
\art\terrain\generic\wall\t_xxx_wal_08-tx-12-l.sno
\art\terrain\farmhouse\t_fh00_wheeletc.sno
\art\terrain\generic\ramp\t_xxx_rmp_thck.sno
\art\terrain\generic\floor\t_xxx_flr_04x04-v1.sno
\art\terrain\farmhouse\t_fh00_barn_1a.sno
\art\terrain\generic\wall\t_xxx_wal_08-tx-12-r.sno
\art\terrain\farmhouse\t_fh00_fence_1a.sno
\art\terrain\farmhouse\t_fh00_fence-overhang-a.sno
\art\terrain\farmhouse\t_fh00_hfloor_1b.sno
\art\terrain\farmhouse\t_fh00_hroof_1b.sno
\world\maps\map_world\regions\fh_r1a\objects\dir.lqd18
\art\meshes\items\global\m_i_glb_object-trigger.asp
\art\bitmaps\gui\in_game\menus\b_gui_ig_mnu_dropped_item.%img%
\art\meshes\weapons\misc\m_w_misc_hoe.asp
\art\bitmaps\weapons\dir.lqd18
\art\meshes\items\global\m_i_glb_object-gogen.asp
\art\meshes\items\global\m_i_glb_object-camera.asp
\art\meshes\items\global\m_i_glb_object-waypoint.asp
\art\meshes\weapons\misc\m_w_misc_pitchfork.asp
\art\meshes\characters\good_b_npc\king\m_c_gbn_kg_pos_1.asp
\art\bitmaps\characters\good_b_npc\dir.lqd18
\world\ai\jobs\common\job_talk.skrit
\art\animations\skrits\infinite_loop.skrit
\art\animations\characters\good_b_npc\king\fs0\a_c_gbn_kg_fs0_ds.prs
\art\animations\characters\good_b_npc\king\fs0\a_c_gbn_kg_fs0_dsf.prs
\art\animations\characters\good_b_npc\king\fs0\a_c_gbn_kg_fs0_dff.prs
\art\animations\characters\good_b_npc\king\fs0\a_c_gbn_kg_fs0_dsf-02.prs
\art\meshes\characters\neutral_ambients\chicken\m_c_na_ckn_pos_1.asp
\art\bitmaps\characters\neutral_ambients\dir.lqd18
\art\animations\characters\neutral_ambients\chicken\fs0\a_c_na_ckn_fs0_ds.prs
\art\animations\characters\neutral_ambients\chicken\fs0\a_c_na_ckn_fs0_rl.prs
\art\animations\characters\neutral_ambients\chicken\fs0\a_c_na_ckn_fs0_dsf.prs
\art\animations\characters\neutral_ambients\chicken\fs0\a_c_na_ckn_fs0_dff.prs
\art\animations\characters\neutral_ambients\chicken\fs0\a_c_na_ckn_fs0_mg.prs
\art\animations\characters\neutral_ambients\chicken\fs0\a_c_na_ckn_fs0_dsf-02.prs
\art\animations\characters\neutral_ambients\chicken\fs0\a_c_na_ckn_fs0_dsf-03.prs
\art\meshes\characters\neutral_ambients\butterfly\m_c_na_bf_pos_1.asp
\art\animations\characters\neutral_ambients\butterfly\fs0\a_c_na_bf_fs0_fl.prs
\art\animations\characters\neutral_ambients\butterfly\fs0\a_c_na_bf_fs0_fl-02.prs
\art\animations\characters\neutral_ambients\butterfly\fs0\a_c_na_bf_fs0_dff.prs
\art\meshes\items\global\m_i_glb_emitter.asp
\art\bitmaps\items\dir.lqd18
\art\bitmaps\items\global\dir.lqd18
\art\meshes\weapons\misc\m_w_misc_rake.asp
\art\meshes\weapons\misc\m_w_misc_shovel.asp
\art\meshes\items\global\m_i_glb_barrel.asp
\art\meshes\items\global\m_i_glb_frag-metal-01.asp
\art\meshes\items\global\m_i_glb_frag-wood-01.asp
\art\meshes\items\global\m_i_glb_frag-wood-02.asp
\art\meshes\items\global\m_i_glb_frag-wood-03.asp
\art\meshes\items\global\m_i_glb_frag-wood-04.asp
\art\meshes\characters\neutral_ambients\dog2\m_c_na_dg2_pos_1.asp
\art\animations\characters\neutral_ambients\dog2\fs0\a_c_na_dg2_fs0_ds.prs
\art\animations\characters\neutral_ambients\dog2\fs0\a_c_na_dg2_fs0_dsf.prs
\art\animations\characters\neutral_ambients\dog2\fs0\a_c_na_dg2_fs0_dsf-02.prs
\art\meshes\characters\evil_d_monsters\spider\m_c_edm_sp_pos_1.asp
\art\bitmaps\characters\evil_d_monsters\dir.lqd18
\art\meshes\items\global\m_i_glb_frag-spider-01.asp
\art\meshes\items\global\m_i_glb_frag-spider-02.asp
\art\meshes\items\global\m_i_glb_frag-spider-03.asp
\art\meshes\items\global\m_i_glb_frag-spider-04.asp
\art\meshes\items\global\m_i_glb_frag-spider-05.asp
\art\animations\characters\evil_d_monsters\spider\fs0\a_c_edm_sp_fs0_dfs.prs
\art\animations\characters\evil_d_monsters\spider\fs0\a_c_edm_sp_fs0_wl.prs
\art\animations\characters\evil_d_monsters\spider\fs0\a_c_edm_sp_fs0_di.prs
\art\animations\characters\evil_d_monsters\spider\fs0\a_c_edm_sp_fs0_at.prs
\art\animations\characters\evil_d_monsters\spider\fs0\a_c_edm_sp_fs0_dff.prs
\art\meshes\weapons\sword\m_w_swd_017.asp
\art\meshes\armor\shields\m_a_shd_19.asp
\art\bitmaps\armor\dir.lqd18
\art\bitmaps\armor\shields\dir.lqd18
\art\meshes\weapons\sword\m_w_swd_013.asp
\art\meshes\items\global\m_i_glb_spell-page.asp
\art\meshes\characters\evil_a_monsters\krug_grunt\m_c_eam_kg_pos_1.asp
\art\bitmaps\characters\evil_a_monsters\dir.lqd18
\art\meshes\items\global\m_i_glb_frag-krug-01.asp
\art\meshes\items\global\m_i_glb_frag-krug-02.asp
\art\meshes\items\global\m_i_glb_frag-krug-03.asp
\art\meshes\items\global\m_i_glb_frag-krug-04.asp
\art\meshes\items\global\m_i_glb_frag-krug-05.asp
\art\meshes\items\global\m_i_glb_frag-krug-06.asp
\art\meshes\items\global\m_i_glb_frag-krug-07.asp
\art\meshes\items\global\m_i_glb_frag-krug-08.asp
\art\meshes\weapons\misc\m_w_misc_013.asp
\art\meshes\weapons\club\m_w_clb_004.asp
\art\animations\characters\evil_a_monsters\krug\fs0\a_c_eam_kg_fs0_dfs.prs
\art\animations\characters\evil_a_monsters\krug\fs1\a_c_eam_kg_fs1_dfs.prs
\art\animations\characters\evil_a_monsters\krug\fs3\a_c_eam_kg_fs3_dfs.prs
\art\animations\characters\evil_a_monsters\krug\fs6\a_c_eam_kg_fs6_dfs.prs
\art\animations\characters\evil_a_monsters\krug\fs0\a_c_eam_kg_fs0_wl.prs
\art\animations\characters\evil_a_monsters\krug\fs1\a_c_eam_kg_fs1_wl.prs
\art\animations\characters\evil_a_monsters\krug\fs3\a_c_eam_kg_fs3_wl.prs
\art\animations\characters\evil_a_monsters\krug\fs6\a_c_eam_kg_fs6_wl.prs
\art\animations\characters\evil_a_monsters\krug\fs0\a_c_eam_kg_fs0_di.prs
\art\animations\characters\evil_a_monsters\krug\fs0\a_c_eam_kg_fs0_di-02.prs
\art\animations\characters\evil_a_monsters\krug\fs0\a_c_eam_kg_fs0_di-03.prs
\art\animations\characters\evil_a_monsters\krug\fs0\a_c_eam_kg_fs0_di-04.prs
\art\animations\characters\evil_a_monsters\krug\fs1\a_c_eam_kg_fs1_di.prs
\art\animations\characters\evil_a_monsters\krug\fs1\a_c_eam_kg_fs1_di-02.prs
\art\animations\characters\evil_a_monsters\krug\fs1\a_c_eam_kg_fs1_di-03.prs
\art\animations\characters\evil_a_monsters\krug\fs1\a_c_eam_kg_fs1_di-04.prs
\art\animations\characters\evil_a_monsters\krug\fs3\a_c_eam_kg_fs3_di.prs
\art\animations\characters\evil_a_monsters\krug\fs3\a_c_eam_kg_fs3_di-02.prs
\art\animations\characters\evil_a_monsters\krug\fs3\a_c_eam_kg_fs3_di-03.prs
\art\animations\characters\evil_a_monsters\krug\fs3\a_c_eam_kg_fs3_di-04.prs
\art\animations\characters\evil_a_monsters\krug\fs6\a_c_eam_kg_fs6_di.prs
\art\animations\characters\evil_a_monsters\krug\fs6\a_c_eam_kg_fs6_di-02.prs
\art\animations\characters\evil_a_monsters\krug\fs6\a_c_eam_kg_fs6_di-03.prs
\art\animations\characters\evil_a_monsters\krug\fs6\a_c_eam_kg_fs6_di-04.prs
\art\animations\characters\evil_a_monsters\krug\fs0\a_c_eam_kg_fs0_at.prs
\art\animations\characters\evil_a_monsters\krug\fs0\a_c_eam_kg_fs0_at-04.prs
\art\animations\characters\evil_a_monsters\krug\fs0\a_c_eam_kg_fs0_at-02.prs
\art\animations\characters\evil_a_monsters\krug\fs0\a_c_eam_kg_fs0_at-03.prs
\art\animations\characters\evil_a_monsters\krug\fs0\a_c_eam_kg_fs0_dff.prs
\art\animations\characters\evil_a_monsters\krug\fs1\a_c_eam_kg_fs1_at.prs
\art\animations\characters\evil_a_monsters\krug\fs1\a_c_eam_kg_fs1_at-04.prs
\art\animations\characters\evil_a_monsters\krug\fs1\a_c_eam_kg_fs1_at-02.prs
\art\animations\characters\evil_a_monsters\krug\fs1\a_c_eam_kg_fs1_at-03.prs
\art\animations\characters\evil_a_monsters\krug\fs1\a_c_eam_kg_fs1_dff.prs
\art\animations\characters\evil_a_monsters\krug\fs3\a_c_eam_kg_fs3_at.prs
\art\animations\characters\evil_a_monsters\krug\fs3\a_c_eam_kg_fs3_at-04.prs
\art\animations\characters\evil_a_monsters\krug\fs3\a_c_eam_kg_fs3_at-02.prs
\art\animations\characters\evil_a_monsters\krug\fs3\a_c_eam_kg_fs3_at-03.prs
\art\animations\characters\evil_a_monsters\krug\fs3\a_c_eam_kg_fs3_dff.prs
\art\animations\characters\evil_a_monsters\krug\fs6\a_c_eam_kg_fs6_at.prs
\art\animations\characters\evil_a_monsters\krug\fs6\a_c_eam_kg_fs6_at-04.prs
\art\animations\characters\evil_a_monsters\krug\fs6\a_c_eam_kg_fs6_at-02.prs
\art\animations\characters\evil_a_monsters\krug\fs6\a_c_eam_kg_fs6_at-03.prs
\art\animations\characters\evil_a_monsters\krug\fs6\a_c_eam_kg_fs6_dff.prs
\art\animations\characters\evil_a_monsters\krug\fs0\a_c_eam_kg_fs0_mg.prs
\art\animations\characters\evil_a_monsters\krug\fs0\a_c_eam_kg_fs0_dsf.prs
\art\animations\characters\evil_a_monsters\krug\fs0\a_c_eam_kg_fs0_dsf-02.prs
\art\animations\characters\evil_a_monsters\krug\fs0\a_c_eam_kg_fs0_dsf-03.prs
\art\animations\characters\evil_a_monsters\krug\fs1\a_c_eam_kg_fs1_dsf.prs
\art\animations\characters\evil_a_monsters\krug\fs1\a_c_eam_kg_fs1_dsf-02.prs
\art\animations\characters\evil_a_monsters\krug\fs1\a_c_eam_kg_fs1_dsf-03.prs
\art\animations\characters\evil_a_monsters\krug\fs3\a_c_eam_kg_fs3_dsf.prs
\art\animations\characters\evil_a_monsters\krug\fs3\a_c_eam_kg_fs3_dsf-02.prs
\art\animations\characters\evil_a_monsters\krug\fs3\a_c_eam_kg_fs3_dsf-03.prs
\art\animations\characters\evil_a_monsters\krug\fs6\a_c_eam_kg_fs6_dsf.prs
\art\animations\characters\evil_a_monsters\krug\fs6\a_c_eam_kg_fs6_dsf-02.prs
\art\animations\characters\evil_a_monsters\krug\fs6\a_c_eam_kg_fs6_dsf-03.prs
\art\animations\characters\evil_a_monsters\krug\fs1\a_c_eam_kg_fs1_hit.prs
\art\meshes\items\grass\m_i_grs_door-farmhouse.asp
\art\meshes\items\global\m_i_glb_frag-wood-05.asp
\art\meshes\items\global\m_i_glb_frag-wood-06.asp
\art\meshes\characters\good_b_npc\peasant_m_old\m_c_gbn_pmo_pos_1.asp
\world\ai\jobs\actors\good\job_talk_norick.skrit
\world\ai\jobs\common\k_job_c_talk_utils.skrit
\art\animations\characters\good_b_npc\peasant_m_old\fs0\a_c_gbn_pmo_fs0_ds.prs
\art\animations\characters\good_b_npc\peasant_m_old\fs0\a_c_gbn_pmo_fs0_wl-02.prs
\art\animations\characters\good_b_npc\peasant_m_old\fs0\a_c_gbn_pmo_fs0_di-03.prs
\art\animations\characters\good_b_npc\peasant_m_old\fs0\a_c_gbn_pmo_fs0_at.prs
\art\animations\characters\good_b_npc\peasant_m_old\fs0\a_c_gbn_pmo_fs0_dff.prs
\art\animations\characters\good_b_npc\peasant_m_old\fs0\a_c_gbn_pmo_fs0_dsf-02.prs
\art\animations\characters\good_b_npc\peasant_m_old\fs0\a_c_gbn_pmo_fs0_di-02.prs
\art\animations\characters\good_b_npc\peasant_m_old\fs0\a_c_gbn_pmo_fs0_dsf-03.prs
\art\animations\skrits\transition.skrit
\art\animations\items\grass\a_i_grs_door-farmhouse-open.prs
\art\animations\items\grass\a_i_grs_door-farmhouse-close.prs
\art\bitmaps\terrain\farmhouse\b_t_fh00_field-rows-corner-a.%img%
\art\bitmaps\decals\b_d_for01-a.%img%
\art\bitmaps\terrain\farmhouse\b_t_fh00_field-rows-side-length-a.%img%
\art\bitmaps\terrain\farmhouse\b_t_fh00_field-rows-side-width-b.%img%
\art\bitmaps\terrain\grass_1\floor\b_t_grs01_flr_04x04-a.%img%
\art\bitmaps\terrain\farmhouse\b_t_fh00_fieldpatch-01.%img%
\art\bitmaps\terrain\grass_1\wall\b_t_grs01_wal_08x08-c.%img%
\art\bitmaps\terrain\grass_1\wall\b_t_grs01_wal_04x04-c.%img%
\art\bitmaps\terrain\farmhouse\b_t_fh00_field-rows-corner-b.%img%
\art\bitmaps\terrain\farmhouse\b_t_fh00_field-rows-middle-b.%img%
\art\bitmaps\terrain\farmhouse\b_t_fh00_field-rows-middle-a.%img%
\art\bitmaps\terrain\farmhouse\b_t_fh00_field-rows-side-width-a.%img%
\art\bitmaps\terrain\grass_1\wall\b_t_grs01_wal_08x08-b.%img%
\art\bitmaps\terrain\grass_1\wall\b_t_grs01_wal_08x04-a.%img%
\art\bitmaps\terrain\grass_1\wall\b_t_grs01_wal_08x08-d.%img%
\art\bitmaps\terrain\grass_1\wall\b_t_grs01_wal_08x08-a.%img%
\art\bitmaps\terrain\grass_1\wall\b_t_grs01_wal_04x08-a.%img%
\art\bitmaps\terrain\grass_1\path\b_t_grs01_pth_08x04-i.%img%
\art\bitmaps\terrain\farmhouse\b_t_fh00_woodwall-a.%img%
\art\bitmaps\terrain\farmhouse\b_t_fh00_woodfloor-b.%img%
\art\bitmaps\terrain\farmhouse\b_t_fh00_barn-woodbeam-a.%img%
\art\bitmaps\terrain\grass_1\path\b_t_grs01_pth_04x04-g.%img%
\art\bitmaps\decals\b_d_straw-b.%img%
\art\bitmaps\terrain\farmhouse\b_t_fh00_field-rows-side-length-b.%img%
\art\bitmaps\terrain\farmhouse\b_t_fh00_logsides-4a.%img%
\art\bitmaps\terrain\farmhouse\b_t_fh00_logends-1x2a.%img%
\art\bitmaps\terrain\farmhouse\b_t_fh00_stones-4a.%img%
\art\bitmaps\terrain\grass_1\path\b_t_grs01_pth_08x04-c.%img%
\art\bitmaps\terrain\farmhouse\b_t_fh00_fh-ground-8x4a.%img%
\art\bitmaps\terrain\farmhouse\b_t_fh00_fh-ground-4a.%img%
\art\bitmaps\terrain\farmhouse\b_t_fh00_loginside-2x1.%img%
\art\bitmaps\decals\b_d_fshade.%img%
\art\bitmaps\terrain\grass_1\path\b_t_grs01_pth_08x04-b.%img%
\art\bitmaps\terrain\grass_1\path\b_t_grs01_pth_04x04-c.%img%
\art\bitmaps\terrain\grass_1\path\b_t_grs01_pth_04x04-d.%img%
\art\bitmaps\decals\b_d_grs01-a.%img%
\art\bitmaps\terrain\grass_1\ruins\b_t_grs01_ruin_flr-04x04-a.%img%
\art\bitmaps\terrain\grass_1\ruins\b_t_grs01_ruin_flr-04x04-b.%img%
\art\bitmaps\terrain\grass_1\ruins\b_t_grs01_ruin_flr-04x04-pillar-a.%img%
\art\bitmaps\terrain\grass_1\ruins\b_t_grs01_ruin_wall-04x04-a.%img%
\art\bitmaps\terrain\grass_1\ruins\b_t_grs01_ruin_wall-04x04-b.%img%
\art\bitmaps\terrain\grass_1\ruins\b_t_grs01_ruin_wall-04x04-c.%img%
\art\bitmaps\terrain\grass_1\ruins\b_t_grs01_ruin_wall-08x04-detail-a.%img%
\art\bitmaps\terrain\grass_1\river\b_t_grs01_rvr_04x08-01.%img%
\art\bitmaps\terrain\grass_1\river\b_t_grs01_rvr_fall-top-static.%img%
\art\bitmaps\terrain\grass_1\river\b_t_grs01_rvr_dynamic.%img%
\art\bitmaps\terrain\grass_1\river\b_t_grs01_rvr_fall-bottom-static.%img%
\art\bitmaps\terrain\grass_1\river\b_t_grs01_rvr_static.%img%
\art\bitmaps\terrain\grass_1\river\b_t_grs01_rvr_fall-08x08-a.%img%
\art\bitmaps\terrain\grass_1\river\b_t_grs01_rvr_fall-mist-08x08-static.%img%
\art\bitmaps\terrain\grass_1\river\b_t_grs01_rvr_fall-mist-08x08-dynamic.%img%
\art\bitmaps\terrain\grass_1\river\b_t_grs01_rvr_fall-08x08-c.%img%
\art\bitmaps\terrain\grass_1\river\b_t_grs01_rvr_fall-08x08-d.%img%
\art\bitmaps\terrain\grass_1\river\b_t_grs01_rvr_fall-top-08-static.%img%
\art\bitmaps\terrain\grass_1\river\b_t_grs01_rvr_fall-bottom-08-static.%img%
\art\bitmaps\terrain\grass_1\b_t_grs01_path08-256x256-01.%img%
\art\bitmaps\terrain\grass_1\b_t_grs01_barnground-08x08-b.%img%
\art\bitmaps\decals\b_d_scorch.%img%
\art\bitmaps\terrain\grass_1\b_t_grs01_riverleft-12-04.%img%
\art\bitmaps\terrain\grass_1\b_t_grs01_riverright-12-04.%img%
\art\bitmaps\terrain\grass_1\b_t_grs01_bridgeboards-01.%img%
\art\bitmaps\decals\b_d_dirt-a.%img%
\art\bitmaps\terrain\grass_1\b_t_grs01_trough-01.%img%
\art\bitmaps\terrain\grass_1\b_t_grs01_wheelfallstatic-01.%img%
\art\bitmaps\terrain\farmhouse\b_t_fh00_woodplank-8x2a.%img%
\art\bitmaps\terrain\farmhouse\b_t_fh00_thatch-4a.%img%
\art\bitmaps\terrain\farmhouse\b_t_fh00_barndoor-2x4a.%img%
\art\bitmaps\terrain\grass_1\b_t_grs01_barnground-s-256-01.%img%
\art\bitmaps\terrain\b_t_black.%img%
\art\bitmaps\terrain\farmhouse\b_t_fh00_rope-1a.%img%
\art\bitmaps\terrain\farmhouse\b_t_fh00_woodfloor-4a.%img%
\art\bitmaps\decals\b_d_burnt-wood-a.%img%
\art\bitmaps\terrain\farmhouse\b_t_fh00_window-4a.%img%
\art\bitmaps\terrain\farmhouse\b_t_fh00_shutter-2a.%img%
\art\bitmaps\terrain\farmhouse\b_t_fh00_chimney-2a.%img%
\art\meshes\items\castle\m_i_csl_dirt-02.asp
\art\bitmaps\items\castle\dir.lqd18
\art\meshes\items\global\m_i_glb_cabbage.asp
\art\meshes\items\grass\m_i_grs_hay-pile.asp
\art\bitmaps\items\grass\dir.lqd18
\art\meshes\items\global\m_i_glb_bush-02.asp
\art\meshes\items\global\m_i_glb_groundcover-01.asp
\art\meshes\items\global\m_i_glb_cornstalk-01.asp
\art\meshes\items\global\m_i_glb_cornstalk-01-burnt.asp
\art\meshes\items\global\m_i_glb_cornstalk-03.asp
\art\meshes\items\global\m_i_glb_cornstalk-04.asp
\art\meshes\items\global\m_i_glb_cornstalk-02-burnt.asp
\art\meshes\items\global\m_i_glb_cornstalk-02.asp
\art\meshes\items\global\m_i_glb_tree-03.asp
\art\animations\items\global\a_i_glb_tree-03-sway.prs
\art\meshes\items\global\m_i_glb_bush-01.asp
\art\meshes\items\global\m_i_glb_log-chopped.asp
\art\meshes\items\global\m_i_glb_plant-squash-01.asp
\art\meshes\items\global\m_i_glb_cornstalk-05.asp
\art\meshes\items\global\m_i_glb_tree-04.asp
\art\animations\items\global\a_i_glb_tree-04-sway.prs
\art\meshes\items\global\m_i_glb_tree-deciduous-06.asp
\art\meshes\items\global\m_i_glb_tree-deciduous-02.asp
\art\meshes\items\global\m_i_glb_tree-deciduous-01.asp
\art\meshes\items\global\m_i_glb_tree-deciduous-08.asp
\art\animations\items\global\a_i_glb_tree-deciduous-08-sway.prs
\art\meshes\items\global\m_i_glb_tree-deciduous-03.asp
\art\meshes\items\global\m_i_glb_tree-pine-giant.asp
\art\meshes\items\global\m_i_glb_bush-10.asp
\art\meshes\items\global\m_i_glb_washbin.asp
\art\meshes\items\global\m_i_glb_bush-03.asp
\art\meshes\items\global\m_i_glb_groundcover-02.asp
\art\meshes\items\grass\m_i_grs_flowers-01.asp
\art\meshes\items\global\m_i_glb_bucket.asp
\art\meshes\items\castle\m_i_csl_hay-floor.asp
\art\meshes\items\global\m_i_glb_board-1m.asp
\art\meshes\items\global\m_i_glb_board-2m.asp
\art\meshes\items\global\m_i_glb_board-3m.asp
\art\meshes\items\global\m_i_glb_tree-deciduous-09.asp
\art\animations\items\global\a_i_glb_tree-deciduous-09-sway.prs
\art\meshes\items\global\m_i_glb_sawhorse.asp
\art\meshes\items\grass\m_i_grs_wheelbarrow.asp
\art\meshes\items\grass\m_i_grs_foliage-01.asp
\art\meshes\items\desert\m_i_des_grass-03.asp
\art\bitmaps\items\desert\dir.lqd18
\art\meshes\items\grass\m_i_grs_grass-09.asp
\art\meshes\items\grass\m_i_grs_flowers-08.asp
\art\meshes\items\grass\m_i_grs_flowers-04.asp
\art\meshes\items\grass\m_i_grs_fern-02.asp
\art\meshes\items\global\m_i_glb_frag-bone-01.asp
\art\bitmaps\characters\evil_c_monsters\dir.lqd18
\art\meshes\items\global\m_i_glb_frag-bone-03.asp
\art\meshes\items\global\m_i_glb_frag-bone-04.asp
\art\meshes\items\grass\m_i_grs_fern-04.asp
\art\meshes\items\global\m_i_glb_frag-bone-02.asp
\art\meshes\items\global\m_i_glb_frag-bone-05.asp
\art\meshes\items\global\m_i_glb_frag-bone-06.asp
\art\meshes\items\global\m_i_glb_bones-arm.asp
\art\meshes\items\global\m_i_glb_statue-broken-09.asp
\art\meshes\items\grass\m_i_grs_ivy-05.asp
\art\meshes\items\grass\m_i_grs_ivy-01.asp
\art\meshes\items\grass\m_i_grs_fern-01.asp
\art\meshes\items\grass\m_i_grs_ivy-06.asp
\art\meshes\items\global\m_i_glb_legion-banner-02.asp
\art\animations\items\global\a_i_glb_legion-banner-02-flap.prs
\art\meshes\items\global\m_i_glb_tree-deciduous-05.asp
\art\meshes\items\grass\m_i_grs_ivy-03.asp
\art\meshes\items\grass\m_i_grs_fern-03.asp
\art\meshes\items\grass\m_i_grs_deadcow.asp
\art\meshes\items\global\m_i_glb_plough.asp
\art\meshes\items\grass\m_i_grs_hay-bale.asp
\art\meshes\items\global\m_i_glb_reed-02.asp
\art\meshes\items\global\m_i_glb_reed-03.asp
\art\meshes\items\global\m_i_glb_reed-01.asp
\art\meshes\items\global\m_i_glb_tree-02.asp
\art\meshes\items\global\m_i_glb_wheel-wagon.asp
\art\meshes\items\global\m_i_glb_sack.asp
\art\meshes\items\farm\m_i_frm_waterwheel.asp
\art\bitmaps\items\farm\dir.lqd18
\art\animations\skrits\rotatex.skrit
\art\meshes\items\global\m_i_glb_post-01.asp
\art\meshes\items\grass\m_i_grs_woodbox.asp
\art\meshes\items\global\m_i_glb_stoker.asp
\art\meshes\items\global\m_i_glb_bed-01.asp
\art\meshes\items\global\m_i_glb_books-02.asp
\art\meshes\items\global\m_i_glb_candle-02.asp
\art\meshes\items\global\m_i_glb_picture-03.asp
\art\meshes\items\global\m_i_glb_stool-01.asp
\art\meshes\items\global\m_i_glb_supplies-02.asp
\art\meshes\items\global\m_i_glb_table-end.asp
\art\meshes\items\global\m_i_glb_woodpile-02.asp
\art\meshes\items\global\m_i_glb_wood-pile.asp
\art\bitmaps\weapons\b_w_weapons.%img%
\art\bitmaps\characters\neutral_ambients\b_c_na_ckn_white.%img%
\art\meshes\items\global\m_i_glb_object-party.asp
\world\ai\jobs\common\brain_party.skrit
\art\bitmaps\armor\shields\b_a_shd_077.%img%
\art\meshes\armor\boots\m_a_boot_type1.asp
\art\bitmaps\armor\boots\dir.lqd18
\art\meshes\characters\good_a_heroes\farmboy\boots\m_c_gah_fb_boot_type1_b.asp
\art\meshes\items\global\m_i_glb_book-magic-02.asp
\art\meshes\weapons\dagger\m_w_dag_003.asp
\art\bitmaps\items\global\b_i_glb_yellow.%img%
\art\bitmaps\items\global\b_i_glb_placeholder.%img%
\art\bitmaps\characters\good_b_npc\b_c_gbn_kg.%img%
\art\bitmaps\items\global\b_i_glb_blue.%img%
\art\bitmaps\items\global\b_i_glb_barrel.%img%
\art\bitmaps\characters\neutral_ambients\b_c_na_ckn_grey.%img%
\art\bitmaps\items\global\b_i_glb_spell-page.%img%
\art\bitmaps\characters\evil_a_monsters\b_c_eam_ksv.%img%
\art\bitmaps\characters\neutral_ambients\b_c_na_bf.%img%
\art\bitmaps\characters\good_b_npc\b_c_gbn_pmo.%img%
\art\bitmaps\characters\neutral_ambients\b_c_na_dg.%img%
\art\bitmaps\items\castle\b_i_csl_dirt.%img%
\art\bitmaps\items\global\b_i_glb_cabbage.%img%
\art\bitmaps\items\grass\b_i_grs_hay-01.%img%
\art\bitmaps\items\grass\b_i_grs_bush-rhod.%img%
\art\bitmaps\items\grass\b_i_grs_foliage-01.%img%
\art\bitmaps\items\grass\b_i_grs_cornstalk-brn.%img%
\art\bitmaps\items\grass\b_i_grs_tree-pine.%img%
\art\bitmaps\items\grass\b_i_grs_log-chopped.%img%
\art\bitmaps\items\global\b_i_glb_plant-squash.%img%
\art\bitmaps\items\grass\b_i_grs_tree-pine-02.%img%
\art\bitmaps\items\grass\b_i_grs_tree-burgandy-02.%img%
\art\meshes\items\global\m_i_glb_coin-01.asp
\art\bitmaps\items\grass\b_i_grs_tree-autumn.%img%
\ui\config\intro_settings\dir.lqd18
\art\bitmaps\items\grass\b_i_grs_tree-burgandy.%img%
\art\bitmaps\items\grass\b_i_grs_tree-pine-giant.%img%
\art\bitmaps\items\global\b_i_glb_washbin.%img%
\art\bitmaps\items\grass\b_i_grs_flowers-09.%img%
\art\bitmaps\items\grass\b_i_grs_bucket.%img%
\art\bitmaps\items\grass\b_i_grs_board.%img%
\art\bitmaps\items\global\b_i_glb_cart-wood.%img%
\art\bitmaps\items\desert\b_i_des_grass-03.%img%
\art\bitmaps\items\grass\b_i_grs_grass-03.%img%
\art\bitmaps\items\grass\b_i_grs_flowers-08.%img%
\art\bitmaps\items\grass\b_i_grs_flowers-04.%img%
\art\bitmaps\items\grass\b_i_grs_fern.%img%
\art\bitmaps\characters\evil_c_monsters\b_c_ecm_sk-02.%img%
\art\bitmaps\items\global\b_i_glb_bones.%img%
\art\bitmaps\items\global\b_i_glb_statue-06.%img%
\art\bitmaps\items\grass\b_i_grs_ivy-01.%img%
\art\bitmaps\items\global\b_i_glb_legion-banner-02.%img%
\art\bitmaps\items\grass\b_i_grs_tree-ash.%img%
\art\bitmaps\items\grass\b_i_grs_tree-autumn-02.%img%
\art\bitmaps\items\grass\b_i_grs_deadcow.%img%
\art\bitmaps\items\grass\b_i_grs_plough.%img%
\art\bitmaps\items\grass\b_i_grs_hay-02.%img%
\art\bitmaps\items\desert\b_i_des_reed.%img%
\art\bitmaps\items\grass\b_i_grs_wheel-wagon.%img%
\art\bitmaps\items\global\b_i_glb_burlap.%img%
\art\bitmaps\items\farm\b_i_frm_trough_01.%img%
\art\bitmaps\items\farm\b_i_frm_logsplain.%img%
\art\bitmaps\items\farm\b_i_frm_logend02.%img%
\art\bitmaps\items\farm\b_i_frm_logschipped.%img%
\art\bitmaps\items\global\b_i_glb_post-01.%img%
\art\bitmaps\items\grass\b_i_grs_woodbox.%img%
\art\bitmaps\items\global\b_i_glb_stoker.%img%
\art\bitmaps\items\global\b_i_glb_bed-01.%img%
\art\bitmaps\items\global\b_i_glb_books-02.%img%
\art\bitmaps\items\global\b_i_glb_candle-02.%img%
\art\bitmaps\items\global\b_i_glb_picture-03.%img%
\art\bitmaps\items\global\b_i_glb_stool-01.%img%
\art\bitmaps\items\global\b_i_glb_supplies-02.%img%
\art\bitmaps\items\global\b_i_glb_wood-oak-dark.%img%
\art\bitmaps\items\global\b_i_glb_woodpile-burnt.%img%
\art\bitmaps\items\grass\b_i_grs_wood-pile.%img%
\art\bitmaps\armor\boots\b_a_boot_068.%img%
\ui\interfaces\intro\dir.lqd18
\ui\interfaces\intro\intro_gaspowered\dir.lqd18
\art\bitmaps\gui\nis\dir.lqd18
\art\bitmaps\gui\nis\b_gui_nis_gpg_01.%img%
\art\bitmaps\gui\nis\b_gui_nis_gpg_02.%img%
\art\bitmaps\gui\nis\b_gui_nis_gpg_03.%img%
\ui\interfaces\intro\intro_microsoft\dir.lqd18
\art\bitmaps\gui\nis\b_gui_nis_ms_01.%img%
\art\bitmaps\gui\nis\b_gui_nis_ms_02.%img%
\art\bitmaps\gui\nis\b_gui_nis_ms_03.%img%
\ui\interfaces\backend\mini_map\dir.lqd18
\art\bitmaps\gui\in_game\menus\b_gui_ig_mnu_mmap_l.%img%
\art\bitmaps\gui\in_game\menus\b_gui_ig_mnu_mmap_r.%img%
\art\bitmaps\gui\in_game\menus\b_gui_ig_mnu_mmap_top.%img%
\art\bitmaps\gui\in_game\menus\b_gui_ig_mnu_mmap_bot.%img%
\ui\interfaces\backend\status_bars\dir.lqd18
\art\bitmaps\gui\in_game\menus\b_gui_ig_mnu_status_bars.%img%
\ui\interfaces\backend\member_labels\dir.lqd18
\ui\interfaces\backend\data_bar\dir.lqd18
\art\bitmaps\gui\in_game\menus\b_gui_ig_mnu_icon_health_dwn.%img%
\art\bitmaps\gui\in_game\menus\b_gui_ig_mnu_icon_health_up.%img%
\art\bitmaps\gui\in_game\menus\b_gui_ig_mnu_icon_health_hov.%img%
\art\bitmaps\gui\in_game\menus\b_gui_ig_mnu_icon_mana_dwn.%img%
\art\bitmaps\gui\in_game\menus\b_gui_ig_mnu_icon_mana_up.%img%
\art\bitmaps\gui\in_game\menus\b_gui_ig_mnu_icon_mana_hov.%img%
\art\bitmaps\gui\in_game\menus\b_gui_ig_mnu_icon_map_dwn.%img%
\art\bitmaps\gui\in_game\menus\b_gui_ig_mnu_icon_map_up.%img%
\art\bitmaps\gui\in_game\menus\b_gui_ig_mnu_icon_map_hov.%img%
\art\bitmaps\gui\in_game\menus\b_gui_ig_mnu_icon_door_dwn.%img%
\art\bitmaps\gui\in_game\menus\b_gui_ig_mnu_icon_door_up.%img%
\art\bitmaps\gui\in_game\menus\b_gui_ig_mnu_icon_door_hov.%img%
\art\bitmaps\gui\in_game\menus\b_gui_ig_mnu_icon_pause_down.%img%
\art\bitmaps\gui\in_game\menus\b_gui_ig_mnu_icon_pause_up.%img%
\art\bitmaps\gui\in_game\menus\b_gui_ig_mnu_icon_pause_hov.%img%
\art\bitmaps\gui\in_game\menus\b_gui_ig_mnu_icon_play_down.%img%
\art\bitmaps\gui\in_game\menus\b_gui_ig_mnu_icon_play_up.%img%
\art\bitmaps\gui\in_game\menus\b_gui_ig_mnu_icon_play_hov.%img%
\art\bitmaps\gui\in_game\menus\b_gui_ig_mnu_icon_book_dwn.%img%
\art\bitmaps\gui\in_game\menus\b_gui_ig_mnu_icon_book_up.%img%
\art\bitmaps\gui\in_game\menus\b_gui_ig_mnu_icon_book_hov.%img%
\art\bitmaps\gui\in_game\menus\b_gui_ig_mnu_statusbar.%img%
\art\bitmaps\gui\in_game\menus\b_gui_ig_mnu_label_up.%img%
\art\bitmaps\gui\in_game\menus\b_gui_ig_mnu_label_off_down.%img%
\art\bitmaps\gui\in_game\menus\b_gui_ig_mnu_label_down.%img%
\art\bitmaps\gui\in_game\menus\b_gui_ig_mnu_label_off_up.%img%
\art\bitmaps\gui\in_game\menus\b_gui_ig_mnu_label_off_hov.%img%
\art\bitmaps\gui\in_game\menus\b_gui_ig_mnu_label_hov.%img%
\art\bitmaps\gui\in_game\menus\b_gui_ig_mnu_deadnet.%img%
\art\bitmaps\gui\in_game\menus\b_gui_ig_mnu_icon_book_red.%img%
\art\bitmaps\gui\in_game\menus\b_gui_ig_mnu_slownet.%img%
\ui\interfaces\backend\character_awp\dir.lqd18
\art\bitmaps\gui\in_game\menus\b_gui_ig_mnu_awp_buttons-dis.%img%
\art\bitmaps\gui\in_game\menus\b_gui_ig_mnu_awp_buttons.%img%
\art\bitmaps\gui\in_game\menus\b_gui_ig_mnu_awp_buttons-dwn.%img%
\art\bitmaps\gui\in_game\menus\b_gui_ig_mnu_awp_buttons-hov.%img%
\art\bitmaps\gui\in_game\inventory\dir.lqd18
\art\bitmaps\gui\in_game\inventory\icons\dir.lqd18
\art\bitmaps\gui\in_game\inventory\icons\b_gui_ig_i_ic_c_death.%img%
\art\bitmaps\gui\in_game\menus\b_gui_ig_mnu_awp.%img%
\art\bitmaps\gui\in_game\menus\b_gui_ig_mnu_awp_yellow.%img%
\art\bitmaps\gui\in_game\menus\b_gui_ig_mnu_awp_red.%img%
\art\bitmaps\gui\in_game\menus\b_gui_ig_mnu_awp_blank.%img%
\ui\interfaces\backend\field_commands\dir.lqd18
\art\bitmaps\gui\in_game\menus\b_gui_ig_mnu_chat_dwn.%img%
\art\bitmaps\gui\in_game\menus\b_gui_ig_mnu_chat_up.%img%
\art\bitmaps\gui\in_game\menus\b_gui_ig_mnu_chat_hov.%img%
\art\bitmaps\gui\in_game\menus\b_gui_ig_mnu_get_loot_down.%img%
\art\bitmaps\gui\in_game\menus\b_gui_ig_mnu_get_loot_up.%img%
\art\bitmaps\gui\in_game\menus\b_gui_ig_mnu_get_loot_hov.%img%
\art\bitmaps\gui\in_game\menus\b_gui_ig_mnu_disband_dwn.%img%
\art\bitmaps\gui\in_game\menus\b_gui_ig_mnu_disband_up.%img%
\art\bitmaps\gui\in_game\menus\b_gui_ig_mnu_disband_hov.%img%
\art\bitmaps\gui\in_game\menus\b_gui_ig_mnu_fieldcom_l_dwn.%img%
\art\bitmaps\gui\in_game\menus\b_gui_ig_mnu_fieldcom_l_up.%img%
\art\bitmaps\gui\in_game\menus\b_gui_ig_mnu_fieldcom_l_hov.%img%
\art\bitmaps\gui\in_game\menus\b_gui_ig_mnu_fieldcom_r_dwn.%img%
\art\bitmaps\gui\in_game\menus\b_gui_ig_mnu_fieldcom_r_up.%img%
\art\bitmaps\gui\in_game\menus\b_gui_ig_mnu_fieldcom_r_hov.%img%
\art\bitmaps\gui\in_game\menus\b_gui_ig_mnu_follow_on_up.%img%
\art\bitmaps\gui\in_game\menus\b_gui_ig_mnu_follow_off_dwn.%img%
\art\bitmaps\gui\in_game\menus\b_gui_ig_mnu_follow_on_down.%img%
\art\bitmaps\gui\in_game\menus\b_gui_ig_mnu_follow_off_up.%img%
\art\bitmaps\gui\in_game\menus\b_gui_ig_mnu_follow_off_hov.%img%
\art\bitmaps\gui\in_game\menus\b_gui_ig_mnu_follow_on_hov.%img%
\art\bitmaps\gui\in_game\menus\b_gui_ig_mnu_form7_dwn.%img%
\art\bitmaps\gui\in_game\menus\b_gui_ig_mnu_form7_up.%img%
\art\bitmaps\gui\in_game\menus\b_gui_ig_mnu_form7_hov.%img%
\art\bitmaps\gui\in_game\menus\b_gui_ig_mnu_form3_dwn.%img%
\art\bitmaps\gui\in_game\menus\b_gui_ig_mnu_form3_up.%img%
\art\bitmaps\gui\in_game\menus\b_gui_ig_mnu_form3_hov.%img%
\art\bitmaps\gui\in_game\menus\b_gui_ig_mnu_form4_dwn.%img%
\art\bitmaps\gui\in_game\menus\b_gui_ig_mnu_form4_up.%img%
\art\bitmaps\gui\in_game\menus\b_gui_ig_mnu_form4_hov.%img%
\art\bitmaps\gui\in_game\menus\b_gui_ig_mnu_form2_dwn.%img%
\art\bitmaps\gui\in_game\menus\b_gui_ig_mnu_form2_up.%img%
\art\bitmaps\gui\in_game\menus\b_gui_ig_mnu_form2_hov.%img%
\art\bitmaps\gui\in_game\menus\b_gui_ig_mnu_form6_dwn.%img%
\art\bitmaps\gui\in_game\menus\b_gui_ig_mnu_form6_up.%img%
\art\bitmaps\gui\in_game\menus\b_gui_ig_mnu_form6_hov.%img%
\art\bitmaps\gui\in_game\menus\b_gui_ig_mnu_form1_dwn.%img%
\art\bitmaps\gui\in_game\menus\b_gui_ig_mnu_form1_up.%img%
\art\bitmaps\gui\in_game\menus\b_gui_ig_mnu_form1_hov.%img%
\art\bitmaps\gui\in_game\menus\b_gui_ig_mnu_minimize-dwn.%img%
\art\bitmaps\gui\in_game\menus\b_gui_ig_mnu_minimize-up.%img%
\art\bitmaps\gui\in_game\menus\b_gui_ig_mnu_minimize-hov.%img%
\art\bitmaps\gui\in_game\menus\b_gui_ig_mnu_select_dwn.%img%
\art\bitmaps\gui\in_game\menus\b_gui_ig_mnu_select_up.%img%
\art\bitmaps\gui\in_game\menus\b_gui_ig_mnu_select_hov.%img%
\art\bitmaps\gui\common\b_gui_cmn_crystal_on_dwn.%img%
\art\bitmaps\gui\common\b_gui_cmn_crystal_on_hov.%img%
\art\bitmaps\gui\in_game\menus\b_gui_ig_mnu_fieldcom.%img%
\ui\interfaces\backend\multi_inventory\dir.lqd18
\art\bitmaps\gui\in_game\menus\b_gui_ig_mnu_ip_gold.%img%
\art\bitmaps\gui\in_game\menus\b_gui_ig_mnu_ip_arrange_dwn.%img%
\art\bitmaps\gui\in_game\menus\b_gui_ig_mnu_ip_arrange_up.%img%
\art\bitmaps\gui\in_game\menus\b_gui_ig_mnu_ip_arrange_hov.%img%
\ui\interfaces\backend\inventory\dir.lqd18
\art\bitmaps\gui\in_game\menus\b_gui_ig_mnu_ip_grid.%img%
\art\bitmaps\gui\in_game\menus\b_gui_ig_mnu_ip_gold_box.%img%
\ui\interfaces\backend\store\dir.lqd18
\ui\interfaces\backend\character\dir.lqd18
\art\bitmaps\gui\in_game\menus\b_gui_ig_mnu_minimize-book-dwn.%img%
\art\bitmaps\gui\in_game\menus\b_gui_ig_mnu_minimize-book-up.%img%
\art\bitmaps\gui\in_game\menus\b_gui_ig_mnu_minimize-book-hov.%img%
\art\bitmaps\gui\in_game\menus\b_gui_ig_mnu_cp_top_01.%img%
\art\bitmaps\gui\in_game\menus\b_gui_ig_mnu_cp_mid_01.%img%
\art\bitmaps\gui\in_game\menus\b_gui_ig_mnu_cp_bot_01.%img%
\art\bitmaps\gui\in_game\menus\b_gui_ig_mnu_cp_ghost_amulet.%img%
\art\bitmaps\gui\in_game\menus\b_gui_ig_mnu_cp_ghost_body.%img%
\art\bitmaps\gui\in_game\menus\b_gui_ig_mnu_cp_ghost_book.%img%
\art\bitmaps\gui\in_game\menus\b_gui_ig_mnu_cp_ghost_boot.%img%
\art\bitmaps\gui\in_game\menus\b_gui_ig_mnu_cp_ghost_gloves.%img%
\art\bitmaps\gui\in_game\menus\b_gui_ig_mnu_cp_ghost_helmet.%img%
\art\bitmaps\gui\in_game\menus\b_gui_ig_mnu_cp_ghost_sword.%img%
\art\bitmaps\gui\in_game\menus\b_gui_ig_mnu_cp_ghost_bow.%img%
\art\bitmaps\gui\in_game\menus\b_gui_ig_mnu_cp_ghost_ring.%img%
\art\bitmaps\gui\in_game\menus\b_gui_ig_mnu_cp_ghost_shield.%img%
\art\bitmaps\gui\in_game\menus\b_gui_ig_mnu_combat-magic.%img%
\art\bitmaps\gui\in_game\menus\b_gui_ig_mnu_combat.%img%
\art\bitmaps\gui\in_game\menus\b_gui_ig_mnu_nature-magic.%img%
\art\bitmaps\gui\in_game\menus\b_gui_ig_mnu_ranged.%img%
\ui\interfaces\backend\spell\dir.lqd18
\art\bitmaps\gui\in_game\menus\b_gui_ig_mnu_sb_box.%img%
\ui\interfaces\backend\lore_book\dir.lqd18
\art\bitmaps\gui\common\b_gui_cmn_jbox_x_down.%img%
\art\bitmaps\gui\common\b_gui_cmn_jbox_x_up.%img%
\art\bitmaps\gui\common\b_gui_cmn_jbox_x_hov.%img%
\art\bitmaps\gui\common\b_gui_cmn_slider_jnl_top.%img%
\art\bitmaps\gui\common\b_gui_cmn_slider_jnl_mid.%img%
\art\bitmaps\gui\common\b_gui_cmn_slider_jnl_bot.%img%
\art\bitmaps\gui\in_game\menus\b_gui_ig_mnu_jnl_arrow_down.%img%
\art\bitmaps\gui\in_game\menus\b_gui_ig_mnu_jnl_arrow_up.%img%
\art\bitmaps\gui\fonts\b_gui_fnt_16p_copperplate-light.%img%
\art\bitmaps\gui\in_game\menus\b_gui_ig_mnu_jnl_01.%img%
\art\bitmaps\gui\in_game\menus\b_gui_ig_mnu_jnl_02.%img%
\art\bitmaps\gui\in_game\menus\b_gui_ig_mnu_jnl_03.%img%
\art\bitmaps\gui\in_game\menus\b_gui_ig_mnu_jnl_04.%img%
\ui\interfaces\backend\debug\dir.lqd18
\art\bitmaps\gui\fonts\b_gui_fnt_30p-numbers.%img%
\ui\interfaces\backend\rollover_help\dir.lqd18
\ui\interfaces\backend\gold_transfer\dir.lqd18
\ui\interfaces\backend\jip_glass\dir.lqd18
\ui\interfaces\backend\game_console\dir.lqd18
\ui\interfaces\backend\console_output\dir.lqd18
\ui\interfaces\backend\dialogue_box\dir.lqd18
\ui\interfaces\backend\hire_stats\dir.lqd18
\ui\interfaces\backend\nis_subtitle\dir.lqd18
\ui\interfaces\backend\multiplayer_respawn\dir.lqd18
\ui\interfaces\backend\icons\dir.lqd18
\ui\interfaces\backend\compass_hotpoints\dir.lqd18
\art\bitmaps\gui\in_game\menus\b_gui_ig_mnu_compass_spinner-dwn.%img%
\art\bitmaps\gui\in_game\menus\b_gui_ig_mnu_compass_spinner-up.%img%
\art\bitmaps\gui\in_game\menus\b_gui_ig_mnu_compass_spinner-hov.%img%
\art\bitmaps\gui\in_game\menus\b_gui_ig_mnu_compass_spinner_small-dwn.%img%
\art\bitmaps\gui\in_game\menus\b_gui_ig_mnu_compass_spinner_small.%img%
\art\bitmaps\gui\in_game\menus\b_gui_ig_mnu_compass_spinner_small-hov.%img%
\art\bitmaps\gui\in_game\menus\b_gui_ig_mnu_camera.%img%
\ui\interfaces\backend\in_game_menu\dir.lqd18
\ui\interfaces\backend\defeat_menu\dir.lqd18
\ui\interfaces\backend\loadsave_game\dir.lqd18
\ui\interfaces\backend\multiplayer_timer\dir.lqd18
\ui\interfaces\backend\pause\dir.lqd18
\ui\interfaces\backend\defeat_dialog\dir.lqd18
\ui\interfaces\backend\world_tip\dir.lqd18
\art\bitmaps\gui\common\b_gui_cmn_checkbox.%img%
\art\bitmaps\gui\common\b_gui_cmn_checkbox_x.%img%
\art\bitmaps\gui\in_game\menus\b_gui_ig_mnu_gen_friend.%img%
\ui\interfaces\backend\backend_dialog\dir.lqd18
\ui\config\paperdoll_positions\dir.lqd18
\art\bitmaps\gui\in_game\inventory\icons\b_gui_ig_i_ic_dg_st.%img%
\art\bitmaps\gui\in_game\inventory\armor\dir.lqd18
\art\bitmaps\gui\in_game\inventory\armor\boot\dir.lqd18
\art\bitmaps\gui\in_game\inventory\armor\boot\b_gui_ig_i_a_boot_068.%img%
\art\bitmaps\gui\in_game\inventory\items\dir.lqd18
\art\bitmaps\gui\in_game\inventory\items\b_gui_ig_i_it_magic-book.%img%
\art\bitmaps\gui\in_game\inventory\weapons\dir.lqd18
\art\bitmaps\gui\in_game\inventory\weapons\dagger\dir.lqd18
\art\bitmaps\gui\in_game\inventory\weapons\dagger\b_gui_ig_i_w_dgr_007.%img%
\sound\effects\s_e_burning_small.wav
\art\bitmaps\sfx\b_sfx_smoke.%img%
\art\bitmaps\sfx\b_sfx_fireball-01.%img%
\sound\music\s_m_king_intro.mp3
\sound\effects\s_e_ambient_bird1.wav
\sound\effects\s_e_ambient_bird2.wav
\sound\effects\s_e_ambient_woods_01.wav
\sound\effects\s_e_env_waterfall.wav
\sound\effects\s_e_env_birds.wav
\sound\effects\s_e_burning_large.wav
\sound\effects\s_e_env_waterwheel.wav
\sound\effects\s_e_ambient_wind_01b.wav
\world\maps\map_world\regions\fh_r1\conversations\dir.lqd18
\sound\voices\s_v_king_intro.mp3
\art\bitmaps\characters\evil_d_monsters\b_c_edm_sp.%img%
\art\bitmaps\gui\in_game\inventory\icons\b_gui_ig_i_ic_ms_ho.%img%
\art\bitmaps\gui\in_game\inventory\weapons\misc\dir.lqd18
\art\bitmaps\gui\in_game\inventory\weapons\misc\b_gui_ig_i_w_msc_017.%img%
\art\meshes\items\global\m_i_glb_leaf.asp
\art\animations\skrits\random_transition.skrit
\art\animations\items\global\a_i_glb_leaf-fall-01.prs
\art\animations\items\global\a_i_glb_leaf-fall-02.prs
\art\animations\items\global\a_i_glb_leaf-fall-03.prs
\art\bitmaps\items\grass\b_i_grs_leaf-oak.%img%
\art\bitmaps\items\grass\b_i_grs_leaf-autumn.%img%
\art\terrain\grass_1\t_grs01_path_8b.sno
\art\bitmaps\terrain\grass_1\b_t_grs01_path03-256x256-01.%img%
\art\meshes\weapons\club\m_w_clb_007.asp
\art\terrain\generic\wall\t_xxx_wal_04-thin.sno
\art\terrain\generic\wall\t_xxx_wal_04-thck.sno
\art\terrain\grass_1\t_grs01_path_8f.sno
\art\meshes\weapons\club\m_w_clb_003.asp
\art\meshes\weapons\bow\m_w_bow_001.asp
\art\meshes\weapons\arrow\m_w_arw_001.asp
\art\meshes\armor\suits\m_a_suit_a7.asp
\art\bitmaps\characters\body_armor\type7\dir.lqd18
\art\meshes\items\global\m_i_glb_cart.asp
\art\bitmaps\terrain\grass_1\b_t_grs01_path02-256x256-01.%img%
\art\bitmaps\sfx\b_sfx_feather_white.%img%
\art\terrain\generic\wall\t_xxx_wal_08-tx-04-r.sno
\art\terrain\generic\ramp\t_xxx_rmp_tx-wal-04-thin-r.sno
\sound\effects\s_e_gui_pick_up.wav
\art\terrain\generic\corner\t_xxx_cnr_04-ccav.sno
\art\terrain\farmhouse\t_fh00_pth-traverse-e3.sno
\art\terrain\generic\ramp\t_xxx_rmp_thin.sno
\art\terrain\generic\ramp\t_xxx_rmp_cnr-ccav.sno
\art\meshes\weapons\club\m_w_clb_005.asp
\art\meshes\weapons\club\m_w_clb_001.asp
\art\bitmaps\gui\in_game\menus\b_gui_ig_mnu_arrow.%img%
\art\meshes\items\global\m_i_glb_sign-01.asp
\art\bitmaps\terrain\grass_1\b_t_grs01_path06-256x256-01.%img%
\art\bitmaps\items\global\b_i_glb_sign-01.%img%
\sound\effects\s_e_gui_put_down_staff.wav
\art\terrain\generic\wall\t_xxx_wal_08-tx-rmp-r.sno
\art\terrain\generic\ramp\t_xxx_rmp_tx-wal-04-thin-l.sno
\art\terrain\generic\floor\t_xxx_flr_08x08-v2.sno
\art\terrain\generic\ramp\t_xxx_rmp_cnr-cnvx.sno
\art\bitmaps\terrain\grass_1\b_t_grs01_traverse-l-e3.%img%
\art\bitmaps\terrain\b_t_rope-a.%img%
\art\bitmaps\terrain\grass_1\b_t_grs01_ele-logplain.%img%
\art\bitmaps\terrain\grass_1\b_t_grs01_ele-logend.%img%
\art\bitmaps\terrain\grass_1\wall\b_t_grs01_wal_08x08-f.%img%
\art\terrain\generic\wall\t_xxx_wal_04-diag-thick-r.sno
\art\terrain\generic\wall\t_xxx_wal_08-tx-rmp-l.sno
\sound\voices\s_v_fh_norick1.mp3
\sound\effects\s_e_env_break_container_wood.wav
\sound\effects\s_e_hit_wood_wood.wav
\art\bitmaps\items\global\b_i_glb_frag-wood-med.%img%
\sound\effects\s_e_swing_01.wav
\sound\effects\s_e_level_up_quest_update.wav
\art\bitmaps\gui\cursors\b_gui_c_smash1.flm
\ui\interfaces\chapters\dir.lqd18
\ui\interfaces\chapters\chapter_1\dir.lqd18
\art\bitmaps\gui\nis\b_gui_nis_ch01.%img%
\sound\effects\s_e_gui_spell_book.wav
\ui\interfaces\backend\journal\dir.lqd18
\art\bitmaps\gui\in_game\menus\b_gui_ig_mnu_jnl_quest_01.%img%
\art\bitmaps\gui\cursors\b_gui_c_grab1.flm
\sound\effects\s_e_gui_order_attack.wav
\art\terrain\generic\path\t_xxx_pth_08x04-f.sno
\art\terrain\generic\path\t_xxx_pth_08x04-d.sno
\art\bitmaps\terrain\grass_1\floor\b_t_grs01_flr_dtl-08x08-a.%img%
\art\terrain\generic\corner\t_xxx_cnr_tee-04-04-08-r.sno
\art\meshes\items\global\m_i_glb_log-hollow.asp
\art\bitmaps\terrain\grass_1\path\b_t_grs01_pth_08x04-f.%img%
\art\bitmaps\terrain\grass_1\path\b_t_grs01_pth_08x04-d.%img%
\art\bitmaps\items\grass\b_i_grs_log-hollow.%img%
\art\bitmaps\gui\in_game\menus\b_gui_ig_mnu_tip_pointer_norm.%img%
\art\bitmaps\gui\in_game\menus\b_gui_ig_mnu_tip_default.%img%
\sound\effects\s_e_frontend_tiny_button.wav
\sound\effects\s_e_call_krug_scout.wav
\art\terrain\grass_1\t_grs01_path_8c.sno
\art\terrain\generic\corner\t_xxx_cnr_tee-04-04-08-l.sno
\sound\effects\s_e_ambient_wind_02.wav
\sound\effects\s_e_swing_02.wav
\sound\effects\s_e_hit_steeledge_wood.wav
\art\bitmaps\items\global\b_i_glb_gold.%img%
\art\bitmaps\items\global\b_i_glb_frag-metal-med.%img%
\sound\music\s_m_maintheme.mp3
\art\bitmaps\gui\in_game\inventory\icons\b_gui_ig_i_ic_sp_078_inv.%img%
\sound\effects\s_e_gui_put_down_scroll.wav
\art\bitmaps\gui\in_game\inventory\items\b_gui_ig_i_it_gold-pile.%img%
\sound\effects\s_e_gui_put_down_gold.wav
\art\bitmaps\sfx\b_sfx_blood_003.%img%
\sound\effects\s_e_swing_04.wav
\art\bitmaps\sfx\b_sfx_blood_001.%img%
\sound\effects\s_e_swing_03.wav
\art\bitmaps\sfx\b_sfx_blood_002.%img%
\sound\effects\s_e_hit_krug_scout.wav
\sound\effects\s_e_hit_steeledge_flesh1.wav
\sound\effects\s_e_hit_woodblunt_med2.wav
\sound\effects\s_e_die_krug_scout.wav
\art\bitmaps\gui\in_game\inventory\icons\b_gui_ig_i_ic_sp_001_inv.%img%
\art\bitmaps\gui\in_game\inventory\weapons\club\dir.lqd18
\art\bitmaps\gui\in_game\inventory\weapons\club\b_gui_ig_i_w_clb_002.%img%
\world\ai\dir.lqd18
\art\meshes\items\global\m_i_glb_waypoint-10.asp
\sound\effects\s_e_gui_order_move.wav
\art\bitmaps\items\global\b_i_glb_waypoint-green.%img%
\sound\effects\s_e_gui_inventory_sheet.wav
\art\bitmaps\gui\in_game\inventory\icons\b_gui_ig_i_ic_sp_001.%img%
\art\bitmaps\gui\in_game\inventory\icons\b_gui_ig_i_ic_sp_078.%img%
\art\bitmaps\gui\in_game\inventory\icons\b_gui_ig_i_ic_clb_001.%img%
\sound\effects\s_e_gui_put_down_sword.wav
\sound\effects\s_e_gui_order_cast.wav
\sound\effects\s_e_spell_zap_cast.wav
\art\bitmaps\characters\body_armor\type7\b_c_pos_a7_011.%img%
\sound\effects\s_e_gui_put_down_robe.wav
\sound\effects\s_e_gui_put_down_bow.wav
\art\bitmaps\terrain\grass_1\b_t_grs01_path07-256x256-01.%img%
\art\terrain\generic\ramp\t_xxx_rmp_tx-wal-04-thck-l.sno
\art\terrain\generic\corner\t_xxx_cnr_32-ccav.sno
\art\terrain\generic\bridge\t_xxx_brdg_tx-wood-wal-32.sno
\art\terrain\generic\wall\t_xxx_wal_32-thin.sno
\art\terrain\generic\wall\t_xxx_wal_08-tx-32-l.sno
\art\meshes\items\global\m_i_glb_bottle-potion.asp
\art\meshes\weapons\club\m_w_clb_008.asp
\art\animations\items\global\a_i_glb_bush-10-still.prs
\art\animations\items\global\a_i_glb_bush-10-shake.prs
\art\meshes\characters\evil_d_monsters\skrubb\m_c_edm_sb_pos_1.asp
\world\ai\jobs\actors\evil\job_die_delete.skrit
\world\ai\jobs\common\job_startup_reveal.skrit
\art\meshes\weapons\misc\m_w_misc_024.asp
\art\animations\characters\evil_d_monsters\skrubb\fs0\a_c_edm_sb_fs0_ds.prs
\art\animations\characters\evil_d_monsters\skrubb\fs0\a_c_edm_sb_fs0_rv.prs
\art\animations\characters\evil_d_monsters\skrubb\fs0\a_c_edm_sb_fs0_di.prs
\art\animations\characters\evil_d_monsters\skrubb\fs0\a_c_edm_sb_fs0_at.prs
\art\animations\characters\evil_d_monsters\skrubb\fs0\a_c_edm_sb_fs0_dff.prs
\art\animations\characters\evil_d_monsters\skrubb\fs0\a_c_edm_sb_fs0_at-02.prs
\art\meshes\items\grass\m_i_grs_spawner-01.asp
\art\bitmaps\characters\evil_d_monsters\b_c_edm_sb-03.%img%
\sound\effects\s_e_meat_explosion.wav
\art\terrain\generic\corner\t_xxx_cnr_32-cnvx.sno
\art\terrain\generic\bridge\t_xxx_brdg_wood-04.sno
\art\bitmaps\terrain\grass_1\wall\b_t_grs01_wal_08x08-k.%img%
\art\bitmaps\terrain\grass_1\path\b_t_grs01_pth_04x04-b.%img%
\art\bitmaps\terrain\grass_1\river\b_t_grs01_rvr_bridge-boards-a.%img%
\art\bitmaps\terrain\grass_1\river\b_t_grs01_rvr_bridge-log-a.%img%
\art\bitmaps\terrain\grass_1\river\b_t_grs01_rvr_bridge-logend-a.%img%
\art\terrain\generic\wall\t_xxx_wal_08-tx-32-r.sno
\art\terrain\generic\wall\t_xxx_wal_32-thck.sno
\art\terrain\grass_1\t_grs01_path_4b.sno
\art\bitmaps\terrain\grass_1\wall\b_t_grs01_wal_08x08-j.%img%
\art\terrain\generic\path\t_xxx_pth_08x04-e.sno
\art\terrain\generic\floor\t_xxx_flr_04x04-v2.sno
\art\meshes\characters\evil_d_monsters\gremal\m_c_edm_gm_pos_2.asp
\world\ai\jobs\actors\evil\job_fidget_curious.skrit
\art\animations\characters\evil_d_monsters\gremal\fs0\a_c_edm_gm_fs0_ds.prs
\art\animations\characters\evil_d_monsters\gremal\fs0\a_c_edm_gm_fs0_wl.prs
\art\animations\characters\evil_d_monsters\gremal\fs0\a_c_edm_gm_fs0_di.prs
\art\animations\characters\evil_d_monsters\gremal\fs0\a_c_edm_gm_fs0_at.prs
\art\animations\characters\evil_d_monsters\gremal\fs0\a_c_edm_gm_fs0_dff.prs
\art\meshes\weapons\dagger\m_w_dag_001.asp
\art\animations\characters\evil_a_monsters\krug\fs0\a_c_eam_kg_fs0_rl.prs
\art\animations\characters\evil_a_monsters\krug\fs1\a_c_eam_kg_fs1_rl.prs
\art\meshes\characters\evil_d_monsters\swamp_stinger\m_c_edm_st_pos_1.asp
\art\meshes\items\global\m_i_glb_frag-phrak-01.asp
\art\meshes\items\global\m_i_glb_frag-phrak-02.asp
\art\meshes\items\global\m_i_glb_frag-phrak-03.asp
\art\meshes\items\global\m_i_glb_frag-phrak-04.asp
\art\meshes\items\global\m_i_glb_frag-phrak-05.asp
\art\meshes\weapons\misc\m_w_misc_023.asp
\art\animations\characters\evil_d_monsters\swamp_stinger\fs0\a_c_edm_st_fs0_dfs.prs
\art\animations\characters\evil_d_monsters\swamp_stinger\fs0\a_c_edm_st_fs0_fl.prs
\art\animations\characters\evil_d_monsters\swamp_stinger\fs0\a_c_edm_st_fs0_di.prs
\art\animations\characters\evil_d_monsters\swamp_stinger\fs0\a_c_edm_st_fs0_at.prs
\art\animations\characters\evil_d_monsters\swamp_stinger\fs0\a_c_edm_st_fs0_at-02.prs
\art\animations\characters\evil_d_monsters\swamp_stinger\fs0\a_c_edm_st_fs0_dff.prs
\art\bitmaps\terrain\grass_1\b_t_grs01_path02-128x128-01.%img%
\art\bitmaps\characters\evil_d_monsters\b_c_edm_gm.%img%
\art\bitmaps\characters\evil_a_monsters\b_c_eam_ksc.%img%
\art\bitmaps\characters\evil_d_monsters\b_c_edm_ph-02.%img%
\art\terrain\grass_1\t_grs01_path_8a.sno
\art\terrain\generic\ramp\t_xxx_rmp_ctx-hal-l.sno
\art\terrain\generic\corner\t_xxx_cnr_tee-04-08-12-l.sno
\art\bitmaps\items\global\b_i_glb_bottle-red-01.%img%
\sound\effects\s_e_gui_put_down_potion.wav
\art\bitmaps\items\global\b_i_glb_bottle-blue-01.%img%
\art\terrain\generic\path\t_xxx_pth_08x04-a.sno
\art\terrain\generic\path\t_xxx_pth_04x04-a.sno
\art\terrain\generic\hall\t_xxx_hal_ctx-wal-04-l.sno
\art\meshes\items\grass\m_i_grs_ivy-04.asp
\art\bitmaps\terrain\grass_1\path\b_t_grs01_pth_08x04-e.%img%
\art\bitmaps\items\grass\b_i_grs_tree-mauve.%img%
\ui\interfaces\backend\quick_save\dir.lqd18
\sound\effects\s_e_ambient_rain1.wav
\art\meshes\items\global\m_i_glb_stump.asp
\art\bitmaps\terrain\grass_1\b_t_grs01_path04-256x256-01.%img%
\art\bitmaps\items\grass\b_i_grs_stump.%img%
\sound\effects\s_e_env_brush_rustle.wav
\art\terrain\generic\path\t_xxx_pth_04x04-b.sno
\art\terrain\generic\path\t_xxx_pth_08x04-c.sno
\art\meshes\items\global\m_i_glb_log-split.asp
\art\bitmaps\characters\evil_d_monsters\b_c_edm_ph.%img%
\art\bitmaps\items\grass\b_i_grs_log-split.%img%
\sound\effects\s_e_call_skrubb_small.wav
\art\bitmaps\items\grass\b_i_grs_spawner-01.%img%
\art\terrain\generic\floor\t_xxx_flr_04x04-v3.sno
\art\bitmaps\sfx\b_sfx_yellow_goo-01.%img%
\art\bitmaps\sfx\b_sfx_green_goo-01.%img%
\art\terrain\generic\ramp\t_xxx_rmp_pth-traverse-rails-r.sno
\art\bitmaps\terrain\grass_1\path\b_t_grs01_pth_04x04-a.%img%
\sound\effects\s_e_die_skrubb.wav
\art\bitmaps\gui\in_game\inventory\icons\b_gui_ig_i_ic_sp_080_inv.%img%
\art\terrain\generic\wall\t_xxx_wal_12-tx-rmp-r.sno
\art\bitmaps\terrain\grass_1\path\b_t_grs01_pth_08x04-a.%img%
\art\terrain\generic\path\t_xxx_pth_08x08-d.sno
\art\bitmaps\terrain\grass_1\wall\b_t_grs01_wal_08x08-h.%img%
\art\terrain\generic\path\t_xxx_pth_08x04-g.sno
\art\meshes\armor\suits\m_a_suit_a1.asp
\art\meshes\items\global\m_i_glb_dead_farmer-03.asp
\art\bitmaps\terrain\grass_1\path\b_t_grs01_pth_08x08-d.%img%
\art\bitmaps\characters\good_b_npc\b_c_gbn_pmo-03.%img%
\sound\music\s_m_farmhouse_02.mp3
\art\terrain\generic\path\t_xxx_pth_08x08-f.sno
\art\terrain\generic\corner\h2o\t_xxx_cnr_h2o_02b-ccav.sno
\art\terrain\generic\path\t_xxx_pth_04x04-e.sno
\art\meshes\items\grass\m_i_grs_bush-04.asp
\art\bitmaps\terrain\grass_1\path\b_t_grs01_pth_08x04-g.%img%
\art\bitmaps\items\grass\b_i_grs_bush-04.%img%
\art\terrain\generic\path\t_xxx_pth_08x04-h.sno
\art\terrain\generic\wall\h2o\t_xxx_wal_h2o_02a-tx-02b-ccav-thin-l.sno
\art\terrain\generic\corner\h2o\t_xxx_cnr_h2o_02a-ccav.sno
\art\meshes\characters\evil_d_monsters\krugdog\m_c_edm_kd_pos_1.asp
\art\meshes\items\global\m_i_glb_frag-generic-01.asp
\art\meshes\items\global\m_i_glb_frag-generic-02.asp
\art\meshes\items\global\m_i_glb_frag-generic-03.asp
\art\meshes\items\global\m_i_glb_frag-generic-06.asp
\art\meshes\items\global\m_i_glb_frag-generic-08.asp
\art\meshes\items\global\m_i_glb_frag-generic-09.asp
\art\meshes\items\global\m_i_glb_frag-generic-10.asp
\art\meshes\items\global\m_i_glb_frag-generic-11.asp
\art\meshes\items\global\m_i_glb_frag-generic-12.asp
\art\animations\characters\evil_d_monsters\krugdog\fs0\a_c_edm_kd_fs0_ds.prs
\art\animations\characters\evil_d_monsters\krugdog\fs0\a_c_edm_kd_fs0_rl.prs
\art\animations\characters\evil_d_monsters\krugdog\fs0\a_c_edm_kd_fs0_di.prs
\art\animations\characters\evil_d_monsters\krugdog\fs0\a_c_edm_kd_fs0_at-04.prs
\art\animations\characters\evil_d_monsters\krugdog\fs0\a_c_edm_kd_fs0_at-02.prs
\art\animations\characters\evil_d_monsters\krugdog\fs0\a_c_edm_kd_fs0_at-03.prs
\art\animations\characters\evil_d_monsters\krugdog\fs0\a_c_edm_kd_fs0_at.prs
\art\animations\characters\evil_d_monsters\krugdog\fs0\a_c_edm_kd_fs0_dff.prs
\art\animations\characters\evil_d_monsters\krugdog\fs0\a_c_edm_kd_fs0_dsf.prs
\art\animations\characters\evil_d_monsters\krugdog\fs0\a_c_edm_kd_fs0_dsf-02.prs
\art\meshes\items\grass\m_i_grs_flowers-05.asp
\art\bitmaps\terrain\grass_1\path\b_t_grs01_pth_04x04-e.%img%
\art\bitmaps\characters\evil_d_monsters\b_c_edm_kd.%img%
\art\bitmaps\items\grass\b_i_grs_flowers-05.%img%
\art\terrain\generic\wall\h2o\t_xxx_wal_h2o_02a-tx-02b-cnvx-thin-l.sno
\art\terrain\generic\corner\h2o\t_xxx_cnr_h2o_02a-tx-02b-cnvx-thin-r.sno
\art\terrain\generic\floor\h2o\t_xxx_flr_h2o_04x04-v0.sno
\art\terrain\generic\wall\h2o\t_xxx_wal_h2o_02a-tx-02b-cnvx-thin-r.sno
\art\terrain\generic\wall\h2o\t_xxx_wal_h2o_02a-diag-thick-r.sno
\art\terrain\generic\wall\h2o\t_xxx_wal_h2o_02a-tx-02b-ccav-thin-r.sno
\art\meshes\items\global\m_i_glb_body-pmb-01.asp
\art\meshes\items\global\m_i_glb_dead_krug-01.asp
\art\bitmaps\terrain\grass_1\path\b_t_grs01_pth_08x04-h.%img%
\art\bitmaps\terrain\grass_1\river\b_t_grs01_rvr_water-2a-1.%img%
\art\bitmaps\terrain\grass_1\river\b_t_grs01_rvr_water-2a-2.%img%
\art\bitmaps\terrain\grass_1\river\b_t_grs01_rvr_water-2a-3.%img%
\art\bitmaps\terrain\grass_1\river\b_t_grs01_rvr_water-2a-4.%img%
\art\bitmaps\terrain\grass_1\wall\b_t_grs01_wal_04x04-b.%img%
\art\bitmaps\terrain\grass_1\path\b_t_grs01_pth_08x08-f.%img%
\art\bitmaps\characters\good_b_npc\b_c_gbn_pmb.%img%
\art\bitmaps\characters\evil_a_monsters\b_c_eam_kg.%img%
\sound\effects\s_e_call_phrak.wav
\art\terrain\generic\corner\h2o\t_xxx_cnr_h2o_02a-tx-02b-cnvx-thin-l.sno
\art\terrain\generic\corner\h2o\t_xxx_cnr_h2o_02a-tx-02b-cnvx-thick-r.sno
\art\terrain\generic\floor\h2o\t_xxx_flr_h2o_04x08-v0.sno
\art\meshes\weapons\bow\m_w_bow_026.asp
\art\meshes\characters\evil_d_monsters\mangler\m_c_edm_mn_pos_1.asp
\art\animations\characters\evil_d_monsters\mangler\fs0\a_c_edm_mn_fs0_ds.prs
\art\animations\characters\evil_d_monsters\mangler\fs0\a_c_edm_mn_fs0_wl.prs
\art\animations\characters\evil_d_monsters\mangler\fs0\a_c_edm_mn_fs0_di.prs
\art\animations\characters\evil_d_monsters\mangler\fs0\a_c_edm_mn_fs0_at.prs
\art\animations\characters\evil_d_monsters\mangler\fs0\a_c_edm_mn_fs0_at-02.prs
\art\animations\characters\evil_d_monsters\mangler\fs0\a_c_edm_mn_fs0_dff.prs
\art\animations\characters\evil_d_monsters\mangler\fs0\a_c_edm_mn_fs0_dsf.prs
\art\meshes\items\grass\m_i_grs_cattail-02.asp
\art\bitmaps\characters\evil_d_monsters\b_c_edm_mn-02.%img%
\art\bitmaps\items\grass\b_i_grs_cattail-02.%img%
\sound\effects\s_e_die_phrak.wav
\art\terrain\generic\wall\h2o\t_xxx_wal_h2o_02a-diag-thin-l.sno
\art\terrain\generic\corner\h2o\t_xxx_cnr_h2o_02a-tx-02b-ccav-thin-l.sno
\sound\effects\s_e_attack_phrak_ranged.wav
\art\terrain\generic\wall\t_xxx_wal_08-alcove-a.sno
\art\terrain\grass_1\houses\t_grs01_houses_generic-c-log-lv1.sno
\art\bitmaps\terrain\northern_town\dir.lqd18
\art\bitmaps\terrain\snow_customs\dir.lqd18
\art\meshes\items\grass\m_i_grs_cattail-03.asp
\art\bitmaps\gui\in_game\inventory\items\b_gui_ig_i_it_potion-bottle-health-001.%img%
\art\bitmaps\gui\in_game\inventory\items\b_gui_ig_i_it_potion-fill-health-001.%img%
\sound\effects\s_e_ambient_thunder.wav
\sound\effects\s_e_env_crickets.wav
\art\bitmaps\characters\body_armor\type1\b_c_pos_a1_018.%img%
\sound\effects\s_e_gui_put_down_armor_leather.wav
\art\bitmaps\gui\in_game\inventory\armor\body_armor\dir.lqd18
\art\bitmaps\gui\in_game\inventory\armor\body_armor\b_gui_ig_i_a_pos_a1_018.%img%
\art\meshes\items\global\m_i_glb_crate.asp
\art\meshes\armor\gauntlets\m_a_gntl_type1.asp
\art\bitmaps\armor\gauntlets\dir.lqd18
\art\bitmaps\items\global\b_i_glb_crate.%img%
\art\bitmaps\gui\in_game\inventory\weapons\dagger\b_gui_ig_i_w_dgr_001.%img%
\art\terrain\grass_1\houses\t_grs01_houses_generic-c-log-stairs.sno
\art\terrain\grass_1\houses\t_grs01_houses_generic-c-log-lv1-door-top.sno
\art\meshes\items\global\m_i_glb_door-barn-01.asp
\art\meshes\items\global\m_i_glb_chair-06.asp
\art\meshes\items\castle\m_i_csl_jug-broken-02.asp
\art\meshes\items\global\m_i_glb_table-01.asp
\art\meshes\items\castle\m_i_csl_dishes-broken-01.asp
\art\meshes\items\global\m_i_glb_basket-02.asp
\art\meshes\items\global\m_i_glb_locker-01.asp
\art\bitmaps\terrain\grass_1\b_t_grs01_house-ext-wall.%img%
\art\bitmaps\terrain\northern_town\b_t_nt_wood-base.%img%
\art\bitmaps\terrain\farmhouse\b_t_fh00_foundation-8x2a.%img%
\art\bitmaps\terrain\grass_1\b_t_grs01_house-stones-4x4.%img%
\art\bitmaps\terrain\grass_1\b_t_grs01_house-chimney-front-2x2.%img%
\art\bitmaps\terrain\grass_1\b_t_grs01_house-steps-4x4.%img%
\art\bitmaps\terrain\grass_1\b_t_grs01_house-window-2x2.%img%
\art\bitmaps\terrain\snow_customs\b_t_sc01_logsides-4b.%img%
\art\bitmaps\terrain\grass_1\b_t_grs01_house-ext-windowframe2.%img%
\art\bitmaps\decals\b_d_glb_rug-04.%img%
\art\bitmaps\items\grass\b_i_grs_door-02.%img%
\art\bitmaps\items\global\b_i_glb_chair-06.%img%
\art\bitmaps\items\castle\b_i_csl_jug-broken-02.%img%
\art\bitmaps\items\global\b_i_glb_wood-oak.%img%
\art\bitmaps\items\castle\b_i_csl_dishes-broken-02.%img%
\art\bitmaps\items\global\b_i_glb_basket-02.%img%
\art\bitmaps\items\global\b_i_glb_locker-01.%img%
\art\terrain\grass_1\houses\t_grs01_houses_generic-c-log-lv2.sno
\art\bitmaps\terrain\grass_1\b_t_grs01_house-ext-windowframe.%img%
\art\terrain\grass_1\houses\t_grs01_houses_generic-b-roof-shingle.sno
\art\meshes\items\global\m_i_glb_bookcase-01.asp
\art\meshes\items\global\m_i_glb_bed-04.asp
\art\meshes\items\castle\m_i_csl_bookcase-broken-02.asp
\art\meshes\items\global\m_i_glb_books-01.asp
\art\meshes\items\global\m_i_glb_stool.asp
\art\meshes\items\global\m_i_glb_candle-01.asp
\art\bitmaps\items\global\b_i_glb_bookcase-01.%img%
\art\bitmaps\items\global\b_i_glb_bed-04.%img%
\art\bitmaps\items\castle\b_i_csl_bookcase-broken-02.%img%
\art\bitmaps\items\global\b_i_glb_books-01.%img%
\art\bitmaps\terrain\grass_1\b_t_grs01_house-shingles-4x4.%img%
\art\bitmaps\terrain\grass_1\b_t_grs01_house-rooffront-4x4.%img%
\art\bitmaps\items\global\b_i_glb_candle-01.%img%
\art\terrain\generic\ledge\t_xxx_ledg_tx-wal-12-r.sno
\art\meshes\items\grass\m_i_grs_cart-03.asp
\art\bitmaps\decals\b_d_shade-01.%img%
\art\bitmaps\items\grass\b_i_grs_cart-02.%img%
\art\bitmaps\gui\in_game\inventory\weapons\bow\dir.lqd18
\art\bitmaps\gui\in_game\inventory\weapons\bow\b_gui_ig_i_w_bow_012.%img%
\art\bitmaps\gui\in_game\inventory\icons\b_gui_ig_i_ic_bow_001.%img%
\art\terrain\generic\ledge\t_xxx_ledg_tx-wal-12-r-t.sno
\art\terrain\generic\ledge\t_xxx_ledg_tx-wal-12-r-b.sno
\art\meshes\items\global\m_i_glb_tree-pine-group-01.asp
\art\meshes\items\global\m_i_glb_dead_farmer-02.asp
\art\bitmaps\characters\good_a_heroes\farmboy\b_c_gah_fb_skin_19.%img%
\art\bitmaps\characters\body_armor\type1\b_c_pos_a1_015.%img%
\art\terrain\generic\ledge\t_xxx_ledg_12-cnr-ccav-t.sno
\art\terrain\generic\ledge\t_xxx_ledg_12-cnr-ccav-b.sno
\art\terrain\generic\ledge\t_xxx_ledg_12-cnr-cnvx-t.sno
\art\terrain\generic\ledge\t_xxx_ledg_12-cnr-cnvx-b.sno
\art\terrain\generic\ledge\t_xxx_ledg_tx-wal-12-l.sno
\art\terrain\generic\ledge\t_xxx_ledg_tx-wal-12-l-b.sno
\sound\effects\s_e_call_krug_dog.wav
\art\terrain\generic\ledge\t_xxx_ledg_tx-wal-12-l-t.sno
\sound\effects\s_e_die_krug_dog.wav
\art\bitmaps\items\global\b_i_glb_frag-generic.%img%
\sound\effects\s_e_attack_skrubb.wav
\art\bitmaps\items\global\b_i_glb_skrubb-spit-01.%img%
\art\bitmaps\armor\gauntlets\b_a_gntl_012.%img%
\sound\effects\s_e_gui_put_down_gloves.wav
\art\bitmaps\gui\in_game\inventory\armor\gauntlet\dir.lqd18
\art\bitmaps\gui\in_game\inventory\armor\gauntlet\b_gui_ig_i_a_gntl_012.%img%
\art\meshes\characters\good_a_heroes\farmboy\gauntlets\m_c_gah_fb_gntl_type1_b.asp
\art\bitmaps\sfx\b_sfx_feather_grey.%img%
\sound\effects\s_e_die_mangler.wav
\art\terrain\generic\ramp\t_xxx_rmp_ctx-hal-r.sno
\art\terrain\generic\ledge\t_xxx_ledg_tx-wal-08-r.sno
\art\terrain\generic\ledge\t_xxx_ledg_tx-wal-08-r-b.sno
\art\meshes\items\global\m_i_glb_dead_farmer-01.asp
\art\bitmaps\decals\b_d_blood.%img%
\art\bitmaps\characters\good_a_heroes\farmboy\b_c_gah_fb_skin_11.%img%
\art\bitmaps\characters\body_armor\type1\b_c_pos_a1_051.%img%
\art\terrain\generic\ledge\t_xxx_ledg_08-cnr-cnvx-b.sno
\art\terrain\generic\ledge\t_xxx_ledg_tx-wal-08-l.sno
\art\terrain\generic\ledge\t_xxx_ledg_tx-wal-08-l-b.sno
\art\terrain\generic\wall\t_xxx_wal_12-tx-08-r.sno
\art\terrain\generic\wall\t_xxx_wal_12-tx-08-l.sno
\art\meshes\weapons\staff\m_w_stf_063.asp
\art\meshes\items\global\m_i_glb_dead_townsfolk-08.asp
\art\bitmaps\sfx\b_sfx_lightray_01.%img%
\art\bitmaps\decals\b_d_blood_01.%img%
\art\bitmaps\characters\evil_d_monsters\b_c_edm_ph-03.%img%
\art\bitmaps\characters\good_b_npc\b_c_gbn_bs.%img%
\art\terrain\generic\wall\t_xxx_wal_12-tx-rmp-l.sno
\art\terrain\generic\ledge\t_xxx_ledg_08-thck-b.sno
\art\terrain\generic\ledge\t_xxx_ledg_08-cnr-ccav-b.sno
\art\terrain\generic\ledge\t_xxx_ledg_tx-wal-08-r-t.sno
\art\terrain\generic\ledge\t_xxx_ledg_08-cnr-cnvx-t.sno
\art\terrain\generic\ledge\t_xxx_ledg_08-cnr-ccav-t.sno
\art\bitmaps\sfx\b_sfx_cyl_03.%img%
\sound\effects\s_e_env_water_slosh3.wav
\sound\effects\s_e_env_water_slosh4.wav
\art\terrain\generic\wall\t_xxx_wal_12-tx-24-r.sno
\art\terrain\generic\ledge\t_xxx_ledg_12-thin-b.sno
\art\terrain\generic\ledge\t_xxx_ledg_12-thin-t.sno
\art\terrain\grass_1\t_grs01_bearcave-front-base-24-a.sno
\world\maps\map_world\regions\bc_r1\terrain_nodes\siege_nodes.lnc
\world\maps\map_world\regions\bc_r1\terrain_nodes\dir.lqd18
\art\terrain\grass_1\t_grs01_bearcave-front-sides-24-a.sno
\art\bitmaps\terrain\abandoned_cave_1\dir.lqd18
\art\bitmaps\terrain\abandoned_cave_1\wall\dir.lqd18
\art\terrain\grass_1\t_grs01_bearcave-front-top-24-a.sno
\art\terrain\grass_1\t_grs01_bearcave-back-base-24-a.sno
\art\bitmaps\terrain\abandoned_cave_1\floor\dir.lqd18
\art\bitmaps\terrain\grass_1\b_t_grs01_grs-tx-abc-flr-a.%img%
\art\bitmaps\terrain\grass_1\b_t_grs01_grs-tx-abc-wall-a.%img%
\art\bitmaps\terrain\abandoned_cave_1\wall\b_t_abc01_wal_04x04-a.%img%
\world\maps\map_world\regions\bc_r1\objects\dir.lqd18
\art\terrain\generic\wall\t_xxx_wal_12-tx-24-l.sno
\art\terrain\grass_1\t_grs01_bearcave-back-sides-24-a.sno
\art\terrain\grass_1\t_grs01_bearcave-back-top-24-a.sno
\art\bitmaps\terrain\abandoned_cave_1\wall\b_t_abc01_wal_08x08-d.%img%
\art\bitmaps\terrain\abandoned_cave_1\floor\b_t_abc01_flr_04x04-a.%img%
\art\bitmaps\terrain\abandoned_cave_1\wall\b_t_abc01_wal_08x08-c.%img%
\art\bitmaps\terrain\abandoned_cave_1\wall\b_t_abc01_wal_08x08-b.%img%
\art\terrain\generic\hall\t_xxx_hal_ctx-wal-04-r.sno
\art\meshes\items\caves\m_i_cav_debris-01.asp
\art\bitmaps\items\caves\dir.lqd18
\art\bitmaps\items\caves\b_i_cav_debris.%img%
\sound\effects\s_e_ih_break_wood_solid.wav
\art\bitmaps\gui\in_game\inventory\icons\b_gui_ig_i_ic_sp_004_inv.%img%
\art\terrain\generic\ledge\t_xxx_ledg_tx-wal-08-l-t.sno
\art\terrain\generic\wall\t_xxx_wal_04-diag-thick-l.sno
\art\terrain\generic\ledge\t_xxx_ledg_08-thck-t.sno
\art\terrain\generic\floor\t_xxx_flr_brdr-cnr-04x04-a.sno
\art\bitmaps\terrain\grass_1\floor\b_t_grs01_flr_brdr-cnr-04x04-a.%img%
\art\terrain\generic\hall\t_xxx_hal_cnr-cnvx.sno
\art\terrain\generic\hall\t_xxx_hal_thin.sno
\art\terrain\generic\hall\t_xxx_hal_cnr-ccav.sno
\art\bitmaps\terrain\abandoned_cave_1\wall\b_t_abc01_wal_04x04-c.%img%
\art\bitmaps\terrain\abandoned_cave_1\wall\b_t_abc01_wal_08x04-a.%img%
\art\terrain\generic\hall\t_xxx_hal_ctx-cncv-04-l.sno
\art\meshes\items\global\m_i_glb_bones-body.asp
\art\terrain\generic\floor\t_xxx_flr_brdr-strght-08x04-a.sno
\art\terrain\generic\hall\t_xxx_hal_ctx-cncv-04-r.sno
\art\terrain\generic\floor\t_xxx_flr_brdr-strght-04x04-a.sno
\art\meshes\characters\neutral_ambients\bear\m_c_na_br_pos_1.asp
\art\meshes\items\global\m_i_glb_frag-generic-04.asp
\art\meshes\items\global\m_i_glb_frag-generic-05.asp
\art\meshes\items\global\m_i_glb_frag-generic-07.asp
\art\animations\characters\neutral_ambients\bear\fs0\a_c_na_br_fs0_ds.prs
\art\animations\characters\neutral_ambients\bear\fs0\a_c_na_br_fs0_wl.prs
\art\animations\characters\neutral_ambients\bear\fs0\a_c_na_br_fs0_di.prs
\art\animations\characters\neutral_ambients\bear\fs0\a_c_na_br_fs0_at.prs
\art\animations\characters\neutral_ambients\bear\fs0\a_c_na_br_fs0_dff.prs
\art\meshes\items\castle\m_i_csl_skulls-02.asp
\art\bitmaps\terrain\abandoned_cave_1\floor\b_t_abc01_flr_brdr-cnr-04x04-a.%img%
\art\bitmaps\characters\neutral_ambients\b_c_na_br.%img%
\art\bitmaps\terrain\abandoned_cave_1\floor\b_t_abc01_flr_brdr-strght-04x04-a.%img%
\art\bitmaps\terrain\abandoned_cave_1\floor\b_t_abc01_flr_brdr-strght-08x04-a.%img%
\art\terrain\generic\hall\t_xxx_hal_tx-wal-04-r.sno
\art\terrain\generic\hall\t_xxx_hal_tx-wal-04-l.sno
\art\meshes\items\global\m_i_glb_coin-02.asp
\art\meshes\items\caves\m_i_cav_carcass-01.asp
\art\bitmaps\items\caves\b_i_cav_carcass-01.%img%
\art\bitmaps\terrain\grass_1\floor\b_t_grs01_flr_brdr-strght-04x04-a.%img%
\sound\effects\s_e_hit_steeledge_leather.wav
\sound\effects\s_e_hit_flesh_leather.wav
\art\bitmaps\gui\in_game\inventory\weapons\staff\dir.lqd18
\art\bitmaps\gui\in_game\inventory\weapons\staff\b_gui_ig_i_w_stf_104.%img%
\art\bitmaps\gui\in_game\inventory\icons\b_gui_ig_i_ic_sp_004.%img%
\art\bitmaps\gui\in_game\inventory\icons\b_gui_ig_i_ic_sp_080.%img%
\sound\music\s_m_farmhouse_03.mp3
\sound\effects\s_e_ih_select_char.wav
\sound\effects\s_e_call_bear.wav
\sound\effects\s_e_die_bear.wav
\art\bitmaps\characters\body_armor\type1\b_c_pos_a1_078.%img%
\art\bitmaps\gui\in_game\inventory\armor\body_armor\b_gui_ig_i_a_pos_a1_078.%img%
\art\terrain\grass_1\houses\t_grs01_houses_generic-b-stone-celar-a.sno
\art\meshes\items\global\m_i_glb_tree-deciduous-04.asp
\art\terrain\grass_1\houses\t_grs01_houses_generic-b-stone-celar-b.sno
\art\bitmaps\terrain\dungeon_roundstone_1\dir.lqd18
\art\bitmaps\terrain\dungeon_roundstone_1\dungeon\dir.lqd18
\art\terrain\grass_1\houses\t_grs01_houses_cellar-roof.sno
\art\terrain\grass_1\houses\t_grs01_houses_generic-b-stone-celar-a-door-top.sno
\art\meshes\characters\good_b_npc\barkeep\m_c_gbn_bk_pos_1.asp
\world\ai\jobs\actors\good\job_talk_edgaar.skrit
\art\animations\characters\good_b_npc\edgaar\fs0\a_c_gbn_ed_fs0_dsf-03.prs
\art\animations\characters\good_b_npc\edgaar\fs0\a_c_gbn_ed_fs0_dsf.prs
\art\animations\characters\good_b_npc\edgaar\fs0\a_c_gbn_ed_fs0_dsf-02.prs
\art\meshes\items\global\m_i_glb_door-01-l.asp
\art\animations\items\global\a_i_glb_door-barn-02-open.prs
\art\animations\items\global\a_i_glb_door-barn-02-close.prs
\art\meshes\items\castle\m_i_csl_books-burnt-01.asp
\art\meshes\items\castle\m_i_csl_books-burnt-02.asp
\art\meshes\items\castle\m_i_csl_chair-broken-01.asp
\art\meshes\items\castle\m_i_csl_table-broken-01.asp
\art\meshes\items\global\m_i_glb_bed-03.asp
\art\meshes\items\global\m_i_glb_shelf-02.asp
\art\meshes\items\global\m_i_glb_dead_krug-08.asp
\art\bitmaps\terrain\grass_1\b_t_grs01_house-ext-doorjam.%img%
\art\bitmaps\terrain\northern_town\b_t_nt_int-wall.%img%
\art\bitmaps\terrain\northern_town\b_t_nt_int-windowframe.%img%
\art\bitmaps\terrain\northern_town\b_t_nt_int-doorjam.%img%
\art\bitmaps\characters\good_b_npc\b_c_gbn_bk-05.%img%
\art\bitmaps\items\castle\b_i_csl_books-burnt.%img%
\art\bitmaps\items\castle\b_i_csl_chair-broken-02.%img%
\art\bitmaps\items\castle\b_i_csl_dishes-broken-01.%img%
\art\bitmaps\items\castle\b_i_csl_table-broken-01.%img%
\art\bitmaps\items\global\b_i_glb_bed-03.%img%
\art\bitmaps\items\global\b_i_glb_shelf-01.%img%
\world\maps\map_world\regions\hc_r1\terrain_nodes\siege_nodes.lnc
\world\maps\map_world\regions\hc_r1\terrain_nodes\dir.lqd18
\art\terrain\generic\dungeon\corner\t_xxx_dgn_cnr_ex-cnvx-a.sno
\world\maps\map_world\regions\hc_r1\objects\dir.lqd18
\art\terrain\generic\dungeon\wall\t_xxx_dgn_wal_ex-thin-a.sno
\art\terrain\generic\dungeon\floor\t_xxx_dgn_flr_04x04-a.sno
\art\terrain\generic\dungeon\corner\t_xxx_dgn_cnr_ex-ccav-a.sno
\art\terrain\generic\dungeon\floor\t_xxx_dgn_flr_08x04-a.sno
\art\terrain\generic\dungeon\wall\t_xxx_dgn_wal_ex-thick-a.sno
\art\meshes\items\caves\m_i_cav_bookshelf-02.asp
\art\bitmaps\terrain\dwarven_mine_0\dir.lqd18
\art\meshes\items\global\m_i_glb_lamp-wall.asp
\art\bitmaps\terrain\dungeon_roundstone_1\dungeon\b_t_dgn04_dgn_wal-04x04-b.%img%
\art\bitmaps\terrain\dungeon_roundstone_1\dungeon\b_t_dgn04_dgn_stair-top.%img%
\art\bitmaps\terrain\dungeon_roundstone_1\dungeon\b_t_dgn04_dgn_stair-front.%img%
\art\bitmaps\terrain\dungeon_roundstone_1\dungeon\b_t_dgn04_dgn_flr-04x04-a.%img%
\art\bitmaps\terrain\dungeon_roundstone_1\dungeon\b_t_dgn04_dgn_wal-a-tx-b-02x04-a.%img%
\art\terrain\generic\dungeon\wall\t_xxx_dgn_wal_archway-a.sno
\art\meshes\items\global\m_i_glb_trough-apples.asp
\art\meshes\items\castle\m_i_csl_jug-broken-01.asp
\art\terrain\generic\dungeon\floor\t_xxx_dgn_flr_ele-top-04x04-a.sno
\art\meshes\items\global\m_i_glb_trough-empty.asp
\art\bitmaps\terrain\dungeon_roundstone_1\dungeon\b_t_dgn04_dgn_wal-04x04-a.%img%
\art\bitmaps\terrain\dungeon_roundstone_1\dungeon\b_t_dgn04_dgn_flr-04x04-b.%img%
\art\bitmaps\terrain\dwarven_mine_0\b_t_dm00_woodwall-8a.%img%
\art\bitmaps\items\global\b_i_glb_lamp-wall.%img%
\art\bitmaps\terrain\dungeon_roundstone_1\dungeon\b_t_dgn04_dgn_wal-04x04-arch-a.%img%
\art\bitmaps\terrain\dungeon_roundstone_1\dungeon\b_t_dgn04_dgn_doortrim.%img%
\art\bitmaps\items\global\b_i_glb_troughs.%img%
\art\bitmaps\items\castle\b_i_csl_jug-broken-01.%img%
\art\meshes\items\global\m_i_glb_door-cellar-01.asp
\art\animations\items\global\a_i_glb_door-cellar-01-open.prs
\art\animations\items\global\a_i_glb_door-cellar-01-close.prs
\art\meshes\items\global\m_i_glb_door-cellar-02.asp
\art\animations\items\global\a_i_glb_door-cellar-02-open.prs
\art\animations\items\global\a_i_glb_door-cellar-02-close.prs
\art\terrain\generic\dungeon\floor\t_xxx_dgn_flr_ele-grate-a.sno
\art\terrain\generic\dungeon\floor\t_xxx_dgn_flr_ele-tube-04x04-a.sno
\art\meshes\items\global\m_i_glb_switch-01.asp
\art\animations\items\global\a_i_glb_switch-01-close.prs
\art\animations\items\global\a_i_glb_switch-01-open.prs
\art\bitmaps\items\global\b_i_glb_switch-01.%img%
\art\bitmaps\items\global\b_i_glb_sack.%img%
\art\terrain\generic\dungeon\floor\t_xxx_dgn_flr_ele-btm-04x04-a.sno
\art\meshes\items\global\m_i_glb_placeholder.asp
\art\bitmaps\terrain\dungeon_roundstone_1\dungeon\b_t_dgn04_dgn_flr-grate-02x02-a.%img%
\art\terrain\generic\dungeon\floor\t_xxx_dgn_flr_ele-btm-04x04-a-cap.sno
\art\meshes\items\caves\m_i_cav_lever-stone-01.asp
\art\animations\items\caves\a_i_cav_lever-stone-01-down.prs
\art\animations\items\caves\a_i_cav_lever-stone-01-up.prs
\art\meshes\items\caves\m_i_cav_debris-03.asp
\art\bitmaps\terrain\dungeon_roundstone_1\dungeon\b_t_dgn04_dgn_pillar-04x04-a.%img%
\art\bitmaps\terrain\dungeon_roundstone_1\dungeon\b_t_dgn04_dgn_metal-trim.%img%
\art\terrain\generic\dungeon\wall\t_xxx_dgn_wal_archway-b.sno
\art\meshes\items\global\m_i_glb_light-torch-01.asp
\art\terrain\generic\dungeon\floor\t_xxx_dgn_flr_08x08-a.sno
\art\terrain\generic\dungeon\t_xxx_dgn_cap-a.sno
\art\terrain\generic\dungeon\t_xxx_dgn_cap-archway-b.sno
\art\meshes\items\global\m_i_glb_door-bricked-up-01.asp
\art\meshes\items\global\m_i_glb_frag-roundstone-01.asp
\art\meshes\items\global\m_i_glb_frag-roundstone-02.asp
\art\meshes\items\global\m_i_glb_frag-roundstone-03.asp
\art\meshes\items\global\m_i_glb_frag-roundstone-04.asp
\art\meshes\items\global\m_i_glb_frag-roundstone-05.asp
\art\meshes\items\castle\m_i_csl_cobweb-02.asp
\art\meshes\items\castle\m_i_csl_cobweb-06.asp
\art\terrain\generic\dungeon\t_xxx_dgn_cap-04x04-a.sno
\art\terrain\generic\dungeon\t_xxx_dgn_cap-08x08-a.sno
\art\terrain\generic\dungeon\t_xxx_dgn_cap-08x04-a.sno
\art\terrain\generic\dungeon\wall\t_xxx_dgn_wal_ex-alcove-a.sno
\art\meshes\items\castle\m_i_csl_cobweb-07.asp
\art\meshes\items\castle\m_i_csl_cobweb-08.asp
\art\meshes\items\caves\m_i_cav_beam-02.asp
\art\meshes\items\caves\m_i_cav_debris-02.asp
\art\meshes\items\castle\m_i_csl_cobweb-01.asp
\art\meshes\items\global\m_i_glb_jars.asp
\art\meshes\items\global\m_i_glb_washboard.asp
\art\meshes\items\global\m_i_glb_cloth-bolt-01.asp
\art\meshes\items\caves\m_i_cav_statue-02.asp
\art\terrain\generic\dungeon\t_xxx_dgn_cap-02x04-a.sno
\art\meshes\items\global\m_i_glb_crate-break.asp
\art\meshes\items\caves\m_i_cav_barrel-01-break.asp
\art\bitmaps\items\caves\b_i_cav_lever-stone-1.%img%
\art\bitmaps\items\global\b_i_glb_torch-05.%img%
\art\bitmaps\items\global\b_i_glb_door-bricked-up-01.%img%
\art\bitmaps\items\castle\b_i_csl_cobweb-11.%img%
\art\bitmaps\terrain\dungeon_roundstone_1\dungeon\b_t_dgn04_dgn_wal-04x04-alcv-a.%img%
\art\bitmaps\items\caves\b_i_cav_beam-02.%img%
\art\bitmaps\items\global\b_i_glb_jars.%img%
\art\bitmaps\items\global\b_i_glb_washboard.%img%
\art\bitmaps\items\global\b_i_glb_cloth-bolt-01.%img%
\art\bitmaps\items\caves\b_i_cav_statue-02.%img%
\art\bitmaps\items\caves\b_i_cav_barrel-01.%img%
\art\meshes\items\global\m_i_glb_metal-01.asp
\art\bitmaps\characters\evil_a_monsters\b_c_eam_ksv-02.%img%
\art\bitmaps\items\global\b_i_glb_metal-01.%img%
\art\meshes\weapons\axe\m_w_axe_047.asp
\art\animations\items\global\a_i_glb_locker-01-open.prs
\art\meshes\items\grass\m_i_grs_flowers-06.asp
\art\bitmaps\items\grass\b_i_grs_flowers-06.%img%
\sound\effects\s_e_door_standard_open.wav
\sound\music\s_m_drums_01.mp3
\art\bitmaps\gui\in_game\inventory\items\b_gui_ig_i_it_potion-bottle-mana-001.%img%
\art\bitmaps\gui\in_game\inventory\items\b_gui_ig_i_it_potion-fill-mana-001.%img%
\sound\effects\s_e_env_elevator_grate_start.wav
\sound\effects\s_e_env_elevator_grate_stop.wav
\art\bitmaps\characters\body_armor\type7\b_c_pos_a7_010.%img%
\art\terrain\generic\path\t_xxx_pth_08x08-b.sno
\sound\effects\s_e_env_break_container_stone.wav
\sound\effects\s_e_hit_wood_stone.wav
\sound\effects\s_e_explode_rockbeast.wav
\art\bitmaps\terrain\grass_1\path\b_t_grs01_pth_08x08-b.%img%
\sound\effects\s_e_chest_m_open.wav
\art\bitmaps\characters\body_armor\type1\b_c_pos_a1_077.%img%
\art\bitmaps\gui\in_game\inventory\weapons\axe\dir.lqd18
\art\bitmaps\gui\in_game\inventory\weapons\axe\b_gui_ig_i_w_axe_141.%img%
\art\bitmaps\gui\in_game\inventory\icons\b_gui_ig_i_ic_axe_001.%img%
\sound\effects\s_e_gui_order_cant_move.wav
\art\bitmaps\terrain\grass_1\floor\b_t_grs01_flr_brdr-strght-08x04-a.%img%
\world\maps\map_world\regions\path2crypts\terrain_nodes\siege_nodes.lnc
\world\maps\map_world\regions\path2crypts\terrain_nodes\dir.lqd18
\world\maps\map_world\regions\path2crypts\objects\dir.lqd18
\art\bitmaps\terrain\forest_pine\dir.lqd18
\art\bitmaps\terrain\forest_pine\wall\dir.lqd18
\art\bitmaps\terrain\forest_pine\floor\dir.lqd18
\art\terrain\forest_1\t_for01_flr-tx-grs01-04x04-e.sno
\art\bitmaps\terrain\forest_pine\wall\b_t_for01_wal_08x08-c.%img%
\art\bitmaps\terrain\forest_pine\floor\b_t_for01_flr_04x04-a.%img%
\art\bitmaps\terrain\forest_pine\wall\b_t_for01_wal_04x08-a.%img%
\art\bitmaps\terrain\forest_pine\b_t_for01_flr-tx-grs01-04x04-e.%img%
\art\bitmaps\terrain\forest_pine\path\dir.lqd18
\art\bitmaps\terrain\forest_pine\wall\b_t_for01_wal_08x08-d.%img%
\art\bitmaps\terrain\forest_pine\wall\b_t_for01_wal_04x04-c.%img%
\art\bitmaps\terrain\forest_pine\wall\b_t_for01_wal_08x04-a.%img%
\art\meshes\items\global\m_i_glb_mushrooms-02.asp
\art\bitmaps\items\global\b_i_glb_mushrooms-01.%img%
\art\bitmaps\terrain\forest_pine\floor\b_t_for01_flr_brdr-cnr-04x04-a.%img%
\art\bitmaps\terrain\forest_pine\floor\b_t_for01_flr_brdr-strght-04x04-a.%img%
\art\meshes\characters\evil_a_monsters\krug_shaman\m_c_eam_ks_pos_1.asp
\art\bitmaps\characters\evil_a_monsters\b_c_eam_ks.%img%
\art\terrain\forest_1\t_for01_cave-tx-grs01-12-back-base.sno
\art\terrain\forest_1\t_for01_cave-tx-grs01-12-front-base.sno
\art\bitmaps\terrain\forest_pine\wall\b_t_for01_wal_08x08-b.%img%
\art\bitmaps\terrain\forest_pine\path\b_t_for01_pth_04x04-b.%img%
\art\bitmaps\terrain\forest_pine\path\b_t_for01_pth_04x04-e.%img%
\art\bitmaps\terrain\forest_pine\path\b_t_for01_pth_08x04-e.%img%
\art\meshes\items\global\m_i_glb_dead_townsfolk-02.asp
\art\terrain\forest_1\t_for01_cave-tx-grs01-12-back-sides.sno
\art\terrain\forest_1\t_for01_cave-tx-grs01-12-back-top.sno
\art\terrain\forest_1\t_for01_cave-tx-grs01-12-front-sides.sno
\art\terrain\forest_1\t_for01_cave-tx-grs01-12-front-top.sno
\art\bitmaps\characters\good_a_heroes\farmboy\b_c_gah_fb_skin_06.%img%
\art\bitmaps\characters\body_armor\type1\b_c_pos_a1_010.%img%
\art\bitmaps\terrain\forest_pine\path\b_t_for01_pth_04x04-c.%img%
\art\bitmaps\terrain\forest_pine\b_t_for01_portal-grs01-flr-a.%img%
\art\bitmaps\terrain\forest_pine\b_t_for01_portal-grs01-wal-a.%img%
\art\bitmaps\terrain\forest_pine\floor\b_t_for01_flr_brdr-strght-08x04-a.%img%
\art\bitmaps\characters\evil_a_monsters\b_c_eam_ksc-02.%img%
\art\bitmaps\terrain\forest_pine\wall\b_t_for01_wal_04x04-a.%img%
\art\bitmaps\terrain\forest_pine\b_t_for01_portal-grs01-side-a.%img%
\art\bitmaps\terrain\forest_pine\path\b_t_for01_pth_04x04-d.%img%
\art\bitmaps\terrain\forest_pine\path\b_t_for01_pth_08x04-f.%img%
\art\bitmaps\terrain\forest_pine\path\b_t_for01_pth_04x04-a.%img%
\art\terrain\forest_1\t_for01_flr-tx-grs01-04x04-b.sno
\art\terrain\forest_1\t_for01_flr-tx-grs01-08x04-f.sno
\art\bitmaps\terrain\forest_pine\path\b_t_for01_pth_08x04-c.%img%
\art\bitmaps\terrain\forest_pine\b_t_for01_flr-tx-grs01-04x04-b.%img%
\art\bitmaps\terrain\forest_pine\b_t_for01_flr-tx-grs01-08x04-f.%img%
\art\meshes\items\global\m_i_glb_log-05.asp
\art\bitmaps\items\grass\b_i_grs_tree-pine-03.%img%
\art\bitmaps\items\caves\b_i_cav_logs.%img%
\art\bitmaps\characters\body_armor\type1\b_c_pos_a1_076.%img%
\art\bitmaps\gui\in_game\inventory\armor\body_armor\b_gui_ig_i_a_pos_a1_076.%img%
\art\terrain\generic\corner\t_xxx_cnr_02a-tx-02b-ccav-thick-l.sno
\art\terrain\generic\wall\t_xxx_wal_02a-tx-02b-cnvx-thick-r.sno
\art\terrain\generic\path\t_xxx_pth_02b-thin.sno
\sound\effects\s_e_trap_sprung.wav
\sound\effects\s_e_bow_shoot2.wav
\sound\effects\s_e_hit_arrow_leather.wav
\art\bitmaps\gui\in_game\inventory\weapons\bow\b_gui_ig_i_w_bow_051.%img%
\art\terrain\generic\corner\t_xxx_cnr_02a-ccav.sno
\art\terrain\generic\wall\t_xxx_wal_02a-diag-thin-r.sno
\art\terrain\generic\wall\t_xxx_wal_02a-tx-02b-ccav-thin-l.sno
\art\terrain\generic\wall\t_xxx_wal_02a-thin.sno
\art\bitmaps\terrain\grass_1\path\b_t_grs01_pth_08x04-j.%img%
\art\terrain\generic\corner\t_xxx_cnr_tee-02a-02a-rmp-ccav-l.sno
\art\terrain\generic\wall\t_xxx_wal_02a-diag-thick-r.sno
\art\terrain\generic\wall\t_xxx_wal_02a-diag-thick-l.sno
\art\terrain\generic\wall\t_xxx_wal_02a-thick.sno
\art\terrain\generic\wall\t_xxx_wal_02a-diag-thin-l.sno
\art\terrain\generic\corner\t_xxx_cnr_02a-cnvx.sno
\art\terrain\generic\corner\t_xxx_cnr_02a-tx-02b-cnvx-thick-r.sno
\art\terrain\generic\wall\t_xxx_wal_02a-tx-02b-ccav-thin-r.sno
\art\terrain\grass_1\t_grs01_waterfall-alcove-a.sno
\art\terrain\grass_1\t_grs01_waterfall-alcove-b.sno
\art\terrain\grass_1\t_grs01_waterfall-alcove-c.sno
\art\terrain\generic\wall\t_xxx_wal_02a-tx-02b-ccav-thick-l.sno
\art\terrain\generic\path\t_xxx_pth_02b-ccav.sno
\art\meshes\characters\evil_d_monsters\wolf\m_c_edm_wf_pos_1.asp
\art\animations\characters\evil_d_monsters\wolf\fs0\a_c_edm_wf_fs0_ds.prs
\art\animations\characters\evil_d_monsters\wolf\fs0\a_c_edm_wf_fs0_wl-02.prs
\art\animations\characters\evil_d_monsters\wolf\fs0\a_c_edm_wf_fs0_di.prs
\art\animations\characters\evil_d_monsters\wolf\fs0\a_c_edm_wf_fs0_at-03.prs
\art\animations\characters\evil_d_monsters\wolf\fs0\a_c_edm_wf_fs0_dff.prs
\art\animations\characters\evil_d_monsters\wolf\fs0\a_c_edm_wf_fs0_dsf.prs
\art\animations\characters\evil_d_monsters\wolf\fs0\a_c_edm_wf_fs0_dsf-02.prs
\art\animations\characters\evil_d_monsters\wolf\fs0\a_c_edm_wf_fs0_dsf-03.prs
\art\bitmaps\terrain\grass_1\wall\b_t_grs01_wal_04x04-a.%img%
\art\bitmaps\characters\evil_d_monsters\b_c_edm_wf.%img%
\sound\music\s_m_path2crypts_01.mp3
\art\terrain\generic\wall\h2o\t_xxx_wal_h2o_12-thck.sno
\art\terrain\grass_1\t_grs01_waterfall-alcove-bottom-fall-a.sno
\art\terrain\grass_1\t_grs01_waterfall-alcove-d.sno
\art\terrain\grass_1\t_grs01_waterfall-alcove-bridge-a.sno
\art\terrain\grass_1\t_grs01_waterfall-alcove-river-a.sno
\art\animations\characters\good_a_heroes\farmboy\fs0\a_c_gah_fb_fs0_ds.prs
\art\animations\characters\good_a_heroes\farmboy\fs1\a_c_gah_fb_fs1_ds.prs
\art\animations\characters\good_a_heroes\farmboy\fs2\a_c_gah_fb_fs2_ds.prs
\art\animations\characters\good_a_heroes\farmboy\fs3\a_c_gah_fb_fs3_ds.prs
\art\animations\characters\good_a_heroes\farmboy\fs4\a_c_gah_fb_fs4_ds.prs
\art\animations\characters\good_a_heroes\farmboy\fs5\a_c_gah_fb_fs5_ds.prs
\art\animations\characters\good_a_heroes\farmboy\fs6\a_c_gah_fb_fs6_ds.prs
\art\animations\characters\good_a_heroes\farmboy\fs7\a_c_gah_fb_fs7_ds.prs
\art\animations\characters\good_a_heroes\farmboy\fs1\a_c_gah_fb_fs1_dsf.prs
\art\animations\characters\good_a_heroes\farmboy\fs2\a_c_gah_fb_fs2_dsf.prs
\art\animations\characters\good_a_heroes\farmboy\fs3\a_c_gah_fb_fs3_dsf.prs
\art\animations\characters\good_a_heroes\farmboy\fs4\a_c_gah_fb_fs4_dsf.prs
\art\animations\characters\good_a_heroes\farmboy\fs5\a_c_gah_fb_fs5_dsf.prs
\art\animations\characters\good_a_heroes\farmboy\fs6\a_c_gah_fb_fs6_dsf.prs
\art\animations\characters\good_a_heroes\farmboy\fs7\a_c_gah_fb_fs7_dsf.prs
\art\animations\characters\good_a_heroes\farmboy\fs0\a_c_gah_fb_fs0_dsf-13.prs
\art\animations\characters\good_a_heroes\farmboy\fs0\a_c_gah_fb_fs0_dsf-14.prs
\art\animations\characters\good_a_heroes\farmboy\fs0\a_c_gah_fb_fs0_dsf-15.prs
\art\meshes\items\grass\m_i_grs_cart-krug.asp
\art\meshes\items\global\m_i_glb_barrel-break.asp
\art\meshes\items\global\m_i_glb_dead_krug-09.asp
\art\bitmaps\characters\good_a_heroes\farmboy\b_c_gah_fb_skin_026.%img%
\art\bitmaps\items\grass\b_i_grs_cart-krug.%img%
\art\terrain\grass_1\t_grs01_waterfall-alcove-top-fall-a.sno
\art\meshes\items\global\m_i_glb_barrel-03.asp
\art\animations\items\global\a_i_glb_barrel-03-float.prs
\art\meshes\items\global\m_i_glb_barrel-04.asp
\art\animations\items\global\a_i_glb_barrel-04-float.prs
\art\meshes\items\global\m_i_glb_dead_krug-07.asp
\art\meshes\items\global\m_i_glb_dead_krug-06.asp
\art\terrain\generic\corner\t_xxx_cnr_02b-cnvx.sno
\art\terrain\generic\corner\t_xxx_cnr_02a-tx-02b-ccav-thick-r.sno
\art\bitmaps\terrain\grass_1\path\b_t_grs01_pth_08x08-j.%img%
\art\terrain\generic\river\t_xxx_rvr_12-tx-08-right-a.sno
\art\terrain\generic\corner\t_xxx_cnr_tee-02a-02a-rmp-ccav-r.sno
\art\terrain\generic\ledge\t_xxx_ledg_12-thck-t.sno
\art\terrain\generic\ledge\t_xxx_ledg_12-thck-b.sno
\art\terrain\generic\river\t_xxx_rvr_08-right-a.sno
\art\bitmaps\terrain\grass_1\river\b_t_grs01_rvr_08x08-12-left-02.%img%
\art\terrain\generic\path\t_xxx_pth_02b-cnvx.sno
\art\terrain\generic\floor\t_xxx_flr_08x08-v3.sno
\art\terrain\generic\corner\t_xxx_cnr_02b-ccav.sno
\art\bitmaps\terrain\grass_1\river\b_t_grs01_rvr_08x08-01.%img%
\art\bitmaps\terrain\grass_1\path\b_t_grs01_pth_08x08-i.%img%
\art\terrain\forest_1\t_for01_flr-tx-grs01-08x04-c.sno
\art\terrain\forest_1\t_for01_flr-tx-grs01-08x04-e.sno
\art\terrain\generic\river\t_xxx_rvr_08-right-turn.sno
\art\bitmaps\terrain\grass_1\floor\b_t_grs01_flr_dtl-08x08-b.%img%
\art\terrain\forest_1\t_for01_flr-tx-grs01-04x04-c.sno
\art\bitmaps\terrain\forest_pine\b_t_for01_flr-tx-grs01-08x04-c.%img%
\art\bitmaps\terrain\forest_pine\b_t_for01_flr-tx-grs01-08x04-e.%img%
\sound\effects\s_e_call_wolf.wav
\art\bitmaps\terrain\forest_pine\b_t_for01_flr-tx-grs01-04x04-c.%img%
\art\terrain\generic\forest\t_xxx_for_tx-wal-12-r.sno
\art\bitmaps\terrain\forest_pine\forest\dir.lqd18
\art\meshes\items\global\m_i_glb_tree-01.asp
\sound\effects\s_e_die_wolf.wav
\art\bitmaps\items\global\b_i_glb_frag-generic-02.%img%
\art\terrain\generic\forest\t_xxx_for_tx-wal-12-l.sno
\art\terrain\generic\forest\t_xxx_for_tx-wal-02b-l.sno
\art\bitmaps\terrain\forest_pine\forest\b_t_for01_for_wall-e.%img%
\art\bitmaps\terrain\forest_pine\forest\b_t_for01_for_foliage-cap.%img%
\art\terrain\generic\forest\t_xxx_for_wal-cnr-convex-a.sno
\art\terrain\generic\corner\t_xxx_cnr_02a-tx-02b-cnvx-thin-r.sno
\art\bitmaps\terrain\forest_pine\forest\b_t_for01_for_wall-d.%img%
\art\bitmaps\terrain\forest_pine\forest\b_t_for01_for_foliage.%img%
\art\bitmaps\terrain\forest_pine\forest\b_t_for01_for_wall-b.%img%
\art\terrain\generic\forest\t_xxx_for_wal-cnr-concave-a.sno
\art\meshes\characters\neutral_ambients\deer\m_c_na_dr_pos_1.asp
\art\animations\characters\neutral_ambients\deer\fs0\a_c_na_dr_fs0_ds.prs
\art\animations\characters\neutral_ambients\deer\fs0\a_c_na_dr_fs0_rl.prs
\art\animations\characters\neutral_ambients\deer\fs0\a_c_na_dr_fs0_di.prs
\art\animations\characters\neutral_ambients\deer\fs0\a_c_na_dr_fs0_dsf.prs
\art\animations\characters\neutral_ambients\deer\fs0\a_c_na_dr_fs0_dff.prs
\art\animations\characters\neutral_ambients\deer\fs0\a_c_na_dr_fs0_dsf-02.prs
\art\bitmaps\terrain\forest_pine\forest\b_t_for01_for_wall-c.%img%
\art\bitmaps\characters\neutral_ambients\b_c_na_dr.%img%
\art\terrain\generic\forest\t_xxx_for_wal-diag-16-r.sno
\art\bitmaps\terrain\forest_pine\wall\b_t_for01_wal_04x04-b.%img%
\art\bitmaps\decals\b_d_for01-b.%img%
\art\bitmaps\terrain\forest_pine\forest\b_t_for01_for_wall-a.%img%
\art\terrain\generic\path\t_xxx_pth_08x08-a.sno
\art\bitmaps\terrain\forest_pine\path\b_t_for01_pth_08x04-a.%img%
\art\terrain\generic\wall\t_xxx_wal_02b-thick.sno
\art\meshes\items\grass\m_i_grs_sign-crypts.asp
\art\meshes\items\global\m_i_glb_tree-oldgrowth-01.asp
\art\bitmaps\terrain\forest_pine\path\b_t_for01_pth_08x08-a.%img%
\art\bitmaps\sfx\b_sfx_lightray_02.%img%
\art\bitmaps\items\grass\b_i_grs_sign-crypts-03.%img%
\art\bitmaps\items\grass\b_i_grs_tree-oldgrowth.%img%
\art\terrain\generic\forest\t_xxx_for_wal-diag-08-l.sno
\art\terrain\grass_1\t_grs01_heal-area-8x8.sno
\art\meshes\items\swamp\m_i_swp_log-03.asp
\art\bitmaps\items\swamp\dir.lqd18
\art\bitmaps\items\swamp\b_i_swp_log.%img%
\art\terrain\generic\wall\t_xxx_wal_02a-tx-02b-ccav-thick-r.sno
\sound\music\s_m_path2crypts_02.mp3
\art\bitmaps\terrain\grass_1\b_t_grs01_healing-plate.%img%
\art\bitmaps\terrain\grass_1\b_t_grs01_healing-rock.%img%
\art\bitmaps\items\global\b_i_glb_cyan.%img%
\art\terrain\generic\forest\t_xxx_for_tx-wal-02a-r.sno
\art\terrain\generic\corner\t_xxx_cnr_02a-tx-02b-ccav-thin-r.sno
\art\terrain\forest_1\t_for01_stump-a.sno
\art\meshes\items\swamp\m_i_swp_log-02.asp
\art\bitmaps\characters\evil_d_monsters\b_c_edm_wf-04.%img%
\art\terrain\generic\forest\t_xxx_for_wal-diag-08-r.sno
\art\terrain\generic\forest\t_xxx_for_tx-wal-02a-l.sno
\art\bitmaps\terrain\forest_pine\b_t_for01_stump-top-a.%img%
\art\bitmaps\terrain\forest_pine\b_t_for01_stump-bark-a.%img%
\art\bitmaps\terrain\forest_pine\b_t_for01_stump-base-a.%img%
\art\bitmaps\terrain\forest_pine\b_t_for01_stump-detail-a.%img%
\art\meshes\items\grass\m_i_grs_cage-wood-01.asp
\art\meshes\items\grass\m_i_grs_cage-wood-01-break.asp
\art\meshes\items\global\m_i_glb_torch-stick.asp
\art\bitmaps\items\global\b_i_glb_fence-log.%img%
\art\bitmaps\items\global\b_i_glb_torch-stick.%img%
\art\meshes\items\global\m_i_glb_firepit-03.asp
\art\bitmaps\items\global\b_i_glb_firepit-02.%img%
\art\meshes\items\global\m_i_glb_cage.asp
\art\meshes\items\global\m_i_glb_frag-cage-02.asp
\art\meshes\items\global\m_i_glb_frag-cage-03.asp
\art\meshes\items\global\m_i_glb_frag-cage-04.asp
\art\meshes\items\global\m_i_glb_frag-cage-05.asp
\art\meshes\items\global\m_i_glb_cage-break.asp
\art\meshes\items\global\m_i_glb_tree-oldgrowth-02.asp
\art\bitmaps\items\global\b_i_glb_cage.%img%
\art\animations\characters\evil_d_monsters\swamp_stinger\fs0\a_c_edm_st_fs0_dsf.prs
\art\animations\characters\evil_d_monsters\swamp_stinger\fs0\a_c_edm_st_fs0_ds.prs
\art\meshes\items\swamp\m_i_swp_log-01.asp
\art\terrain\generic\forest\t_xxx_for_wal-straight-08-a.sno
\art\terrain\forest_1\t_for01_secret-portal-top-a.sno
\art\terrain\generic\corner\t_xxx_cnr_02a-tx-02b-cnvx-thick-l.sno
\art\bitmaps\terrain\forest_pine\path\b_t_for01_pth_08x08-d.%img%
\art\terrain\generic\corner\t_xxx_cnr_02a-tx-02b-cnvx-thin-l.sno
\art\terrain\forest_1\t_for01_secret-portal-base-a.sno
\art\bitmaps\terrain\dungeon_greystone_1\dir.lqd18
\art\bitmaps\terrain\dungeon_greystone_1\dungeon\dir.lqd18
\art\terrain\generic\forest\t_xxx_for_wal-diag-16-l.sno
\art\meshes\items\caves\m_i_cav_statue-spin-01.asp
\art\animations\items\caves\a_i_cav_statue-spin-01.prs
\sound\effects\s_e_env_secret_nearby.wav
\art\bitmaps\items\caves\b_i_cav_statue-01.%img%
\world\maps\map_world\regions\gd_b\terrain_nodes\siege_nodes.lnc
\world\maps\map_world\regions\gd_b\terrain_nodes\dir.lqd18
\art\terrain\forest_1\t_for01_secret-portal-base-b.sno
\art\terrain\forest_1\t_for01_secret-portal-stair-a.sno
\art\terrain\forest_1\t_for01_secret-portal-stair-i.sno
\art\terrain\forest_1\t_for01_secret-portal-stair-h.sno
\art\terrain\forest_1\t_for01_secret-portal-stair-g.sno
\art\terrain\forest_1\t_for01_secret-portal-stair-f.sno
\art\terrain\forest_1\t_for01_secret-portal-stair-e.sno
\art\terrain\forest_1\t_for01_secret-portal-stair-d.sno
\art\terrain\forest_1\t_for01_secret-portal-stair-c.sno
\art\terrain\forest_1\t_for01_secret-portal-stair-b.sno
\art\terrain\forest_1\t_for01_secret-portal-stair-j.sno
\art\bitmaps\terrain\dungeon_greystone_1\dungeon\b_t_dgn03_dgn_flr-04x04-a.%img%
\art\bitmaps\terrain\dungeon_greystone_1\dungeon\b_t_dgn03_dgn_wal-04x04-a.%img%
\art\bitmaps\terrain\dungeon_greystone_1\dungeon\b_t_dgn03_dgn_wal-04x04-b.%img%
\art\bitmaps\terrain\dungeon_greystone_1\dungeon\b_t_dgn03_dgn_wal-04x04-arch-a.%img%
\art\bitmaps\terrain\forest_pine\b_t_for01_secretstair-a.%img%
\art\bitmaps\terrain\dungeon_greystone_1\dungeon\b_t_dgn03_dgn_wal-a-tx-b-02x04-a.%img%
\art\bitmaps\terrain\dungeon_greystone_1\dungeon\b_t_dgn03_dgn_flr-04x04-b.%img%
\art\bitmaps\terrain\dungeon_greystone_1\dungeon\b_t_dgn03_dgn_stair-front.%img%
\art\bitmaps\terrain\dungeon_greystone_1\dungeon\b_t_dgn03_dgn_stair-top.%img%
\art\terrain\generic\corner\t_xxx_cnr_tee-02b-02b-rmp-r.sno
\art\meshes\characters\good_b_npc\fairy\m_c_gbn_fy_pos_1.asp
\world\ai\jobs\actors\good\job_fidget_fairy.skrit
\art\animations\characters\good_b_npc\fairy\fs0\a_c_gbn_fy_fs0_ds.prs
\art\animations\characters\good_b_npc\fairy\fs0\a_c_gbn_fy_fs0_fl.prs
\art\animations\characters\good_b_npc\fairy\fs0\a_c_gbn_fy_fs0_dff.prs
\art\bitmaps\characters\good_b_npc\b_c_gbn_fy.%img%
\art\bitmaps\characters\neutral_ambients\b_c_na_fw.%img%
\sound\music\s_m_path2crypts_03.mp3
\art\terrain\generic\ramp\t_xxx_rmp_pth-thin.sno
\art\bitmaps\terrain\forest_pine\wall\b_t_for01_wal_04x08-e.%img%
\art\bitmaps\terrain\forest_pine\wall\b_t_for01_wal_08x08-f.%img%
\art\terrain\generic\wall\t_xxx_wal_02b-thin.sno
\art\bitmaps\terrain\forest_pine\path\b_t_for01_pth_08x08-i.%img%
\art\bitmaps\terrain\forest_pine\wall\b_t_for01_wal_04x08-b.%img%
\world\maps\map_world\regions\gd_b\objects\dir.lqd18
\art\terrain\generic\dungeon\corner\t_xxx_dgn_cnr_ex-ccav-b.sno
\art\bitmaps\terrain\forest_pine\path\b_t_for01_pth_08x04-b.%img%
\art\meshes\characters\evil_d_monsters\gargoyle\m_c_edm_ga_pos_1.asp
\art\meshes\items\global\m_i_glb_frag-gargoyle-01.asp
\art\meshes\items\global\m_i_glb_frag-gargoyle-02.asp
\art\meshes\items\global\m_i_glb_frag-gargoyle-03.asp
\art\meshes\items\global\m_i_glb_frag-gargoyle-04.asp
\art\meshes\items\global\m_i_glb_frag-gargoyle-05.asp
\art\meshes\items\global\m_i_glb_frag-gargoyle-06.asp
\art\animations\skrits\basic_walk.skrit
\art\animations\characters\evil_d_monsters\gargoyle\fs0\a_c_edm_ga_fs0_ds.prs
\art\animations\characters\evil_d_monsters\gargoyle\fs0\a_c_edm_ga_fs0_fl.prs
\art\animations\characters\evil_d_monsters\gargoyle\fs0\a_c_edm_ga_fs0_dfs.prs
\art\animations\characters\evil_d_monsters\gargoyle\fs0\a_c_edm_ga_fs0_at.prs
\art\animations\characters\evil_d_monsters\gargoyle\fs0\a_c_edm_ga_fs0_at-02.prs
\art\animations\characters\evil_d_monsters\gargoyle\fs0\a_c_edm_ga_fs0_dff.prs
\art\animations\characters\evil_d_monsters\gargoyle\fs0\a_c_edm_ga_fs0_mg.prs
\art\animations\characters\evil_d_monsters\gargoyle\fs0\a_c_edm_ga_fs0_rv.prs
\art\meshes\items\caves\m_i_cav_gargoyle-column.asp
\art\bitmaps\characters\evil_d_monsters\b_c_edm_ga.%img%
\art\bitmaps\items\caves\b_i_cav_gargoyle-column.%img%
\art\terrain\generic\dungeon\wall\t_xxx_dgn_wal_ex-pillar-b.sno
\art\terrain\generic\dungeon\stair\h2o\t_xxx_dgn_stair_h2o_ex-a.sno
\art\meshes\items\castle\m_i_csl_dirt-01.asp
\art\bitmaps\terrain\forest_pine\path\b_t_for01_pth_08x04-g.%img%
\art\bitmaps\terrain\dungeon_greystone_1\dungeon\b_t_dgn03_dgn_pillar-04x04-a.%img%
\art\terrain\generic\dungeon\floor\h2o\t_xxx_dgn_flr_h2o_08x04-a.sno
\art\terrain\generic\dungeon\wall\h2o\t_xxx_dgn_wal_h2o_ex-pillar-b.sno
\art\bitmaps\terrain\dungeon_greystone_1\dungeon\b_t_dgn03_dgn_h2o-04x04-a.%img%
\sound\effects\s_e_env_statue_spin.wav
\sound\effects\s_e_env_secret_stairs.wav
\sound\effects\s_e_env_secret_found2.wav
\art\terrain\generic\forest\t_xxx_for_wal-straight-04-a.sno
\art\terrain\generic\dungeon\wall\h2o\t_xxx_dgn_wal_h2o_ex-thin-a.sno
\art\meshes\items\global\m_i_glb_board-01.asp
\art\animations\items\global\a_i_glb_board-01-float.prs
\sound\music\s_m_path2crypts_04.mp3
\art\terrain\generic\dungeon\wall\h2o\t_xxx_dgn_wal_h2o_ex-thin-pipe-a.sno
\art\terrain\generic\dungeon\wall\h2o\t_xxx_dgn_wal_h2o_ex-thin-pipe-h2o-a.sno
\art\terrain\generic\dungeon\floor\h2o\t_xxx_dgn_flr_h2o_04x04-a.sno
\sound\effects\s_e_env_pipe_liquid.wav
\art\bitmaps\terrain\dungeon_greystone_1\dungeon\b_t_dgn03_dgn_h2o-01x04-a.%img%
\art\bitmaps\terrain\dungeon_greystone_1\dungeon\b_t_dgn03_dgn_h2o-01x04-dynamic.%img%
\sound\effects\s_e_call_gargoyle_small.wav
\sound\effects\s_e_die_gargoyle.wav
\sound\effects\s_e_hit_steeledge_stone.wav
\art\terrain\generic\dungeon\t_xxx_dgn_cap-stairway-a.sno
\art\terrain\generic\dungeon\floor\h2o\t_xxx_dgn_flr_h2o_stair-thin-a.sno
\art\terrain\generic\dungeon\floor\h2o\t_xxx_dgn_flr_h2o_stair-cncv-a.sno
\art\terrain\generic\dungeon\t_xxx_dgn_cap-04x04-b.sno
\art\terrain\generic\dungeon\floor\t_xxx_dgn_flr_trap-04x04-b.sno
\art\meshes\weapons\misc\m_w_misc_016.asp
\art\terrain\generic\dungeon\wall\t_xxx_dgn_wal_ex-thin-pipe-a.sno
\art\terrain\generic\dungeon\floor\t_xxx_dgn_flr_trap-cover-c.sno
\art\terrain\generic\dungeon\floor\t_xxx_dgn_flr_trap-cover-b.sno
\art\terrain\generic\dungeon\wall\t_xxx_dgn_wal_ex-thin-pipe-h2o-a.sno
\art\meshes\characters\evil_c_monsters\skeleton\m_c_ecm_sk_pos_1.asp
\art\meshes\weapons\mace\m_w_mce_045.asp
\art\animations\characters\evil_c_monsters\skeleton\fs0\a_c_ecm_sk_fs0_dfs.prs
\art\animations\characters\evil_c_monsters\skeleton\fs1\a_c_ecm_sk_fs1_dfs.prs
\art\animations\characters\evil_c_monsters\skeleton\fs2\a_c_ecm_sk_fs2_dfs.prs
\art\animations\characters\evil_c_monsters\skeleton\fs3\a_c_ecm_sk_fs3_dfs.prs
\art\animations\characters\evil_c_monsters\skeleton\fs4\a_c_ecm_sk_fs4_dfs.prs
\art\animations\characters\evil_c_monsters\skeleton\fs5\a_c_ecm_sk_fs5_dfs.prs
\art\animations\characters\evil_c_monsters\skeleton\fs6\a_c_ecm_sk_fs6_dfs.prs
\art\animations\characters\evil_c_monsters\skeleton\fs0\a_c_ecm_sk_fs0_wl.prs
\art\animations\characters\evil_c_monsters\skeleton\fs1\a_c_ecm_sk_fs1_wl.prs
\art\animations\characters\evil_c_monsters\skeleton\fs2\a_c_ecm_sk_fs2_wl.prs
\art\animations\characters\evil_c_monsters\skeleton\fs3\a_c_ecm_sk_fs3_wl.prs
\art\animations\characters\evil_c_monsters\skeleton\fs4\a_c_ecm_sk_fs4_wl.prs
\art\animations\characters\evil_c_monsters\skeleton\fs5\a_c_ecm_sk_fs5_wl.prs
\art\animations\characters\evil_c_monsters\skeleton\fs6\a_c_ecm_sk_fs6_wl.prs
\art\animations\characters\evil_c_monsters\skeleton\fs0\a_c_ecm_sk_fs0_di.prs
\art\animations\characters\evil_c_monsters\skeleton\fs1\a_c_ecm_sk_fs1_di.prs
\art\animations\characters\evil_c_monsters\skeleton\fs2\a_c_ecm_sk_fs2_di.prs
\art\animations\characters\evil_c_monsters\skeleton\fs3\a_c_ecm_sk_fs3_di.prs
\art\animations\characters\evil_c_monsters\skeleton\fs4\a_c_ecm_sk_fs4_di.prs
\art\animations\characters\evil_c_monsters\skeleton\fs5\a_c_ecm_sk_fs5_di.prs
\art\animations\characters\evil_c_monsters\skeleton\fs6\a_c_ecm_sk_fs6_di.prs
\art\animations\characters\evil_c_monsters\skeleton\fs0\a_c_ecm_sk_fs0_at.prs
\art\animations\characters\evil_c_monsters\skeleton\fs0\a_c_ecm_sk_fs0_at-03.prs
\art\animations\characters\evil_c_monsters\skeleton\fs0\a_c_ecm_sk_fs0_at-05.prs
\art\animations\characters\evil_c_monsters\skeleton\fs0\a_c_ecm_sk_fs0_at-06.prs
\art\animations\characters\evil_c_monsters\skeleton\fs0\a_c_ecm_sk_fs0_dff.prs
\art\animations\characters\evil_c_monsters\skeleton\fs1\a_c_ecm_sk_fs1_at.prs
\art\animations\characters\evil_c_monsters\skeleton\fs1\a_c_ecm_sk_fs1_at-03.prs
\art\animations\characters\evil_c_monsters\skeleton\fs1\a_c_ecm_sk_fs1_at-05.prs
\art\animations\characters\evil_c_monsters\skeleton\fs1\a_c_ecm_sk_fs1_at-06.prs
\art\animations\characters\evil_c_monsters\skeleton\fs1\a_c_ecm_sk_fs1_dff.prs
\art\animations\characters\evil_c_monsters\skeleton\fs2\a_c_ecm_sk_fs2_at.prs
\art\animations\characters\evil_c_monsters\skeleton\fs2\a_c_ecm_sk_fs2_at-03.prs
\art\animations\characters\evil_c_monsters\skeleton\fs2\a_c_ecm_sk_fs2_at-05.prs
\art\animations\characters\evil_c_monsters\skeleton\fs2\a_c_ecm_sk_fs2_at-06.prs
\art\animations\characters\evil_c_monsters\skeleton\fs2\a_c_ecm_sk_fs2_dff.prs
\art\animations\characters\evil_c_monsters\skeleton\fs3\a_c_ecm_sk_fs3_at.prs
\art\animations\characters\evil_c_monsters\skeleton\fs3\a_c_ecm_sk_fs3_at-03.prs
\art\animations\characters\evil_c_monsters\skeleton\fs3\a_c_ecm_sk_fs3_at-05.prs
\art\animations\characters\evil_c_monsters\skeleton\fs3\a_c_ecm_sk_fs3_at-06.prs
\art\animations\characters\evil_c_monsters\skeleton\fs3\a_c_ecm_sk_fs3_dff.prs
\art\animations\characters\evil_c_monsters\skeleton\fs4\a_c_ecm_sk_fs4_at.prs
\art\animations\characters\evil_c_monsters\skeleton\fs4\a_c_ecm_sk_fs4_at-03.prs
\art\animations\characters\evil_c_monsters\skeleton\fs4\a_c_ecm_sk_fs4_at-05.prs
\art\animations\characters\evil_c_monsters\skeleton\fs4\a_c_ecm_sk_fs4_at-06.prs
\art\animations\characters\evil_c_monsters\skeleton\fs4\a_c_ecm_sk_fs4_dff.prs
\art\animations\characters\evil_c_monsters\skeleton\fs5\a_c_ecm_sk_fs5_at.prs
\art\animations\characters\evil_c_monsters\skeleton\fs5\a_c_ecm_sk_fs5_at-03.prs
\art\animations\characters\evil_c_monsters\skeleton\fs5\a_c_ecm_sk_fs5_at-05.prs
\art\animations\characters\evil_c_monsters\skeleton\fs5\a_c_ecm_sk_fs5_at-06.prs
\art\animations\characters\evil_c_monsters\skeleton\fs5\a_c_ecm_sk_fs5_dff.prs
\art\animations\characters\evil_c_monsters\skeleton\fs6\a_c_ecm_sk_fs6_at.prs
\art\animations\characters\evil_c_monsters\skeleton\fs6\a_c_ecm_sk_fs6_at-03.prs
\art\animations\characters\evil_c_monsters\skeleton\fs6\a_c_ecm_sk_fs6_at-05.prs
\art\animations\characters\evil_c_monsters\skeleton\fs6\a_c_ecm_sk_fs6_at-06.prs
\art\animations\characters\evil_c_monsters\skeleton\fs6\a_c_ecm_sk_fs6_dff.prs
\art\animations\characters\evil_c_monsters\skeleton\fs0\a_c_ecm_sk_fs0_dff-02.prs
\art\animations\characters\evil_c_monsters\skeleton\fs0\a_c_ecm_sk_fs0_dff-03.prs
\art\animations\characters\evil_c_monsters\skeleton\fs1\a_c_ecm_sk_fs1_dff-02.prs
\art\animations\characters\evil_c_monsters\skeleton\fs1\a_c_ecm_sk_fs1_dff-03.prs
\art\animations\characters\evil_c_monsters\skeleton\fs2\a_c_ecm_sk_fs2_dff-02.prs
\art\animations\characters\evil_c_monsters\skeleton\fs2\a_c_ecm_sk_fs2_dff-03.prs
\art\animations\characters\evil_c_monsters\skeleton\fs3\a_c_ecm_sk_fs3_dff-02.prs
\art\animations\characters\evil_c_monsters\skeleton\fs3\a_c_ecm_sk_fs3_dff-03.prs
\art\animations\characters\evil_c_monsters\skeleton\fs4\a_c_ecm_sk_fs4_dff-02.prs
\art\animations\characters\evil_c_monsters\skeleton\fs4\a_c_ecm_sk_fs4_dff-03.prs
\art\animations\characters\evil_c_monsters\skeleton\fs5\a_c_ecm_sk_fs5_dff-02.prs
\art\animations\characters\evil_c_monsters\skeleton\fs5\a_c_ecm_sk_fs5_dff-03.prs
\art\animations\characters\evil_c_monsters\skeleton\fs6\a_c_ecm_sk_fs6_dff-02.prs
\art\animations\characters\evil_c_monsters\skeleton\fs6\a_c_ecm_sk_fs6_dff-03.prs
\art\animations\characters\evil_c_monsters\skeleton\fs0\a_c_ecm_sk_fs0_ds-02.prs
\art\animations\characters\evil_c_monsters\skeleton\fs1\a_c_ecm_sk_fs1_ds-02.prs
\art\animations\characters\evil_c_monsters\skeleton\fs2\a_c_ecm_sk_fs2_ds-02.prs
\art\animations\characters\evil_c_monsters\skeleton\fs3\a_c_ecm_sk_fs3_ds-02.prs
\art\animations\characters\evil_c_monsters\skeleton\fs4\a_c_ecm_sk_fs4_ds-02.prs
\art\animations\characters\evil_c_monsters\skeleton\fs5\a_c_ecm_sk_fs5_ds-02.prs
\art\animations\characters\evil_c_monsters\skeleton\fs6\a_c_ecm_sk_fs6_ds-02.prs
\art\animations\characters\evil_c_monsters\skeleton\fs0\a_c_ecm_sk_fs0_rv.prs
\art\animations\characters\evil_c_monsters\skeleton\fs1\a_c_ecm_sk_fs1_rv.prs
\art\animations\characters\evil_c_monsters\skeleton\fs2\a_c_ecm_sk_fs2_rv.prs
\art\animations\characters\evil_c_monsters\skeleton\fs3\a_c_ecm_sk_fs3_rv.prs
\art\animations\characters\evil_c_monsters\skeleton\fs4\a_c_ecm_sk_fs4_rv.prs
\art\animations\characters\evil_c_monsters\skeleton\fs5\a_c_ecm_sk_fs5_rv.prs
\art\animations\characters\evil_c_monsters\skeleton\fs6\a_c_ecm_sk_fs6_rv.prs
\art\meshes\weapons\staff\m_w_stf_050.asp
\art\meshes\weapons\mace\m_w_mce_040.asp
\art\bitmaps\terrain\dungeon_greystone_1\dungeon\b_t_dgn03_dgn_flr-ele-platform-04x04.%img%
\art\terrain\generic\dungeon\t_xxx_dgn_cap-02x04-2-a.sno
\art\terrain\generic\dungeon\wall\t_xxx_dgn_wal_ex-alcove-b.sno
\art\terrain\generic\dungeon\t_xxx_dgn_cap-02x02-a.sno
\art\terrain\spider_dungeon\t_sd_cap-cnr-int-04-a.sno
\art\bitmaps\terrain\dungeon_greystone_1\dungeon\b_t_dgn03_dgn_wal-04x04-alcv-b.%img%
\sound\effects\s_e_attack_gargoyle.wav
\sound\effects\s_e_call_skeleton.wav
\sound\effects\s_e_die_skeleton.wav
\sound\effects\s_e_spiderdie_small.wav
\sound\effects\s_e_gui_put_down_mace.wav
\art\bitmaps\gui\in_game\inventory\weapons\mace\dir.lqd18
\art\bitmaps\gui\in_game\inventory\weapons\mace\b_gui_ig_i_w_mce_045.%img%
\art\bitmaps\gui\in_game\inventory\weapons\staff\b_gui_ig_i_w_stf_126.%img%
\art\bitmaps\gui\in_game\inventory\icons\b_gui_ig_i_ic_stf_001.%img%
\art\bitmaps\terrain\forest_pine\floor\b_t_for01_flr_dtl-08x08-b.%img%
\art\terrain\generic\forest\t_xxx_for_wal-straight-08-b.sno
\art\bitmaps\terrain\forest_pine\path\b_t_for01_pth_08x08-b.%img%
\sound\effects\s_e_hit_woodblunt_med3.wav
\art\terrain\generic\floor\t_xxx_flr_rockwall-thin-a.sno
\art\terrain\generic\floor\t_xxx_flr_rockwall-turn-a.sno
\art\terrain\generic\wall\t_xxx_wal_02a-tx-02b-cnvx-thin-r.sno
\art\terrain\generic\floor\t_xxx_flr_rockwall-cap-a.sno
\art\meshes\weapons\mace\m_w_mce_042.asp
\art\terrain\generic\floor\t_xxx_flr_gravestone-1-a.sno
\art\terrain\generic\floor\t_xxx_flr_gravestone-4-a.sno
\art\terrain\crypt_1\t_cry01_portal-ground-a.sno
\art\bitmaps\terrain\crypt_1\dir.lqd18
\art\bitmaps\terrain\forest_pine\b_t_for01_rockwall.%img%
\art\bitmaps\terrain\forest_pine\path\b_t_for01_pth_08x08-j.%img%
\art\bitmaps\terrain\forest_pine\path\b_t_for01_pth_08x04-h.%img%
\art\terrain\generic\floor\t_xxx_flr_gravestone-3-a.sno
\art\terrain\generic\floor\t_xxx_flr_gravestone-2-a.sno
\art\bitmaps\terrain\forest_pine\b_t_for01_tombstone.%img%
\art\terrain\generic\floor\t_xxx_flr_rockwall-thick-a.sno
\art\terrain\crypt_1\t_cry01_portal-base-a.sno
\art\meshes\characters\neutral_ambients\bat\m_c_na_bt_pos_1.asp
\art\animations\characters\neutral_ambients\bat\fs0\a_c_na_bt_fs0_ds.prs
\art\animations\characters\neutral_ambients\bat\fs0\a_c_na_bt_fs0_fl.prs
\art\animations\characters\neutral_ambients\bat\fs0\a_c_na_bt_fs0_fl-02.prs
\art\animations\characters\neutral_ambients\bat\fs0\a_c_na_bt_fs0_dff.prs
\art\animations\characters\neutral_ambients\bat\fs0\a_c_na_bt_fs0_dsf.prs
\art\animations\characters\neutral_ambients\bat\fs0\a_c_na_bt_fs0_dsf-02.prs
\art\bitmaps\terrain\forest_pine\path\b_t_for01_pth_08x04-d.%img%
\art\bitmaps\terrain\crypt_1\b_t_cry01_flr-04x04-a.%img%
\art\bitmaps\characters\neutral_ambients\b_c_na_bt.%img%
\world\maps\map_world\regions\cr_r1\terrain_nodes\siege_nodes.lnc
\world\maps\map_world\regions\cr_r1\terrain_nodes\dir.lqd18
\art\terrain\crypt_1\t_cry01_portal-roof-a.sno
\art\terrain\crypt_1\wall\t_cry01_wal_1a.sno
\art\terrain\crypt_1\floor\t_cry01_flr_1a.sno
\art\bitmaps\terrain\crypt_1\b_t_cry01_stone-b.%img%
\art\bitmaps\terrain\crypt_1\b_t_cry01_flr-04x04-b.%img%
\art\bitmaps\terrain\crypt_1\b_t_cry01_stair-front.%img%
\art\bitmaps\terrain\crypt_1\b_t_cry01_stair-top.%img%
\art\bitmaps\terrain\crypt_1\b_t_cry01_wal-08x04-arch-3.%img%
\art\bitmaps\terrain\crypt_1\b_t_cry01_pillar-a.%img%
\art\bitmaps\terrain\crypt_1\b_t_cry01_wal-08x04-a.%img%
\art\bitmaps\terrain\crypt_1\b_t_cry01_flr-04x01-a.%img%
\art\terrain\crypt_1\corner\t_cry01_cnr_ccav-1-b.sno
\world\maps\map_world\regions\cr_r1\objects\dir.lqd18
\art\terrain\crypt_1\wall\t_cry01_wal_arch-1-a.sno
\art\terrain\crypt_1\t_cry01_cap-arch-1-a.sno
\art\terrain\crypt_1\t_cry01_cap-08x08-a.sno
\art\terrain\crypt_1\t_cry01_cap-02x04-a.sno
\art\terrain\crypt_1\t_cry01_cap-02x02-a.sno
\art\meshes\items\castle\m_i_csl_bench-broken-02.asp
\art\terrain\crypt_1\wall\t_cry01_wal_1b.sno
\art\bitmaps\items\castle\b_i_csl_bench-broken-02.%img%
\art\terrain\crypt_1\t_cry01_cap-08x04-a.sno
\art\bitmaps\terrain\crypt_1\b_t_cry01_wal-08x04-arch-1.%img%
\art\terrain\crypt_1\wall\t_cry01_wal_arch-1-door-a.sno
\art\terrain\crypt_1\wall\t_cry01_wal_1c.sno
\art\meshes\items\castle\m_i_csl_bench-02.asp
\art\bitmaps\items\castle\b_i_csl_stand-02.%img%
\sound\music\s_m_crypts_01.mp3
\art\meshes\items\castle\m_i_csl_chair-02.asp
\art\terrain\generic\forest\t_xxx_for_wal-straight-16-a.sno
\art\meshes\items\global\m_i_glb_door-crypt-01.asp
\art\animations\items\global\a_i_glb_door-crypt-01-open.prs
\art\bitmaps\terrain\crypt_1\b_t_cry01_doorway-floor-a.%img%
\art\bitmaps\terrain\crypt_1\b_t_cry01_wal-08x04-arch-2.%img%
\art\bitmaps\items\global\b_i_glb_door-crypts-01.%img%
\art\terrain\crypt_1\t_cry01_cap-04x04-a.sno
\art\meshes\items\castle\m_i_csl_ftn-red.asp
\art\meshes\weapons\mace\m_w_mce_039.asp
\art\meshes\items\castle\m_i_csl_ftn-blue.asp
\art\bitmaps\items\castle\b_i_csl_fountain.%img%
\art\bitmaps\items\castle\b_i_csl_ftn-liquid-red.%img%
\art\bitmaps\items\castle\b_i_csl_ftn-liquid-dyn.%img%
\art\bitmaps\items\castle\b_i_csl_ftn-liquid-blue.%img%
\art\bitmaps\terrain\forest_pine\floor\b_t_for01_flr_dtl-08x08-a.%img%
\sound\effects\s_e_env_bats.wav
\art\terrain\crypt_1\floor\t_cry01_flr_1b.sno
\art\terrain\crypt_1\floor\t_cry01_flr_pedestal-a.sno
\art\terrain\crypt_1\corner\t_cry01_cnr_ccav-1-a.sno
\art\meshes\items\caves\m_i_cav_container-01.asp
\art\animations\items\caves\a_i_cav_container-01-open-01.prs
\art\animations\items\caves\a_i_cav_container-01-open-02.prs
\art\meshes\items\castle\m_i_csl_cobweb-05.asp
\art\terrain\crypt_1\floor\t_cry01_flr_pillar-a.sno
\art\terrain\crypt_1\corner\t_cry01_cnr_cnvx-1-a.sno
\art\meshes\items\caves\m_i_cav_sarcophagus-01.asp
\art\animations\items\caves\a_i_cav_sarcophagus-open-01.prs
\art\animations\items\caves\a_i_cav_sarcophagus-open-02.prs
\art\bitmaps\items\caves\b_i_cav_container-01.%img%
\art\bitmaps\items\caves\b_i_cav_sarcophagus-01.%img%
\sound\effects\s_e_env_rats_squeakskitter.wav
\art\terrain\crypt_1\stair\t_cry01_str_b.sno
\art\meshes\items\caves\m_i_cav_urn-02.asp
\art\meshes\items\global\m_i_glb_frag-stone-01.asp
\art\meshes\items\global\m_i_glb_frag-stone-02.asp
\art\meshes\items\global\m_i_glb_frag-stone-03.asp
\art\meshes\items\global\m_i_glb_frag-stone-04.asp
\art\meshes\items\global\m_i_glb_frag-stone-05.asp
\art\meshes\items\global\m_i_glb_frag-stone-06.asp
\art\bitmaps\terrain\crypt_1\b_t_cry01_wal-08x08-a.%img%
\art\bitmaps\items\caves\b_i_cav_urn-02.%img%
\art\terrain\crypt_1\t_cry01_cap-str-b.sno
\art\bitmaps\terrain\crypt_1\b_t_cry01_stone-a.%img%
\art\terrain\crypt_1\corner\t_cry01_cnr_tx-wal-r.sno
\art\terrain\crypt_1\corner\t_cry01_cnr_tx-wal-l.sno
\art\meshes\items\caves\m_i_cav_urn-01.asp
\art\terrain\crypt_1\secret\t_cry01_sec_hal-cnr-l-a.sno
\art\terrain\crypt_1\room\t_cry01_room_tx-wal-l.sno
\art\terrain\crypt_1\room\t_cry01_room_tx-wal-r.sno
\art\terrain\crypt_1\secret\t_cry01_sec_hal-cnr-l-b.sno
\art\terrain\crypt_1\secret\t_cry01_sec_str-1a.sno
\art\terrain\crypt_1\secret\t_cry01_sec_str-1b.sno
\art\terrain\crypt_1\secret\t_cry01_sec_str-1c.sno
\art\terrain\crypt_1\secret\t_cry01_sec_str-1d.sno
\art\terrain\crypt_1\secret\t_cry01_sec_str-1e.sno
\art\terrain\crypt_1\secret\t_cry01_sec_str-1f.sno
\art\terrain\crypt_1\secret\t_cry01_sec_str-1g.sno
\art\terrain\crypt_1\secret\t_cry01_sec_str-1h.sno
\art\terrain\crypt_1\secret\t_cry01_sec_str-1i.sno
\art\terrain\crypt_1\secret\t_cry01_sec_str-1j.sno
\art\terrain\crypt_1\t_cry01_cap-sec-hal-cnr-a.sno
\sound\effects\s_e_ambient_crypt.wav
\art\bitmaps\items\caves\b_i_cav_urn-01.%img%
\art\terrain\crypt_1\floor\t_cry01_flr_1c.sno
\art\terrain\crypt_1\wall\t_cry01_wal_1a-broken.sno
\art\meshes\characters\evil_c_monsters\skeleton\m_c_ecm_sk_pos_2.asp
\art\meshes\armor\suits\m_a_suit_a2.asp
\art\bitmaps\characters\body_armor\type2\dir.lqd18
\art\meshes\weapons\axe\m_w_axe_029.asp
\art\meshes\items\global\m_i_glb_light-torch-02.asp
\art\bitmaps\terrain\crypt_1\b_t_cry01_wal-04x04-streak.%img%
\art\bitmaps\terrain\crypt_1\b_t_cry01_wal-04x04-streak-arch.%img%
\art\bitmaps\terrain\crypt_1\b_t_cry01_flr-04x04-c.%img%
\art\bitmaps\characters\evil_c_monsters\b_c_ecm_skg-02.%img%
\art\bitmaps\armor\shields\b_a_shd_078.%img%
\art\meshes\weapons\bow\m_w_bow_012.asp
\art\terrain\crypt_1\secret\t_cry01_sec_wal-1b.sno
\art\terrain\crypt_1\wall\t_cry01_wal_firehole-a.sno
\art\bitmaps\terrain\crypt_1\b_t_cry01_wall-skull.%img%
\art\terrain\crypt_1\secret\t_cry01_sec_wal-1b-door.sno
\art\bitmaps\terrain\crypt_1\b_t_cry01_flr-08x08-a.%img%
\sound\effects\s_e_env_door_stone_open.wav
\sound\effects\s_e_env_break_container_clay.wav
\art\bitmaps\items\global\b_i_glb_frag-stone-med.%img%
\sound\effects\s_e_env_button_stone.wav
\art\terrain\crypt_1\room\t_cry01_room_cnr-1a.sno
\art\terrain\crypt_1\room\t_cry01_room_w1a.sno
\art\meshes\items\global\m_i_glb_statue-06.asp
\art\bitmaps\items\global\b_i_glb_statue-03.%img%
\art\meshes\items\global\m_i_glb_statue-broken-01.asp
\art\meshes\items\global\m_i_glb_statue-broken-04.asp
\art\bitmaps\items\global\b_i_glb_statue-04.%img%
\art\terrain\crypt_1\secret\t_cry01_sec_firehole-1a.sno
\art\terrain\crypt_1\secret\t_cry01_sec_firehole-1b.sno
\sound\effects\s_e_hit_steelblunt_med2.wav
\sound\effects\s_e_gui_element_small.wav
\art\meshes\weapons\staff\m_w_stf_062.asp
\art\meshes\items\castle\m_i_csl_corpse-dry-01.asp
\art\bitmaps\items\castle\b_i_csl_corpse-dry.%img%
\art\terrain\crypt_1\room\t_cry01_room_archdor-1-a.sno
\art\terrain\crypt_1\room\t_cry01_room_w1c.sno
\art\terrain\crypt_1\wall\t_cry01_wal_archdor-1-b.sno
\art\bitmaps\terrain\crypt_1\b_t_cry01_wal-01x02-archdoor.%img%
\art\meshes\items\caves\m_i_cav_statue-01.asp
\sound\music\s_m_crypts_02.mp3
\art\bitmaps\terrain\crypt_1\b_t_cry01_wal-02x04-archdoor.%img%
\art\terrain\crypt_1\wall\t_cry01_wal_hal-35.sno
\sound\effects\s_e_hit_wood_steel.wav
\art\bitmaps\characters\body_armor\type2\b_c_pos_a2_055.%img%
\art\bitmaps\items\global\b_i_glb_frag-bones.%img%
\sound\effects\s_e_gui_put_down_shield.wav
\art\terrain\crypt_1\t_cry01_cap-arch-1-a-custom.sno
\art\terrain\crypt_1\wall\t_cry01_wal_hal-3.sno
\art\bitmaps\gui\in_game\inventory\armor\body_armor\b_gui_ig_i_a_pos_a2_055.%img%
\art\bitmaps\gui\in_game\inventory\armor\shield\dir.lqd18
\art\bitmaps\gui\in_game\inventory\armor\shield\b_gui_ig_i_a_shd_078.%img%
\art\bitmaps\gui\in_game\inventory\weapons\axe\b_gui_ig_i_w_axe_092.%img%
\art\meshes\characters\good_a_heroes\farmboy\m_c_gah_fb_pos_a2.asp
\art\terrain\crypt_1\trap\t_cry01_trap_flr-1a.sno
\art\terrain\crypt_1\wall\t_cry01_wal_firehole-b.sno
\art\terrain\crypt_1\trap\t_cry01_trap_flr-2a.sno
\art\meshes\items\castle\m_i_csl_statue-broken-02.asp
\art\bitmaps\items\castle\b_i_csl_statue-broken-02.%img%
\art\bitmaps\items\global\b_i_glb_book-magic-02.%img%
\art\terrain\crypt_1\stair\t_cry01_str_a.sno
\art\terrain\crypt_1\wall\t_cry01_wal_r1b.sno
\art\meshes\items\global\m_i_glb_book-magic.asp
\art\meshes\items\castle\m_i_csl_stand-02.asp
\art\terrain\crypt_1\room\t_cry01_room_w1b.sno
\art\meshes\weapons\staff\m_w_stf_067.asp
\art\meshes\items\castle\m_i_csl_goblet.asp
\art\terrain\crypt_1\room\t_cry01_room_firehole-1a.sno
\art\terrain\crypt_1\stair\t_cry01_str_cnr-1b.sno
\art\terrain\crypt_1\room\t_cry01_room_2c.sno
\art\terrain\crypt_1\t_cry01_cap-stair-cnr-a.sno
\art\bitmaps\items\global\b_i_glb_book-lore.%img%
\art\bitmaps\items\castle\b_i_csl_goblet.%img%
\art\bitmaps\terrain\crypt_1\b_t_cry01_wall-dragon.%img%
\sound\effects\s_e_env_door_stone_small.wav
\art\terrain\crypt_1\trap\t_cry01_trap_flr-1b.sno
\art\terrain\crypt_1\trap\t_cry01_trap_flr-2b.sno
\art\meshes\weapons\hammer\m_w_hmr_008.asp
\art\bitmaps\terrain\crypt_1\b_t_cry01_flr-04x04-plate-a.%img%
\art\bitmaps\terrain\crypt_1\b_t_cry01_flr-04x04-plate-b.%img%
\art\bitmaps\armor\boots\b_a_boot_001.%img%
\art\terrain\crypt_1\t_cry01_cap-str-a.sno
\sound\effects\s_e_hit_arrow_steel.wav
\sound\music\s_m_crypts_04.mp3
\art\bitmaps\gui\in_game\inventory\armor\boot\b_gui_ig_i_a_boot_040.%img%
\sound\effects\s_e_spell_fireshot_cast.wav
\sound\effects\s_e_gui_put_down_boots.wav
\art\bitmaps\sfx\b_sfx_sparkle_02.%img%
\art\terrain\crypt_1\stair\t_cry01_str_cnr-1c.sno
\art\terrain\crypt_1\room\t_cry01_room_2a.sno
\art\bitmaps\terrain\crypt_1\b_t_cry01_flr-rubble-04x04.%img%
\sound\effects\s_e_spell_fireshot_hit.wav
\art\meshes\weapons\hammer\m_w_hmr_009.asp
\sound\effects\s_e_gui_put_down_book.wav
\art\terrain\crypt_1\room\t_cry01_room_3a.sno
\art\terrain\crypt_1\room\t_cry01_room_w2a.sno
\art\terrain\crypt_1\t_cry01_cap-room-3a.sno
\art\terrain\crypt_1\room\t_cry01_room_3b.sno
\art\terrain\crypt_1\room\t_cry01_room_3e.sno
\art\terrain\crypt_1\room\t_cry01_room_3d.sno
\art\bitmaps\characters\evil_c_monsters\b_c_ecm_skg.%img%
\art\terrain\crypt_1\room\t_cry01_room_3c.sno
\art\meshes\items\castle\m_i_csl_candlestand-02.asp
\art\bitmaps\items\castle\b_i_csl_candlestand-01.%img%
\art\terrain\crypt_1\room\t_cry01_room_2d.sno
\art\terrain\crypt_1\stair\t_cry01_str_cnr-1a.sno
\sound\effects\s_e_hit_steeledge_steel.wav
\sound\effects\s_e_hit_flesh_steel.wav
\art\meshes\weapons\staff\m_w_stf_061.asp
\art\meshes\weapons\bow\m_w_bow_010.asp
\art\animations\characters\evil_d_monsters\gargoyle\fs0\a_c_edm_ga_fs0_ds-02.prs
\art\animations\characters\evil_d_monsters\gargoyle\fs0\a_c_edm_ga_fs0_fl-02.prs
\art\animations\characters\evil_d_monsters\gargoyle\fs0\a_c_edm_ga_fs0_dfs-02.prs
\art\animations\characters\evil_d_monsters\gargoyle\fs0\a_c_edm_ga_fs0_mg-02.prs
\art\animations\characters\evil_d_monsters\gargoyle\fs0\a_c_edm_ga_fs0_dff-02.prs
\art\animations\characters\evil_d_monsters\gargoyle\fs0\a_c_edm_ga_fs0_rv-02.prs
\sound\music\s_m_crypts_03.mp3
\art\bitmaps\characters\evil_d_monsters\b_c_edm_ga-02.%img%
\world\maps\map_world\regions\fh_r3\terrain_nodes\siege_nodes.lnc
\world\maps\map_world\regions\fh_r3\terrain_nodes\dir.lqd18
\world\maps\map_world\regions\fh_r3\objects\dir.lqd18
\art\terrain\generic\floor\t_xxx_flr_rockwall-cap-b.sno
\world\ai\jobs\actors\good\job_talk_ulora.skrit
\art\meshes\characters\good_a_heroes\farmgirl\helmets\m_c_gah_fg_hlmt_ulora.asp
\art\meshes\characters\good_a_heroes\farmgirl\m_c_gah_fg_pos_a2.asp
\art\meshes\characters\good_a_heroes\farmgirl\boots\m_c_gah_fg_boot_type1_b.asp
\art\meshes\armor\helmets\m_a_hlmt_type6.asp
\art\bitmaps\armor\helmets\dir.lqd18
\art\meshes\items\grass\m_i_grs_bones-animal.asp
\art\bitmaps\terrain\grass_1\b_t_grs01_tombstone.%img%
\art\bitmaps\terrain\grass_1\b_t_grs01_rockwall.%img%
\art\bitmaps\characters\good_a_heroes\farmgirl\b_c_gah_fg_skin_16.%img%
\art\bitmaps\characters\body_armor\type2\b_c_pos_a2_056.%img%
\art\bitmaps\items\global\b_i_glb_bones-red.%img%
\sound\effects\s_e_attack_gargoyle_large.wav
\art\bitmaps\gui\in_game\inventory\weapons\bow\b_gui_ig_i_w_bow_095.%img%
\world\maps\map_world\regions\cr_r1\conversations\dir.lqd18
\sound\voices\s_v_cr_ulora1.mp3
\art\bitmaps\gui\in_game\inventory\armor\helmet\dir.lqd18
\art\bitmaps\gui\in_game\inventory\armor\helmet\b_gui_ig_i_a_hlmt_006.%img%
\art\bitmaps\gui\in_game\inventory\items\b_gui_ig_i_it_lore-book.%img%
\art\bitmaps\gui\in_game\inventory\icons\b_gui_ig_i_ic_c_ul.%img%
\sound\voices\s_v_cr_ulora2.mp3
\art\terrain\sieged_town\t_bt_burnt-house-a.sno
\art\bitmaps\terrain\sieged_town\dir.lqd18
\art\terrain\generic\corner\t_xxx_cnr_tee-rmp-rmp-08-l.sno
\art\bitmaps\items\grass\b_i_grs_tree-laurel.%img%
\sound\music\s_m_path2stonebridge_01.mp3
\art\terrain\generic\ramp\t_xxx_rmp_pth-rightside.sno
\art\terrain\generic\ramp\t_xxx_rmp_tx-wal-04-thck-r.sno
\art\terrain\generic\ramp\t_xxx_rmp_pth-leftside.sno
\art\bitmaps\terrain\sieged_town\b_t_bt_wood-frame.%img%
\art\bitmaps\terrain\sieged_town\b_t_bt_chimeystone.%img%
\art\bitmaps\terrain\sieged_town\b_t_bt_storeground.%img%
\art\bitmaps\terrain\sieged_town\b_t_bt_foundation-trim.%img%
\art\bitmaps\terrain\sieged_town\b_t_bt_stucco-wall_burnt.%img%
\art\bitmaps\terrain\sieged_town\b_t_bt_burnt-wall-top.%img%
\art\bitmaps\terrain\sieged_town\b_t_bt_burnt-greenwood.%img%
\art\bitmaps\terrain\sieged_town\b_t_bt_burnt-chimney.%img%
\art\terrain\grass_1\t_grs01_e3rmp-pth-staircase-thin-a.sno
\art\bitmaps\terrain\grass_1\wall\b_t_grs01_wal_08x08-e.%img%
\art\terrain\generic\wall\t_xxx_wal_04-tx-rmp-r.sno
\art\meshes\items\grass\m_i_grs_sign-town.asp
\art\bitmaps\terrain\grass_1\wall\b_t_grs01_wal_08x08-g.%img%
\art\bitmaps\items\grass\b_i_grs_sign-town.%img%
\art\bitmaps\terrain\grass_1\wall\b_t_grs01_wal_08x04-b.%img%
\art\terrain\generic\wall\t_xxx_wal_08-tx-04-l.sno
\art\terrain\grass_1\houses\t_grs01_houses_guard-base-a.sno
\art\bitmaps\terrain\spider_dungeon\dir.lqd18
\art\bitmaps\terrain\spider_dungeon\floor\dir.lqd18
\art\terrain\grass_1\houses\t_grs01_houses_guard-floor-plate-a.sno
\art\terrain\grass_1\houses\t_grs01_houses_guard-stairs.sno
\art\terrain\grass_1\houses\t_grs01_houses_guard-lv2-a.sno
\art\terrain\grass_1\houses\t_grs01_houses_guard-door-top-a.sno
\art\terrain\grass_1\houses\t_grs01_houses_guard-wall-top-base.sno
\art\terrain\grass_1\houses\t_grs01_houses_guard-wall-top-lv2-ab.sno
\art\terrain\grass_1\houses\t_grs01_houses_guard-landing-a.sno
\art\meshes\items\grass\m_i_grs_hidestand.asp
\art\meshes\items\castle\m_i_csl_bench-broken-01.asp
\art\meshes\items\global\m_i_glb_dead_knight-05.asp
\art\bitmaps\characters\body_armor\type3\dir.lqd18
\art\meshes\items\global\m_i_glb_dead_knight-01.asp
\art\bitmaps\terrain\grass_1\b_t_grs01_guardhouse-wall-1.%img%
\art\bitmaps\terrain\grass_1\b_t_grs01_guardhouse-wall-trim1.%img%
\art\bitmaps\terrain\grass_1\b_t_grs01_guardhouse-wall-top.%img%
\art\bitmaps\terrain\spider_dungeon\floor\b_t_sd_flr_woodplanks.%img%
\art\bitmaps\terrain\grass_1\b_t_grs01_guardhouse-wall-2.%img%
\art\bitmaps\items\grass\b_i_grs_hidestand.%img%
\art\bitmaps\items\castle\b_i_csl_bench-broken-01.%img%
\art\bitmaps\characters\good_a_heroes\farmboy\b_c_gah_fb_skin_01.%img%
\art\terrain\grass_1\houses\t_grs01_houses_guard-lv2-b.sno
\art\terrain\grass_1\houses\t_grs01_houses_guard-landing-b.sno
\art\bitmaps\characters\body_armor\type3\b_c_pos_a3_014.%img%
\art\terrain\grass_1\houses\t_grs01_houses_guard-top-a.sno
\art\terrain\grass_1\houses\t_grs01_houses_guard-top-a-roof.sno
\art\meshes\weapons\misc\m_w_misc_meat_bone.asp
\art\bitmaps\weapons\misc\dir.lqd18
\art\animations\characters\evil_a_monsters\krug\fs1\a_c_eam_kg_fs1_dff-02.prs
\art\meshes\weapons\misc\m_w_misc_fire_poker.asp
\art\animations\characters\evil_a_monsters\krug\fs1\a_c_eam_kg_fs1_dff-04.prs
\art\meshes\items\global\m_i_glb_chest-02.asp
\art\meshes\weapons\bow\m_w_bow_013.asp
\art\meshes\weapons\staff\m_w_stf_068.asp
\art\animations\items\global\a_i_glb_chest-02-open.prs
\art\animations\items\global\a_i_glb_chest-02-close.prs
\art\meshes\weapons\bow\m_w_bow_022.asp
\art\meshes\items\global\m_i_glb_dead_gaurd-01.asp
\art\meshes\items\grass\m_i_grs_campfire.asp
\art\meshes\items\global\m_i_glb_rock-05.asp
\art\meshes\items\global\m_i_glb_rock-06.asp
\art\meshes\items\global\m_i_glb_rock-08.asp
\art\meshes\items\grass\m_i_grs_spit-01.asp
\art\meshes\items\global\m_i_glb_rock-01.asp
\art\meshes\items\global\m_i_glb_rock-02.asp
\art\meshes\items\grass\m_i_grs_tent-camp.asp
\art\meshes\items\castle\m_i_csl_shield-wall-01.asp
\art\meshes\items\global\m_i_glb_dead_krug-11.asp
\art\meshes\items\global\m_i_glb_dead_gaurd-03.asp
\art\bitmaps\characters\good_a_heroes\farmboy\b_c_gah_fb_skin_003.%img%
\art\bitmaps\terrain\grass_1\b_t_grs01_guardhouse-woodfloor.%img%
\art\meshes\items\global\m_i_glb_rock-07.asp
\art\bitmaps\terrain\grass_1\b_t_grs01_guardhouse-doorshade.%img%
\art\bitmaps\weapons\misc\b_w_misc_meat_bone.%img%
\art\bitmaps\weapons\misc\b_w_misc_fire_poker.%img%
\art\bitmaps\items\global\b_i_glb_chest-open.%img%
\art\bitmaps\characters\evil_a_monsters\b_c_eam_ks-02.%img%
\art\bitmaps\characters\good_a_heroes\farmboy\b_c_gah_fb_skin_13.%img%
\art\bitmaps\items\grass\b_i_grs_campfire.%img%
\art\bitmaps\items\grass\b_i_grs_rock.%img%
\art\bitmaps\items\grass\b_i_grs_spit-01.%img%
\art\bitmaps\items\grass\b_i_grs_rock-01.%img%
\art\bitmaps\items\grass\b_i_grs_tent-camp.%img%
\art\bitmaps\items\castle\b_i_csl_shield-wall-01.%img%
\art\bitmaps\terrain\sieged_town\b_t_bt_mossy-thatch-4a.%img%
\art\terrain\generic\wall\t_xxx_wal_08-pth-r.sno
\art\meshes\weapons\sword\m_w_swd_011.asp
\art\bitmaps\terrain\grass_1\wall\b_t_grs01_wal_04x08-b.%img%
\world\maps\map_world\regions\bt_r1\terrain_nodes\siege_nodes.lnc
\world\maps\map_world\regions\bt_r1\terrain_nodes\dir.lqd18
\art\terrain\sieged_town\t_bt_burnt-house-b.sno
\art\terrain\sieged_town\t_bt_towngate-entrance.sno
\art\terrain\sieged_town\t_bt_towngate-entrance-top.sno
\art\terrain\generic\corner\t_xxx_cnr_tee-rmp-rmp-08-r.sno
\art\meshes\items\global\m_i_glb_woodpile-burnt.asp
\art\meshes\items\grass\m_i_grs_lumber-burnt.asp
\art\meshes\items\global\m_i_glb_tree-pine-burnt-01.asp
\art\meshes\items\global\m_i_glb_stump-burnt-01.asp
\art\meshes\items\global\m_i_glb_log-burnt-02.asp
\art\meshes\items\global\m_i_glb_dead_krug-05.asp
\art\bitmaps\terrain\sieged_town\b_t_bt_burnt-grass-strght.%img%
\art\bitmaps\terrain\sieged_town\b_t_bt_burnt-grass-cnr.%img%
\art\bitmaps\items\grass\b_i_grs_lumber-burnt.%img%
\art\bitmaps\items\global\b_i_glb_tree-burnt.%img%
\art\meshes\items\global\m_i_glb_dead_deer-01.asp
\sound\effects\s_e_hit_teeth_leather.wav
\art\terrain\generic\ramp\t_xxx_rmp_pth-traverse-rails-l.sno
\sound\effects\s_e_hit_flesh_flesh.wav
\art\meshes\armor\helmets\m_a_hlmt_type35.asp
\art\terrain\lakeshore_1\t_lk01_sand-tx-grs-04x04-b.sno
\art\bitmaps\terrain\lakeshore_1\dir.lqd18
\art\meshes\weapons\bow\m_w_bow_025.asp
\art\terrain\lakeshore_1\t_lk01_sand-tx-grs-08x04-c.sno
\art\bitmaps\terrain\grass_1\path\b_t_grs01_pth_08x08-a.%img%
\art\terrain\lakeshore_1\t_lk01_sand-tx-grs-08x04-e.sno
\art\terrain\lakeshore_1\t_lk01_sand-tx-grs-04x04-c.sno
\art\terrain\lakeshore_1\t_lk01_sand-08x04-a.sno
\art\terrain\lakeshore_1\t_lk01_sand-04x04-a.sno
\art\terrain\lakeshore_1\t_lk01_sand-tx-grs-04x04-e.sno
\art\terrain\lakeshore_1\t_lk01_lakeshore-a.sno
\art\terrain\lakeshore_1\t_lk01_lakeshore-barrier-8a.sno
\art\terrain\lakeshore_1\t_lk01_sand-tx-grs-08x04-f.sno
\art\meshes\armor\shields\m_a_shd_23.asp
\art\bitmaps\characters\evil_a_monsters\b_c_eam_ksc-03.%img%
\sound\music\s_m_drums_02.mp3
\art\bitmaps\terrain\lakeshore_1\b_t_lk01_sand-tx-grs-04x04-c.%img%
\art\terrain\lakeshore_1\t_lk01_water.sno
\art\bitmaps\terrain\seashore_1\dir.lqd18
\art\meshes\items\grass\m_i_grs_tent-camp-03.asp
\art\animations\items\grass\a_i_grs_tent-camp-03-open.prs
\art\bitmaps\terrain\lakeshore_1\b_t_lk01_sand-tx-grs-08x04-c.%img%
\art\bitmaps\terrain\lakeshore_1\b_t_lk01_sand-tx-grs-04x04-b.%img%
\art\meshes\items\global\m_i_glb_dead_barkeep-01.asp
\art\bitmaps\terrain\lakeshore_1\b_t_lk01_sand-tx-grs-08x04-e.%img%
\art\bitmaps\terrain\lakeshore_1\b_t_lk01_sand-tx-grs-04x04-e.%img%
\art\bitmaps\terrain\lakeshore_1\b_t_lk01_sand-04x04-a.%img%
\art\bitmaps\decals\b_d_lakeshore-gravel-a.%img%
\art\bitmaps\characters\good_b_npc\b_c_gbn_ik.%img%
\art\meshes\items\grass\m_i_grs_cattail-04.asp
\art\animations\items\grass\a_i_grs_cattail-04-sway.prs
\art\meshes\items\grass\m_i_grs_cattail-05.asp
\art\animations\items\grass\a_i_grs_cattail-05-sway.prs
\art\meshes\items\swamp\m_i_swp_reed-07.asp
\art\animations\items\swamp\a_i_swp_reed-07-sway.prs
\art\meshes\items\swamp\m_i_swp_reed-08.asp
\art\meshes\items\swamp\m_i_swp_lilypad-04.asp
\art\animations\items\swamp\a_i_swp_lilypad-04-sway.prs
\art\meshes\items\swamp\m_i_swp_lilypad-05.asp
\art\animations\items\swamp\a_i_swp_lilypad-05-sway.prs
\art\meshes\items\global\m_i_glb_log-floating.asp
\art\animations\items\global\a_i_glb_log-floating-bob.prs
\sound\effects\s_e_env_lakeside.wav
\art\bitmaps\terrain\lakeshore_1\b_t_lk01_lakeshore.%img%
\art\bitmaps\terrain\lakeshore_1\b_t_lk01_water-static.%img%
\art\bitmaps\terrain\lakeshore_1\b_t_lk01_water-dynamic.%img%
\art\bitmaps\terrain\lakeshore_1\b_t_lk01_h2o-1.%img%
\art\bitmaps\terrain\lakeshore_1\b_t_lk01_h2o-2.%img%
\art\bitmaps\terrain\lakeshore_1\b_t_lk01_h2o-3.%img%
\art\bitmaps\terrain\lakeshore_1\b_t_lk01_h2o-4.%img%
\art\bitmaps\terrain\lakeshore_1\b_t_lk01_h2o-5.%img%
\art\bitmaps\terrain\lakeshore_1\b_t_lk01_h2o-6.%img%
\art\bitmaps\terrain\lakeshore_1\b_t_lk01_h2o-7.%img%
\art\bitmaps\terrain\lakeshore_1\b_t_lk01_h2o-8.%img%
\art\bitmaps\terrain\lakeshore_1\b_t_lk01_h2o-9.%img%
\art\bitmaps\terrain\lakeshore_1\b_t_lk01_lakebottom.%img%
\art\bitmaps\terrain\lakeshore_1\b_t_lk01_lakeshore-barrier-water-a.%img%
\art\bitmaps\terrain\lakeshore_1\b_t_lk01_lakeshore-barrier-water-b.%img%
\art\bitmaps\terrain\lakeshore_1\b_t_lk01_lakeshore-barrier-wall.%img%
\art\bitmaps\items\grass\b_i_grs_cattail.%img%
\art\bitmaps\items\swamp\b_i_swp_reed.%img%
\art\bitmaps\items\swamp\b_i_swp_lilypad.%img%
\art\bitmaps\items\global\b_i_glb_driftwood.%img%
\art\meshes\items\global\m_i_glb_dead_krug-02.asp
\art\meshes\items\global\m_i_glb_dead_townsfolk-06.asp
\art\bitmaps\terrain\lakeshore_1\b_t_lk01_sand-tx-grs-08x04-f.%img%
\art\bitmaps\characters\evil_a_monsters\b_c_eam_kr.%img%
\art\bitmaps\characters\good_a_heroes\farmboy\b_c_gah_fb_skin_08.%img%
\art\meshes\items\castle\m_i_csl_skulls-01.asp
\art\bitmaps\terrain\seashore_1\b_t_sea01_water-static.%img%
\art\bitmaps\terrain\seashore_1\b_t_sea01_water-dynamic.%img%
\art\bitmaps\armor\shields\b_a_shd_089.%img%
\art\bitmaps\gui\in_game\inventory\armor\shield\b_gui_ig_i_a_shd_093.%img%
\world\maps\map_world\regions\bt_r1\objects\dir.lqd18
\art\bitmaps\terrain\sieged_town\b_t_bt_wood-floor4x4.%img%
\art\terrain\sieged_town\t_bt_gravemaker-flipped.sno
\art\terrain\sieged_town\t_bt_mill.sno
\art\bitmaps\terrain\sieged_town\b_t_bt_facemaps-1.%img%
\art\bitmaps\terrain\sieged_town\b_t_bt_burntlogs.%img%
\art\bitmaps\terrain\sieged_town\b_t_bt_burnt-logends.%img%
\art\bitmaps\terrain\sieged_town\b_t_bt_burnt-ground.%img%
\art\meshes\items\global\m_i_glb_tree-poplar-01.asp
\art\bitmaps\items\grass\b_i_grs_tree-poplar.%img%
\art\meshes\items\global\m_i_glb_lamp-post-03.asp
\art\meshes\characters\good_a_heroes\farmboy\m_c_gah_fb_pos_a3.asp
\art\meshes\armor\suits\m_a_suit_a3.asp
\art\meshes\characters\good_a_heroes\farmboy\boots\m_c_gah_fb_boot_type1_a.asp
\art\meshes\characters\good_a_heroes\farmboy\gauntlets\m_c_gah_fb_gntl_type1_a.asp
\art\meshes\armor\helmets\m_a_hlmt_type20.asp
\art\meshes\characters\good_a_heroes\farmboy\helmets\m_c_gah_fb_hlmt_type20.asp
\art\meshes\weapons\sword\m_w_swd_019.asp
\art\meshes\weapons\sword\m_w_swd_015.asp
\art\bitmaps\items\global\b_i_glb_lamp-posts.%img%
\art\meshes\items\global\m_i_glb_sign-stonebridge-gate.asp
\art\bitmaps\characters\good_a_heroes\farmboy\b_c_gah_fb_skin_02.%img%
\art\bitmaps\armor\boots\b_a_boot_006.%img%
\art\bitmaps\armor\gauntlets\b_a_gntl_024.%img%
\art\bitmaps\armor\helmets\b_a_hlmt_020.%img%
\art\bitmaps\terrain\sieged_town\b_t_bt_stucco-wall.%img%
\art\terrain\sieged_town\t_bt_land-store.sno
\art\terrain\sieged_town\t_bt_land-mill.sno
\art\terrain\sieged_town\t_bt_roof-mill.sno
\art\terrain\grass_1\houses\t_grs01_houses_silo-a.sno
\art\terrain\sieged_town\t_bt_mill-door-top.sno
\world\ai\jobs\actors\good\job_talk_gyorn.skrit
\art\meshes\armor\shields\m_a_shd_10.asp
\art\bitmaps\terrain\sieged_town\b_t_bt_roped-pole-1x4a.%img%
\art\bitmaps\terrain\sieged_town\b_t_bt_dirt-4x4.%img%
\art\bitmaps\terrain\sieged_town\b_t_bt_dirt-trim.%img%
\art\bitmaps\characters\good_a_heroes\farmboy\b_c_gah_fb_skin_12.%img%
\art\bitmaps\characters\body_armor\type1\b_c_pos_a1_002.%img%
\art\terrain\sieged_town\t_bt_barn.sno
\art\terrain\sieged_town\t_bt_shop.sno
\art\terrain\sieged_town\t_bt_blacksmith.sno
\art\terrain\sieged_town\t_bt_waterpump.sno
\art\meshes\items\global\m_i_glb_door-01-r.asp
\art\animations\items\global\a_i_glb_door-barn-01-open.prs
\art\animations\items\global\a_i_glb_door-barn-01-close.prs
\world\ai\jobs\actors\good\job_talk_alanna.skrit
\art\meshes\characters\good_a_heroes\farmgirl\helmets\m_c_gah_fg_hlmt_head-03.asp
\art\animations\characters\good_a_heroes\farmgirl\fs0\a_c_gah_fg_fs0_ds.prs
\art\animations\characters\good_a_heroes\farmgirl\fs1\a_c_gah_fg_fs1_ds.prs
\art\animations\characters\good_a_heroes\farmgirl\fs2\a_c_gah_fg_fs2_ds.prs
\art\animations\characters\good_a_heroes\farmgirl\fs3\a_c_gah_fg_fs3_ds.prs
\art\animations\characters\good_a_heroes\farmgirl\fs4\a_c_gah_fg_fs4_ds.prs
\art\animations\characters\good_a_heroes\farmgirl\fs5\a_c_gah_fg_fs5_ds.prs
\art\animations\characters\good_a_heroes\farmgirl\fs6\a_c_gah_fg_fs6_ds.prs
\art\animations\characters\good_a_heroes\farmgirl\fs7\a_c_gah_fg_fs7_ds.prs
\art\animations\characters\good_a_heroes\farmgirl\fs1\a_c_gah_fg_fs1_dsf.prs
\art\animations\characters\good_a_heroes\farmgirl\fs1\a_c_gah_fg_fs1_dsf-02.prs
\art\animations\characters\good_a_heroes\farmgirl\fs2\a_c_gah_fg_fs2_dsf.prs
\art\animations\characters\good_a_heroes\farmgirl\fs2\a_c_gah_fg_fs2_dsf-02.prs
\art\animations\characters\good_a_heroes\farmgirl\fs3\a_c_gah_fg_fs3_dsf.prs
\art\animations\characters\good_a_heroes\farmgirl\fs3\a_c_gah_fg_fs3_dsf-02.prs
\art\animations\characters\good_a_heroes\farmgirl\fs4\a_c_gah_fg_fs4_dsf.prs
\art\animations\characters\good_a_heroes\farmgirl\fs4\a_c_gah_fg_fs4_dsf-02.prs
\art\animations\characters\good_a_heroes\farmgirl\fs5\a_c_gah_fg_fs5_dsf.prs
\art\animations\characters\good_a_heroes\farmgirl\fs5\a_c_gah_fg_fs5_dsf-02.prs
\art\animations\characters\good_a_heroes\farmgirl\fs6\a_c_gah_fg_fs6_dsf.prs
\art\animations\characters\good_a_heroes\farmgirl\fs6\a_c_gah_fg_fs6_dsf-02.prs
\art\animations\characters\good_a_heroes\farmgirl\fs7\a_c_gah_fg_fs7_dsf.prs
\art\animations\characters\good_a_heroes\farmgirl\fs7\a_c_gah_fg_fs7_dsf-02.prs
\art\meshes\items\global\m_i_glb_trough-flowers.asp
\art\meshes\items\global\m_i_glb_tub-blacksmith.asp
\art\meshes\items\global\m_i_glb_trough-fish.asp
\art\meshes\items\global\m_i_glb_supplies-03.asp
\art\meshes\items\global\m_i_glb_stool-02.asp
\art\meshes\items\global\m_i_glb_shelf-03.asp
\art\meshes\items\global\m_i_glb_sacks-01.asp
\art\meshes\items\global\m_i_glb_sacks-02.asp
\art\meshes\items\global\m_i_glb_sacks-03.asp
\art\meshes\items\global\m_i_glb_sack-flour-01.asp
\art\meshes\items\global\m_i_glb_sack-flour-02.asp
\art\meshes\items\global\m_i_glb_rack-wall-02.asp
\art\meshes\items\grass\m_i_grs_sbridge-millblades.asp
\art\meshes\items\grass\m_i_grs_sbridge-gear1.asp
\art\animations\skrits\rotatey.skrit
\art\meshes\items\grass\m_i_grs_sbridge-gear2.asp
\art\bitmaps\terrain\sieged_town\b_t_bt_wood-base.%img%
\sound\effects\s_e_env_gears_mill_sm.wav
\art\bitmaps\terrain\sieged_town\b_t_bt_decor-trims.%img%
\sound\effects\s_e_env_gears_mill_lg.wav
\art\bitmaps\terrain\sieged_town\b_t_bt_stucco-wall-bust.%img%
\art\bitmaps\terrain\sieged_town\b_t_bt_rockwall-base.%img%
\art\bitmaps\terrain\grass_1\b_t_grs01_stone-ridge.%img%
\art\bitmaps\terrain\sieged_town\b_t_bt_stucco-bars.%img%
\art\bitmaps\terrain\sieged_town\b_t_bt_wood-outside-planks.%img%
\art\bitmaps\decals\b_d_sawdust-a.%img%
\art\bitmaps\decals\b_d_flour-a.%img%
\art\bitmaps\decals\b_d_corn-a.%img%
\art\bitmaps\characters\good_a_heroes\farmgirl\b_c_gah_fg_skin_04.%img%
\art\bitmaps\characters\body_armor\type1\b_c_pos_a1_056.%img%
\art\bitmaps\items\global\b_i_glb_tub-blacksmith.%img%
\art\bitmaps\items\global\b_i_glb_supplies-03.%img%
\art\bitmaps\items\global\b_i_glb_stool-02.%img%
\art\bitmaps\items\global\b_i_glb_sacks-01.%img%
\art\bitmaps\items\global\b_i_glb_sacks-02.%img%
\art\bitmaps\items\global\b_i_glb_sack-flour.%img%
\art\bitmaps\items\global\b_i_glb_rack-wall-02.%img%
\art\bitmaps\items\grass\b_i_grs_sbridge-millblades.%img%
\art\bitmaps\items\grass\b_i_grs_sbridge-gear.%img%
\art\bitmaps\terrain\sieged_town\b_t_bt_rockfloor.%img%
\art\bitmaps\terrain\sieged_town\b_t_bt_roof-shingles1.%img%
\art\meshes\characters\good_a_heroes\farmgirl\m_c_gah_fg_pos_b1.asp
\art\bitmaps\characters\body_armor\b1\dir.lqd18
\art\meshes\characters\neutral_ambients\pack_mule\m_c_na_pm_pos_1.asp
\art\animations\characters\neutral_ambients\pack_mule\fs0\a_c_na_pm_fs0_ds.prs
\art\animations\characters\neutral_ambients\pack_mule\fs0\a_c_na_pm_fs0_rl.prs
\art\animations\characters\neutral_ambients\pack_mule\fs0\a_c_na_pm_fs0_di.prs
\art\animations\characters\neutral_ambients\pack_mule\fs0\a_c_na_pm_fs0_at.prs
\art\animations\characters\neutral_ambients\pack_mule\fs0\a_c_na_pm_fs0_dff.prs
\art\animations\characters\neutral_ambients\pack_mule\fs0\a_c_na_pm_fs0_dsf.prs
\art\animations\characters\neutral_ambients\pack_mule\fs0\a_c_na_pm_fs0_dsf-02.prs
\art\animations\characters\neutral_ambients\pack_mule\fs0\a_c_na_pm_fs0_dsf-03.prs
\art\animations\characters\neutral_ambients\pack_mule\fs0\a_c_na_pm_fs0_dsf-04.prs
\art\animations\characters\neutral_ambients\pack_mule\fs0\a_c_na_pm_fs0_dsf-05.prs
\art\meshes\items\global\m_i_glb_log-burnt-01.asp
\art\meshes\items\castle\m_i_csl_chains-curved.asp
\art\bitmaps\characters\good_a_heroes\farmgirl\b_c_gah_fg_skin_06.%img%
\art\bitmaps\characters\body_armor\b1\b_c_pos_b1_005.%img%
\art\bitmaps\characters\neutral_ambients\b_c_na_pm_skin_01.%img%
\art\bitmaps\items\castle\b_i_csl_chains.%img%
\art\meshes\items\global\m_i_glb_dead_krug-04.asp
\art\bitmaps\terrain\farmhouse\b_t_fh00_ladder.%img%
\art\bitmaps\terrain\farmhouse\b_t_fh00_steel1.%img%
\art\meshes\weapons\axe\m_w_axe_031.asp
\art\terrain\sieged_town\t_bt_pathcustom-a-8x8.sno
\art\terrain\sieged_town\t_bt_tavern.sno
\art\terrain\sieged_town\t_bt_pathcustom-c-4x8.sno
\art\terrain\sieged_town\t_bt_blacksmith_roof.sno
\art\terrain\sieged_town\t_bt_roof-blacksmith-canopy.sno
\art\terrain\sieged_town\t_bt_blacksmith-door-top.sno
\art\terrain\sieged_town\t_bt_shop-roof.sno
\art\terrain\sieged_town\t_bt_shop-door-top.sno
\art\meshes\armor\helmets\m_a_hlmt_type29.asp
\art\meshes\characters\good_a_heroes\farmboy\helmets\m_c_gah_fb_hlmt_type29.asp
\art\meshes\armor\shields\m_a_shd_20.asp
\art\meshes\weapons\sword\m_w_swd_018.asp
\art\meshes\items\global\m_i_glb_clothesline.asp
\art\meshes\items\grass\m_i_grs_flowers-03.asp
\art\meshes\items\global\m_i_glb_groundcover-03.asp
\art\meshes\items\grass\m_i_grs_ivy-02.asp
\art\meshes\items\global\m_i_glb_tree-apple-01.asp
\art\meshes\items\global\m_i_glb_dead_dog-01.asp
\art\bitmaps\terrain\sieged_town\b_t_bt_grass-stairs.%img%
\art\bitmaps\characters\body_armor\type3\b_c_pos_a3_016.%img%
\art\bitmaps\armor\boots\b_a_boot_005.%img%
\art\bitmaps\armor\gauntlets\b_a_gntl_005.%img%
\art\bitmaps\armor\helmets\b_a_hlmt_029.%img%
\art\bitmaps\armor\shields\b_a_shd_081.%img%
\art\terrain\sieged_town\t_bt_roof-barn.sno
\art\terrain\sieged_town\t_bt_barn-door-top-front.sno
\art\terrain\sieged_town\t_bt_barn-door-top-back.sno
\art\terrain\sieged_town\t_bt_barn-door-top-barn.sno
\art\bitmaps\items\global\b_i_glb_clothesline.%img%
\art\bitmaps\items\grass\b_i_grs_flowers-11.%img%
\art\bitmaps\items\grass\b_i_grs_tree-apple.%img%
\world\maps\map_world\regions\fh_r3\conversations\dir.lqd18
\sound\voices\s_v_chapter_1.mp3
\art\meshes\items\castle\m_i_csl_bowl.asp
\art\meshes\items\castle\m_i_csl_candlestand-01.asp
\art\meshes\items\castle\m_i_csl_candlestand-03.asp
\art\meshes\items\global\m_i_glb_basket-01.asp
\art\meshes\items\global\m_i_glb_bread.asp
\art\meshes\items\global\m_i_glb_mug.asp
\art\meshes\items\global\m_i_glb_picture-01.asp
\art\meshes\items\global\m_i_glb_picture-02.asp
\art\meshes\items\global\m_i_glb_plate.asp
\art\meshes\items\global\m_i_glb_rug-02.asp
\art\meshes\items\grass\m_i_grs_fireplace.asp
\art\meshes\items\global\m_i_glb_table-03.asp
\art\meshes\items\global\m_i_glb_chair-01.asp
\art\bitmaps\terrain\sieged_town\b_t_bt_stucco-burnt.%img%
\art\bitmaps\decals\b_d_dust-a.%img%
\art\bitmaps\terrain\sieged_town\b_t_bt_mossy-thatch_burnt-4a.%img%
\art\bitmaps\items\castle\b_i_csl_bowl.%img%
\art\bitmaps\items\global\b_i_glb_basket-01.%img%
\art\bitmaps\items\global\b_i_glb_bread.%img%
\art\bitmaps\items\global\b_i_glb_mug.%img%
\art\bitmaps\items\global\b_i_glb_picture-01.%img%
\art\bitmaps\items\global\b_i_glb_picture-02.%img%
\art\bitmaps\items\global\b_i_glb_plate.%img%
\art\bitmaps\items\global\b_i_glb_rug-02.%img%
\art\bitmaps\items\grass\b_i_grs_fireplace.%img%
\art\bitmaps\items\global\b_i_glb_table-03.%img%
\art\terrain\sieged_town\t_bt_tavern_stairs.sno
\art\terrain\sieged_town\t_bt_pathcustom-d-8x4.sno
\art\terrain\sieged_town\t_bt_pathcustom-b-8x4.sno
\art\terrain\generic\wall\t_xxx_wal_02a-tx-04-ccav-r.sno
\art\terrain\sieged_town\t_bt_tavern-door-top.sno
\world\ai\jobs\actors\good\job_talk_owen.skrit
\sound\music\s_m_besiegedtown_04.mp3
\art\animations\characters\good_b_npc\peasant_m_old\fs5\a_c_gbn_pmo_fs5_ds.prs
\art\animations\characters\good_b_npc\peasant_m_old\fs0\a_c_gbn_pmo_fs0_wl.prs
\art\animations\characters\good_b_npc\peasant_m_old\fs5\a_c_gbn_pmo_fs5_wl.prs
\art\animations\characters\good_b_npc\peasant_m_old\fs0\a_c_gbn_pmo_fs0_di.prs
\art\animations\characters\good_b_npc\peasant_m_old\fs5\a_c_gbn_pmo_fs5_di.prs
\art\animations\characters\good_b_npc\peasant_m_old\fs5\a_c_gbn_pmo_fs5_at.prs
\art\animations\characters\good_b_npc\peasant_m_old\fs5\a_c_gbn_pmo_fs5_dff.prs
\art\animations\characters\good_b_npc\peasant_m_old\fs0\a_c_gbn_pmo_fs0_dsf.prs
\art\animations\characters\good_b_npc\peasant_m_old\fs5\a_c_gbn_pmo_fs5_dsf.prs
\art\animations\characters\good_b_npc\peasant_m_old\fs0\a_c_gbn_pmo_fs0_dsf-04.prs
\art\meshes\items\global\m_i_glb_door-barn-02.asp
\art\meshes\characters\neutral_ambients\pack_mule\m_c_na_pm_pos_5.asp
\art\meshes\items\global\m_i_glb_trough-horseshoes.asp
\art\meshes\items\global\m_i_glb_supplies-01.asp
\art\meshes\items\global\m_i_glb_sign-barn-01.asp
\art\meshes\items\global\m_i_glb_trough-hay.asp
\art\meshes\items\global\m_i_glb_trough-water.asp
\art\bitmaps\terrain\sieged_town\b_t_bt_pole-1x4a.%img%
\art\bitmaps\terrain\sieged_town\b_t_bt_barn-path.%img%
\art\bitmaps\decals\b_d_straw-a.%img%
\art\bitmaps\items\grass\b_i_grs_door-04.%img%
\art\bitmaps\characters\neutral_ambients\b_c_na_pm_skin_03.%img%
\art\bitmaps\items\global\b_i_glb_supplies-01.%img%
\art\bitmaps\items\global\b_i_glb_sign-barn-01.%img%
\art\terrain\generic\wall\t_xxx_wal_02a-tx-04-cnvx-r.sno
\art\meshes\characters\good_a_heroes\farmgirl\helmets\m_c_gah_fg_hlmt_head-04.asp
\art\bitmaps\terrain\sieged_town\b_t_bt_wpump-r1-r2.%img%
\art\bitmaps\terrain\sieged_town\b_t_bt_wpump-l1-l2.%img%
\art\bitmaps\terrain\sieged_town\b_t_bt_wpump-midup-down.%img%
\art\bitmaps\terrain\sieged_town\b_t_bt_steelrod.%img%
\art\bitmaps\terrain\sieged_town\b_t_bt_wpump-center.%img%
\art\bitmaps\characters\good_a_heroes\farmgirl\b_c_gah_fg_skin_21.%img%
\art\bitmaps\characters\body_armor\type1\b_c_pos_a1_063.%img%
\world\ai\jobs\actors\good\job_talk_merchant_blacksmith.skrit
\art\meshes\weapons\misc\m_w_misc_tongs.asp
\art\meshes\weapons\hammer\m_w_hmr_004.asp
\art\animations\characters\good_b_npc\blacksmith\fs0\a_c_gbn_bs_fs0_ds.prs
\art\animations\characters\good_b_npc\blacksmith\fs2\a_c_gbn_bs_fs2_ds.prs
\art\animations\characters\good_b_npc\blacksmith\fs0\a_c_gbn_bs_fs0_dff.prs
\art\animations\characters\good_b_npc\blacksmith\fs2\a_c_gbn_bs_fs2_dff.prs
\art\animations\characters\good_b_npc\blacksmith\fs0\a_c_gbn_bs_fs0_dsf.prs
\art\animations\characters\good_b_npc\blacksmith\fs2\a_c_gbn_bs_fs2_dsf.prs
\art\animations\characters\good_b_npc\blacksmith\fs2\a_c_gbn_bs_fs2_dsf-02.prs
\art\meshes\armor\helmets\m_a_hlmt_type8.asp
\art\meshes\armor\helmets\m_a_hlmt_type38.asp
\art\meshes\armor\helmets\m_a_hlmt_type4.asp
\art\meshes\armor\helmets\m_a_hlmt_type19.asp
\art\meshes\armor\shields\m_a_shd_05.asp
\art\meshes\armor\shields\m_a_shd_08.asp
\art\meshes\weapons\dagger\m_w_dag_002.asp
\art\meshes\weapons\mace\m_w_mce_048.asp
\art\meshes\weapons\sword\m_w_swd_014.asp
\art\meshes\weapons\axe\m_w_axe_024.asp
\art\meshes\weapons\axe\m_w_axe_048.asp
\art\meshes\weapons\mace\m_w_mce_052.asp
\sound\effects\s_e_level_up_quest.wav
\art\meshes\weapons\bow\m_w_bow_021.asp
\art\meshes\weapons\bow\m_w_bow_011.asp
\art\meshes\items\global\m_i_glb_sign-blksmith-01.asp
\art\meshes\items\global\m_i_glb_rug-01.asp
\art\meshes\items\caves\m_i_cav_rack-equip.asp
\art\meshes\items\caves\m_i_cav_table-work.asp
\art\meshes\items\castle\m_i_csl_cage-01.asp
\art\meshes\items\castle\m_i_csl_cage-03.asp
\art\meshes\items\global\m_i_glb_footlocker-01.asp
\world\maps\map_world\regions\bt_r1\conversations\dir.lqd18
\art\meshes\items\castle\m_i_csl_shield-wall-02.asp
\art\meshes\items\global\m_i_glb_bellows.asp
\art\meshes\items\castle\m_i_csl_rack-armor.asp
\art\meshes\items\castle\m_i_csl_rack-weapon.asp
\art\meshes\items\global\m_i_glb_stand-anvil.asp
\art\meshes\armor\helmets\m_a_hlmt_type5.asp
\art\meshes\armor\helmets\m_a_hlmt_type14.asp
\art\meshes\weapons\axe\m_w_axe_073.asp
\art\meshes\weapons\misc\m_w_misc_scythe-002.asp
\art\bitmaps\terrain\sieged_town\b_t_bt_windows.%img%
\sound\voices\s_v_bt_gyorn1.mp3
\art\bitmaps\terrain\sieged_town\b_t_bt_bsmith_path.%img%
\art\bitmaps\terrain\northern_town\b_t_nt_int-woodenwall-4x4.%img%
\art\bitmaps\characters\body_armor\type1\b_c_pos_a1_023.%img%
\art\bitmaps\items\global\b_i_glb_sign-blksmith-01.%img%
\art\bitmaps\items\global\b_i_glb_rug-01.%img%
\art\bitmaps\items\caves\b_i_cav_rack-equip.%img%
\art\bitmaps\items\caves\b_i_cav_table-work.%img%
\art\bitmaps\items\castle\b_i_csl_cage-01.%img%
\art\bitmaps\items\castle\b_i_csl_shackles.%img%
\art\bitmaps\items\global\b_i_glb_footlocker-01.%img%
\art\bitmaps\items\castle\b_i_csl_shield-wall-02.%img%
\art\bitmaps\items\global\b_i_glb_bellows.%img%
\art\bitmaps\items\castle\b_i_csl_rack-armor.%img%
\art\bitmaps\items\castle\b_i_csl_rack-weapon.%img%
\art\bitmaps\items\global\b_i_glb_stand-anvil.%img%
\art\bitmaps\armor\helmets\b_a_hlmt_005.%img%
\art\bitmaps\armor\helmets\b_a_hlmt_004.%img%
\art\bitmaps\armor\helmets\b_a_hlmt_014.%img%
\art\bitmaps\armor\gauntlets\b_a_gntl_004.%img%
\art\bitmaps\armor\boots\b_a_boot_010.%img%
\art\bitmaps\gui\in_game\inventory\weapons\mace\b_gui_ig_i_w_mce_040.%img%
\art\bitmaps\gui\in_game\inventory\armor\shield\b_gui_ig_i_a_shd_072.%img%
\art\bitmaps\gui\in_game\inventory\icons\b_gui_ig_i_ic_c_gy.%img%
\sound\voices\s_v_bt_gyorn2.mp3
\art\terrain\sieged_town\t_bt_chapel.sno
\art\terrain\sieged_town\t_bt_tavern_lv2.sno
\sound\effects\s_e_env_hammer_anvil.wav
\art\meshes\items\global\m_i_glb_cask-ale.asp
\world\ai\jobs\actors\good\job_talk_zed.skrit
\art\meshes\characters\good_a_heroes\farmboy\m_c_gah_fb_pos_a7.asp
\art\meshes\characters\good_a_heroes\farmboy\boots\m_c_gah_fb_boot_type1_c.asp
\art\animations\characters\good_b_npc\barkeep\fs0\a_c_gbn_bk_fs0_ds.prs
\art\animations\characters\good_b_npc\barkeep\fs1\a_c_gbn_bk_fs1_ds.prs
\art\animations\characters\good_b_npc\barkeep\fs0\a_c_gbn_bk_fs0_wl.prs
\art\animations\characters\good_b_npc\barkeep\fs1\a_c_gbn_bk_fs1_wl.prs
\art\animations\characters\good_b_npc\barkeep\fs1\a_c_gbn_bk_fs1_di.prs
\art\animations\characters\good_b_npc\barkeep\fs1\a_c_gbn_bk_fs1_at.prs
\art\animations\characters\good_b_npc\barkeep\fs1\a_c_gbn_bk_fs1_at-02.prs
\art\animations\characters\good_b_npc\barkeep\fs1\a_c_gbn_bk_fs1_dff.prs
\art\animations\characters\good_b_npc\barkeep\fs0\a_c_gbn_bk_fs0_dsf.prs
\art\animations\characters\good_b_npc\barkeep\fs1\a_c_gbn_bk_fs1_dsf.prs
\art\animations\characters\good_b_npc\barkeep\fs0\a_c_gbn_bk_fs0_dsf-03.prs
\art\animations\characters\good_b_npc\barkeep\fs0\a_c_gbn_bk_fs0_dsf-04.prs
\art\animations\characters\good_b_npc\barkeep\fs0\a_c_gbn_bk_fs0_dsf-05.prs
\art\animations\characters\good_b_npc\barkeep\fs0\a_c_gbn_bk_fs0_dsf-02.prs
\art\meshes\items\castle\m_i_csl_planter-02.asp
\art\meshes\items\castle\m_i_csl_planter-03.asp
\art\meshes\items\global\m_i_glb_bearhead.asp
\art\meshes\items\global\m_i_glb_lamp-table.asp
\art\meshes\items\global\m_i_glb_moosehead.asp
\art\meshes\items\global\m_i_glb_rack-coat.asp
\art\meshes\items\global\m_i_glb_staghead.asp
\art\meshes\items\global\m_i_glb_table-02.asp
\art\meshes\items\global\m_i_glb_sign-inn-01.asp
\art\meshes\items\global\m_i_glb_cup.asp
\art\bitmaps\terrain\sieged_town\b_t_bt_tavern-path.%img%
\art\bitmaps\terrain\sieged_town\b_t_bt_chimney-top.%img%
\art\bitmaps\terrain\sieged_town\b_t_bt_pathcustom-a.%img%
\art\bitmaps\items\global\b_i_glb_cask-ale.%img%
\art\bitmaps\characters\good_a_heroes\farmboy\b_c_gah_fb_skin_14.%img%
\art\bitmaps\characters\good_b_npc\b_c_gbn_bk.%img%
\art\bitmaps\items\castle\b_i_csl_planter-02.%img%
\art\bitmaps\items\castle\b_i_csl_planter-03.%img%
\art\bitmaps\items\global\b_i_glb_bearhead.%img%
\art\bitmaps\items\global\b_i_glb_lamp-table.%img%
\art\bitmaps\items\global\b_i_glb_moosehead.%img%
\art\bitmaps\items\global\b_i_glb_rack-coat.%img%
\art\bitmaps\items\global\b_i_glb_staghead.%img%
\art\bitmaps\items\global\b_i_glb_table-02.%img%
\art\bitmaps\items\global\b_i_glb_sign-inn-01.%img%
\art\bitmaps\items\global\b_i_glb_cup.%img%
\world\ai\jobs\actors\good\job_talk_ordus.skrit
\art\terrain\sieged_town\t_bt_tavern_roof.sno
\art\terrain\sieged_town\t_bt_tavern_lv2-door-top.sno
\world\ai\jobs\actors\good\job_talk_rusk.skrit
\art\meshes\items\global\m_i_glb_chest-07.asp
\art\animations\items\global\a_i_glb_chest-07-open.prs
\world\ai\jobs\actors\good\job_talk_ella.skrit
\art\meshes\characters\good_a_heroes\farmgirl\helmets\m_c_gah_fg_hlmt_head-02.asp
\art\meshes\items\global\m_i_glb_chair-05.asp
\art\meshes\items\global\m_i_glb_bookcase-02.asp
\art\meshes\items\global\m_i_glb_picture-04.asp
\art\meshes\items\global\m_i_glb_picture-06.asp
\art\bitmaps\decals\b_d_rug_old-a.%img%
\art\bitmaps\characters\good_a_heroes\farmboy\b_c_gah_fb_skin_28.%img%
\art\bitmaps\items\castle\b_i_csl_chest-06.%img%
\art\bitmaps\characters\good_a_heroes\farmgirl\b_c_gah_fg_skin_22.%img%
\art\bitmaps\characters\body_armor\type1\b_c_pos_a1_059.%img%
\art\bitmaps\items\global\b_i_glb_chair-05.%img%
\art\bitmaps\items\global\b_i_glb_bookcase-02.%img%
\art\bitmaps\items\global\b_i_glb_picture-08.%img%
\art\bitmaps\items\global\b_i_glb_picture-14.%img%
\art\bitmaps\items\global\b_i_glb_picture-13.%img%
\art\bitmaps\gui\in_game\inventory\armor\boot\b_gui_ig_i_a_boot_001.%img%
\art\bitmaps\gui\in_game\inventory\armor\body_armor\b_gui_ig_i_a_pos_a1_002.%img%
\art\bitmaps\characters\body_armor\type1\b_c_pos_a1_027.%img%
\art\bitmaps\terrain\sieged_town\b_t_bt_pathcustom-b-c.%img%
\art\bitmaps\terrain\sieged_town\b_t_bt_roof-shingles2.%img%
\art\terrain\sieged_town\t_bt_roof-chapel.sno
\art\terrain\sieged_town\t_bt_chapel-door-top.sno
\art\terrain\sieged_town\t_bt_pathcustom-e-8x4.sno
\art\terrain\sieged_town\t_bt_towngate.sno
\art\meshes\items\global\m_i_glb_door-02-l.asp
\art\meshes\characters\good_a_heroes\farmgirl\m_c_gah_fg_pos_a7.asp
\art\meshes\characters\evil_d_monsters\gremal\m_c_edm_gm_pos_1.asp
\art\meshes\items\global\m_i_glb_door-02-r.asp
\world\ai\jobs\actors\good\job_talk_naidi.skrit
\art\meshes\items\global\m_i_glb_scroll.asp
\art\meshes\items\global\m_i_glb_dead_krug-10.asp
\art\meshes\items\castle\m_i_csl_altar-01.asp
\art\meshes\items\castle\m_i_csl_pew-01.asp
\art\meshes\items\castle\m_i_csl_planter-01.asp
\art\meshes\items\grass\m_i_grs_flowers-02.asp
\art\meshes\items\global\m_i_glb_sign-shrineofpassion.asp
\art\bitmaps\terrain\sieged_town\b_t_bt_rockwall-arch.%img%
\art\bitmaps\terrain\sieged_town\b_t_bt_chapel-column.%img%
\art\bitmaps\terrain\sieged_town\b_t_bt_chapel-column-top.%img%
\art\bitmaps\terrain\sieged_town\b_t_bt_land-chapel.%img%
\art\bitmaps\terrain\sieged_town\b_t_bt_chapel-rug-end.%img%
\art\bitmaps\terrain\sieged_town\b_t_bt_chapel-rug.%img%
\art\bitmaps\terrain\sieged_town\b_t_bt_pathcustom-d-e.%img%
\art\bitmaps\items\grass\b_i_grs_door-03.%img%
\art\bitmaps\characters\good_a_heroes\farmgirl\b_c_gah_fg_skin_12.%img%
\art\bitmaps\characters\body_armor\type7\b_c_pos_a7_018.%img%
\art\bitmaps\items\castle\b_i_csl_altar-01.%img%
\art\bitmaps\items\castle\b_i_csl_pew-01.%img%
\art\bitmaps\items\castle\b_i_csl_planter-01.%img%
\art\bitmaps\items\grass\b_i_grs_flowers-10.%img%
\art\bitmaps\terrain\sieged_town\b_t_bt_chapel-sign.%img%
\art\bitmaps\characters\evil_d_monsters\b_c_edm_sb-02.%img%
\art\bitmaps\decals\b_d_grs01-burnt-cnr.%img%
\world\maps\map_world\regions\path2sd\terrain_nodes\siege_nodes.lnc
\world\maps\map_world\regions\path2sd\terrain_nodes\dir.lqd18
\art\terrain\sieged_town\t_bt_towngate-top.sno
\world\maps\map_world\regions\path2sd\objects\dir.lqd18
\art\terrain\generic\ruins\t_xxx_ruin_wall-04x04-a.sno
\art\terrain\generic\ruins\t_xxx_ruin_wall-cnr-b.sno
\art\terrain\generic\ruins\t_xxx_ruin_wall-04x04-b.sno
\art\terrain\generic\ramp\t_xxx_rmp_pth-staircase.sno
\art\bitmaps\characters\evil_d_monsters\b_c_edm_gm-02.%img%
\art\meshes\items\global\m_i_glb_bush-button-02.asp
\art\bitmaps\items\grass\b_i_grs_bush-button.%img%
\art\meshes\characters\evil_a_monsters\krug_raider\m_c_eam_kr_pos_1.asp
\ui\interfaces\chapters\chapter_2\dir.lqd18
\art\bitmaps\gui\nis\b_gui_nis_ch02.%img%
\sound\music\s_m_besiegedtown_02.mp3
\art\meshes\items\global\m_i_glb_bush-button-01.asp
\art\meshes\weapons\misc\m_w_misc_017.asp
\art\meshes\weapons\misc\m_w_misc_018.asp
\art\terrain\generic\wall\t_xxx_wal_04-tx-rmp-l.sno
\sound\effects\s_e_hit_arrow_flesh.wav
\art\terrain\generic\wall\t_xxx_wal_04-tx-08-r.sno
\art\terrain\generic\wall\t_xxx_wal_04-tx-08-l.sno
\art\terrain\generic\wall\t_xxx_wal_08-pth-l.sno
\art\terrain\grass_1\t_grs01_path_8d.sno
\art\terrain\generic\dungeon\floor\t_xxx_dgn_flr_ele-big-top-04x04-a.sno
\world\maps\map_world\regions\path2sd_a\terrain_nodes\siege_nodes.lnc
\world\maps\map_world\regions\path2sd_a\terrain_nodes\dir.lqd18
\art\terrain\generic\dungeon\floor\t_xxx_dgn_flr_ele-platform-04x04-a.sno
\art\terrain\generic\dungeon\floor\t_xxx_dgn_flr_ele-big-tube-04x04-c.sno
\art\meshes\items\global\m_i_glb_crate-krug.asp
\art\bitmaps\items\desert\b_i_des_crate-01.%img%
\art\terrain\generic\dungeon\floor\t_xxx_dgn_flr_ele-big-btm-04x04-a.sno
\world\maps\map_world\regions\path2sd_a\objects\dir.lqd18
\art\terrain\generic\dungeon\corner\t_xxx_dgn_cnr_ex-ccav-c.sno
\art\terrain\generic\dungeon\floor\h2o\t_xxx_dgn_flr_h2o_well-08x08-a.sno
\art\bitmaps\terrain\dungeon_roundstone_1\dungeon\b_t_dgn04_dgn_flr-ele-platform-04x04.%img%
\art\meshes\characters\neutral_ambients\fish\m_c_na_fi_pos_1.asp
\art\animations\characters\neutral_ambients\fish\fs0\a_c_na_fi_fs0_ds.prs
\art\animations\characters\neutral_ambients\fish\fs0\a_c_na_fi_fs0_wl.prs
\art\animations\characters\neutral_ambients\fish\fs0\a_c_na_fi_fs0_dsf.prs
\art\animations\characters\neutral_ambients\fish\fs0\a_c_na_fi_fs0_dff.prs
\art\animations\characters\neutral_ambients\fish\fs0\a_c_na_fi_fs0_dsf-02.prs
\art\terrain\generic\bridge\t_xxx_brdg_tx-rop-wal-12.sno
\art\meshes\items\global\m_i_glb_bench-03.asp
\art\bitmaps\terrain\dungeon_roundstone_1\dungeon\b_t_dgn04_dgn_h2o-04x04-a.%img%
\art\bitmaps\terrain\grass_1\b_t_grs01_path01-256x256-01.%img%
\art\bitmaps\characters\neutral_ambients\b_c_na_fi.%img%
\art\bitmaps\items\global\b_i_glb_barrier.%img%
\art\terrain\spider_dungeon\t_sd_ent-top.sno
\art\bitmaps\terrain\spider_dungeon\wall\dir.lqd18
\art\terrain\generic\dungeon\floor\t_xxx_dgn_flr_grate-04x04-a.sno
\art\terrain\generic\dungeon\floor\t_xxx_dgn_flr_grate-cover-a.sno
\art\terrain\generic\bridge\t_xxx_brdg_rop-08.sno
\art\meshes\weapons\axe\m_w_axe_053.asp
\art\meshes\items\global\m_i_glb_bed-fort-01.asp
\art\bitmaps\items\global\b_i_glb_bed-fort-01.%img%
\art\terrain\spider_dungeon\t_sd_ent-mid.sno
\art\terrain\spider_dungeon\t_sd_ent-top-edge.sno
\art\bitmaps\terrain\grass_1\river\b_t_grs01_rvr_bridge-stake.%img%
\art\meshes\items\global\m_i_glb_sign-wesrins-cross.asp
\art\bitmaps\terrain\grass_1\river\b_t_grs01_rvr_bridge-planked.%img%
\world\maps\map_world\regions\sd_r1\terrain_nodes\siege_nodes.lnc
\art\terrain\spider_dungeon\t_sd_ent-top-top.sno
\world\maps\map_world\regions\sd_r1\terrain_nodes\dir.lqd18
\art\terrain\spider_dungeon\t_sd_ent-bottom.sno
\art\bitmaps\terrain\spider_dungeon\wall\b_t_sd_wal_04x04-a.%img%
\art\bitmaps\terrain\spider_dungeon\floor\b_t_sd_flr_04x04-h.%img%
\art\bitmaps\terrain\spider_dungeon\floor\b_t_sd_flr_towerrubble_04x04.%img%
\art\bitmaps\terrain\spider_dungeon\wall\b_t_sd_wal_towertop-and-wood.%img%
\art\bitmaps\terrain\spider_dungeon\wall\b_t_sd_wal_tower_04x04-a.%img%
\art\bitmaps\terrain\spider_dungeon\wall\b_t_sd_wal_tower_04x04-c.%img%
\art\bitmaps\items\global\b_i_glb_sign-wesrins-cross.%img%
\art\bitmaps\terrain\spider_dungeon\wall\b_t_sd_wal_tower_04x04-b.%img%
\art\meshes\characters\good_a_heroes\farmboy\helmets\m_c_gah_fb_hlmt_head-02.asp
\art\bitmaps\characters\body_armor\type1\b_c_pos_a1_030.%img%
\world\maps\map_world\regions\sd_r1\objects\dir.lqd18
\art\terrain\spider_dungeon\t_sd_str-l-v0.sno
\art\terrain\spider_dungeon\t_sd_str-r.sno
\art\bitmaps\terrain\spider_dungeon\wall\b_t_sd_wal_trim-01.%img%
\sound\effects\s_e_env_spider_scurry.wav
\art\bitmaps\terrain\spider_dungeon\floor\b_t_sd_flr_04x04-a.%img%
\art\bitmaps\terrain\spider_dungeon\wall\b_t_sd_wal_tower_04x04-fade.%img%
\art\terrain\spider_dungeon\corner\t_sd_cnr_ext_cnvx_04-v1.sno
\art\bitmaps\terrain\spider_dungeon\wall\b_t_sd_wal_stairs.%img%
\art\terrain\spider_dungeon\corner\t_sd_cnr_ext_ccav_04-v0.sno
\art\terrain\spider_dungeon\floor\t_sd_flr_04x04-v0.sno
\art\terrain\spider_dungeon\corner\t_sd_cnr_ext_cnvx_04-v4.sno
\art\meshes\items\castle\m_i_csl_chair-webbed-01.asp
\art\meshes\items\castle\m_i_csl_chair-webbed-02.asp
\art\meshes\items\castle\m_i_csl_brick-06.asp
\art\meshes\items\castle\m_i_csl_body-webbed-02.asp
\art\bitmaps\terrain\spider_dungeon\wall\b_t_sd_wal_04x04-e.%img%
\art\bitmaps\terrain\spider_dungeon\floor\b_t_sd_flr_04x04-b.%img%
\art\terrain\spider_dungeon\wall\t_sd_wal_ext_04-grate.sno
\art\meshes\characters\neutral_ambients\baby_spider\m_c_na_bs_pos_1.asp
\art\animations\characters\neutral_ambients\baby_spider\fs0\a_c_na_bs_fs0_ds.prs
\art\animations\characters\neutral_ambients\baby_spider\fs0\a_c_na_bs_fs0_wl.prs
\art\animations\characters\neutral_ambients\baby_spider\fs0\a_c_na_bs_fs0_dff.prs
\art\animations\characters\neutral_ambients\baby_spider\fs0\a_c_na_bs_fs0_dsf.prs
\art\animations\characters\neutral_ambients\baby_spider\fs0\a_c_na_bs_fs0_dsf-02.prs
\art\animations\characters\neutral_ambients\baby_spider\fs0\a_c_na_bs_fs0_dsf-03.prs
\art\terrain\spider_dungeon\wall\t_sd_wal_ext_04-v0.sno
\art\terrain\spider_dungeon\wall\t_sd_wal_04_ext-gratecover.sno
\art\terrain\spider_dungeon\wall\t_sd_wal_ext_04-grate-inside.sno
\art\bitmaps\items\castle\b_i_csl_webbed-furniture.%img%
\art\terrain\spider_dungeon\floor\t_sd_flr_04x04-post3.sno
\art\bitmaps\items\castle\b_i_csl_brick-02.%img%
\art\meshes\characters\evil_d_monsters\adolescent_spider\m_c_edm_as_pos_1.asp
\art\meshes\items\global\m_i_glb_frag-spider-adolescent-01.asp
\art\meshes\items\global\m_i_glb_frag-spider-adolescent-02.asp
\art\meshes\items\global\m_i_glb_frag-spider-adolescent-03.asp
\art\meshes\items\global\m_i_glb_frag-spider-adolescent-04.asp
\art\meshes\items\global\m_i_glb_frag-spider-adolescent-05.asp
\art\animations\characters\evil_d_monsters\adolescent_spider\fs0\a_c_edm_as_fs0_ds.prs
\art\animations\characters\evil_d_monsters\adolescent_spider\fs0\a_c_edm_as_fs0_wl.prs
\art\animations\characters\evil_d_monsters\adolescent_spider\fs0\a_c_edm_as_fs0_di.prs
\art\animations\characters\evil_d_monsters\adolescent_spider\fs0\a_c_edm_as_fs0_di-02.prs
\art\animations\characters\evil_d_monsters\adolescent_spider\fs0\a_c_edm_as_fs0_di-03.prs
\art\animations\characters\evil_d_monsters\adolescent_spider\fs0\a_c_edm_as_fs0_at.prs
\art\animations\characters\evil_d_monsters\adolescent_spider\fs0\a_c_edm_as_fs0_at-02.prs
\art\animations\characters\evil_d_monsters\adolescent_spider\fs0\a_c_edm_as_fs0_at-03.prs
\art\animations\characters\evil_d_monsters\adolescent_spider\fs0\a_c_edm_as_fs0_dff.prs
\art\bitmaps\items\castle\b_i_csl_body-webbed-02.%img%
\art\bitmaps\characters\neutral_ambients\b_c_na_bs.%img%
\art\bitmaps\terrain\spider_dungeon\floor\b_t_sd_flr_grt_04x04.%img%
\art\terrain\spider_dungeon\corner\t_sd_cnr_ext_tee-04-04-04-v3-l.sno
\art\meshes\items\castle\m_i_csl_shelf-webbed-02.asp
\art\bitmaps\terrain\spider_dungeon\wall\b_t_sd_wal_grt_04x04.%img%
\art\terrain\spider_dungeon\wall\t_sd_wal_int_04-doorway-v6.sno
\art\meshes\items\castle\m_i_csl_table-webbed-02.asp
\art\terrain\spider_dungeon\corner\t_sd_cnr_ext_tee-04-04-04-v3-r.sno
\art\terrain\spider_dungeon\wall\t_sd_wal_int_04-doorway-arch-full-c.sno
\art\terrain\spider_dungeon\t_sd_cap-04x04-a.sno
\art\terrain\spider_dungeon\floor\t_sd_flr_04-doorway-plate-thin.sno
\art\bitmaps\terrain\spider_dungeon\wall\b_t_sd_wal_grtcvr.%img%
\art\bitmaps\terrain\b_t_alpha.%img%
\art\bitmaps\terrain\spider_dungeon\floor\b_t_sd_flr_mos_04x04.%img%
\art\bitmaps\characters\evil_d_monsters\b_c_edm_as.%img%
\art\bitmaps\terrain\spider_dungeon\floor\b_t_sd_flr_04x04-c.%img%
\art\bitmaps\terrain\spider_dungeon\wall\b_t_sd_wal_column-01.%img%
\art\terrain\spider_dungeon\t_sd_cap-04x08-a.sno
\art\terrain\spider_dungeon\t_sd_cap-02x04-a.sno
\art\bitmaps\terrain\spider_dungeon\wall\b_t_sd_wal_pillar.%img%
\art\bitmaps\terrain\spider_dungeon\wall\b_t_sd_wal_trim-02.%img%
\art\meshes\items\global\m_i_glb_door-spdrdungeon-01.asp
\art\animations\items\global\a_i_glb_door-spdrdungeon-01-open.prs
\art\animations\items\global\a_i_glb_door-spdrdungeon-01-close.prs
\sound\effects\s_e_env_spider_clicking.wav
\art\bitmaps\terrain\spider_dungeon\wall\b_t_sd_wal_04x04-b.%img%
\art\bitmaps\items\global\b_i_glb_door-spdrdungeon-01.%img%
\art\terrain\spider_dungeon\wall\t_sd_wal_int_04-doorway-v0.sno
\art\terrain\spider_dungeon\wall\t_sd_wal_int_04-v0.sno
\art\terrain\spider_dungeon\wall\t_sd_wal_int_04-doorway-arch-full-a.sno
\art\meshes\items\castle\m_i_csl_eggsacks-spider-03.asp
\art\bitmaps\items\castle\b_i_csl_eggsacks-spider-01.%img%
\art\bitmaps\items\global\b_i_glb_scroll.%img%
\art\terrain\spider_dungeon\t_sd_cap-08x08-a.sno
\art\meshes\items\castle\m_i_csl_shelf-webbed-01.asp
\art\terrain\spider_dungeon\corner\t_sd_cnr_ext_cnvx_04-v2.sno
\art\terrain\spider_dungeon\wall\t_sd_wal_webramp-04-a.sno
\art\meshes\items\castle\m_i_csl_bench-webbed-01.asp
\art\meshes\items\castle\m_i_csl_brick-05.asp
\art\bitmaps\terrain\grass_1\wall\b_t_grs01_wal_04x08-e.%img%
\art\terrain\generic\ramp\t_xxx_rmp_pth-center.sno
\art\bitmaps\armor\helmets\b_a_hlmt_076.%img%
\sound\effects\s_e_gui_put_down_helmet.wav
\art\terrain\spider_dungeon\wall\t_sd_wal_webramp-web-corridor-b.sno
\art\terrain\spider_dungeon\corner\t_sd_cnr_ext_cnvx-04-v0.sno
\art\terrain\spider_dungeon\wall\t_sd_wal_webramp-web-a.sno
\art\meshes\items\castle\m_i_csl_crate-webbed-02.asp
\art\meshes\items\castle\m_i_csl_eggsacks-spider-05.asp
\art\bitmaps\terrain\spider_dungeon\wall\b_t_sd_wal_04x04-c.%img%
\art\bitmaps\terrain\spider_dungeon\wall\b_t_sd_wal_04x04-f.%img%
\art\terrain\dwarven_mine_1\t_dm01_front-gate-a.sno
\art\meshes\items\global\m_i_glb_dead_dwarf-worker-01.asp
\art\bitmaps\characters\good_a_npc\dir.lqd18
\art\bitmaps\characters\good_a_npc\dwarf\dir.lqd18
\art\bitmaps\characters\good_a_npc\dwarf\b_c_gan_df_skin_03.%img%
\art\bitmaps\characters\body_armor\type1\b_c_pos_a1_005.%img%
\world\maps\map_world\regions\path2dm\terrain_nodes\siege_nodes.lnc
\art\terrain\dwarven_mine_1\t_dm01_front-gate-a-top.sno
\world\maps\map_world\regions\path2dm\terrain_nodes\dir.lqd18
\art\meshes\items\grass\m_i_grs_door-dwarvengate-r-stuck.asp
\art\animations\items\grass\a_i_grs_door-dwarvengate-r-stuck-open.prs
\art\animations\items\grass\a_i_grs_door-dwarvengate-r-stuck-jiggle.prs
\art\meshes\items\global\m_i_glb_rock-03.asp
\art\meshes\items\global\m_i_glb_keg-powder.asp
\art\meshes\items\global\m_i_glb_dead_dwarf-01.asp
\art\bitmaps\terrain\dwarven_mine_0\b_t_dm00_gate-rock-a.%img%
\art\bitmaps\terrain\dwarven_mine_0\b_t_dm00_gate-rock-trims-a.%img%
\art\bitmaps\terrain\dwarven_mine_0\b_t_dm00_metalroof-8a.%img%
\art\bitmaps\terrain\dwarven_mine_0\b_t_dm00_gate-center-stone-a.%img%
\art\bitmaps\terrain\dwarven_mine_0\b_t_dm00_gate-rubble-a.%img%
\art\bitmaps\terrain\dwarven_mine_0\b_t_dm00_gate-rubble-b.%img%
\art\bitmaps\items\global\b_i_glb_keg-powder.%img%
\art\bitmaps\characters\good_a_npc\dwarf\b_c_gan_df_skin_01.%img%
\world\maps\map_world\regions\path2dm\objects\dir.lqd18
\art\terrain\generic\corner\t_xxx_cnr_tee-02b-02b-rmp-l.sno
\art\terrain\generic\path\t_xxx_pth_08x08-j.sno
\art\meshes\items\grass\m_i_grs_cart-02.asp
\art\meshes\items\swamp\m_i_swp_barrel-01.asp
\art\bitmaps\items\swamp\b_i_swp_barrel-01.%img%
\art\terrain\generic\corner\t_xxx_cnr_tee-hal-hal-08-l.sno
\art\terrain\generic\hall\t_xxx_hal_pth-r.sno
\art\terrain\generic\corner\t_xxx_cnr_tee-hal-hal-08-r.sno
\art\terrain\generic\path\t_xxx_pth_08x08-g.sno
\art\terrain\dwarven_mine_1\t_dm01_shack-1a.sno
\art\bitmaps\terrain\grass_1\wall\b_t_grs01_wal_08x04-d.%img%
\world\maps\map_world\regions\sd_r2\terrain_nodes\siege_nodes.lnc
\world\maps\map_world\regions\sd_r2\terrain_nodes\dir.lqd18
\art\terrain\generic\dungeon\floor\t_xxx_dgn_flr_ele-big-tube-04x04-a.sno
\art\bitmaps\terrain\dungeon_redstone_1\dir.lqd18
\art\bitmaps\terrain\dungeon_redstone_1\dungeon\dir.lqd18
\art\terrain\generic\hall\t_xxx_hal_thck.sno
\art\terrain\dwarven_mine_1\t_dm01_shack-1c.sno
\art\terrain\dwarven_mine_1\t_dm01_statue-goldsniffer-a.sno
\art\terrain\dwarven_mine_1\track\t_dm01_track_ouside-bumper-1a.sno
\art\terrain\dwarven_mine_1\t_dm01_shack-1a-roof.sno
\world\maps\map_world\regions\sd_r2\objects\dir.lqd18
\art\terrain\dwarven_mine_1\t_dm01_shack-1c-roof.sno
\art\terrain\spider_dungeon\corner\t_sd_cnr_ext_cnvx-04-v5.sno
\art\meshes\items\castle\m_i_csl_brick-01.asp
\art\terrain\spider_dungeon\wall\t_sd_wal_ext_04-grate2.sno
\art\meshes\items\castle\m_i_csl_brick-02.asp
\sound\effects\s_e_ambient_wind_01.wav
\art\meshes\items\caves\m_i_cav_tie.asp
\art\meshes\items\caves\m_i_cav_sign-glitterdelve-03.asp
\art\meshes\items\castle\m_i_csl_brick-04.asp
\art\bitmaps\terrain\dungeon_redstone_1\dungeon\b_t_dgn07_dgn_wal-04x04-b.%img%
\art\bitmaps\terrain\dungeon_redstone_1\dungeon\b_t_dgn07_dgn_flr-04x04-b.%img%
\art\bitmaps\items\global\b_i_glb_crate-02.%img%
\art\bitmaps\terrain\dungeon_redstone_1\dungeon\b_t_dgn07_dgn_stair-top.%img%
\art\bitmaps\terrain\dungeon_redstone_1\dungeon\b_t_dgn07_dgn_flr-ele-platform-04x04.%img%
\art\bitmaps\items\castle\b_i_csl_brick.%img%
\art\animations\items\global\a_i_glb_chest-07-close.prs
\art\meshes\items\castle\m_i_csl_eggsacks-spider-04.asp
\art\bitmaps\items\caves\b_i_cav_tie.%img%
\sound\effects\s_e_attack_igniter.wav
\art\bitmaps\items\caves\b_i_cav_sign-glitterdelve-03.%img%
\sound\effects\s_e_env_elevator_pulley_stop.wav
\art\meshes\items\goblin_inv\m_i_gob_crate-01.asp
\art\bitmaps\items\goblin_inv\dir.lqd18
\art\bitmaps\items\goblin_inv\b_i_gob_crate-01.%img%
\art\meshes\items\castle\m_i_csl_cobweb-03.asp
\art\meshes\items\castle\m_i_csl_eggsacks-spider-01.asp
\art\bitmaps\terrain\spider_dungeon\b_t_sd_web-sheet.%img%
\art\bitmaps\items\castle\b_i_csl_cobweb-03.%img%
\art\bitmaps\terrain\spider_dungeon\wall\b_t_sd_wal_webramp-a.%img%
\art\terrain\spider_dungeon\corner\t_sd_cnr_ext_tee-04-04-04-v0.sno
\art\meshes\items\castle\m_i_csl_table-webbed-01.asp
\art\bitmaps\terrain\spider_dungeon\wall\b_t_sd_wal_04x04-h.%img%
\art\meshes\items\castle\m_i_csl_bench-webbed-02.asp
\art\meshes\items\castle\m_i_csl_cobweb-04.asp
\art\terrain\spider_dungeon\floor\t_sd_flr_04x04-grate.sno
\art\meshes\items\castle\m_i_csl_body-webbed-01.asp
\art\terrain\spider_dungeon\floor\t_sd_flr_04x04_gratecover.sno
\art\bitmaps\terrain\dungeon_1\dir.lqd18
\art\terrain\spider_dungeon\wall\t_sd_wal_int_04-doorway-v7.sno
\art\meshes\characters\evil_d_monsters\zombie\m_c_edm_zo_pos_1.asp
\art\animations\characters\evil_c_monsters\skeleton\fs0\a_c_ecm_sk_fs0_ds.prs
\art\animations\characters\evil_c_monsters\skeleton\fs0\a_c_ecm_sk_fs0_wl-02.prs
\art\animations\characters\evil_c_monsters\skeleton\fs0\a_c_ecm_sk_fs0_wl-03.prs
\art\animations\characters\evil_c_monsters\skeleton\fs0\a_c_ecm_sk_fs0_at-02.prs
\art\terrain\spider_dungeon\wall\t_sd_wal_int_04-doorway-arch-full-d.sno
\art\terrain\spider_dungeon\floor\t_sd_flr_04-doorway-plate-wide.sno
\art\terrain\spider_dungeon\wall\t_sd_wal_webramp-web-b.sno
\art\meshes\items\global\m_i_glb_door-spdrdungeon-03.asp
\art\animations\items\global\a_i_glb_door-spdrdungeon-03-open.prs
\art\animations\items\global\a_i_glb_door-spdrdungeon-03-close.prs
\art\meshes\items\castle\m_i_csl_rack-webbed.asp
\art\bitmaps\terrain\dungeon_1\b_t_dgn01_flr-grate-02x02-a.%img%
\art\bitmaps\characters\evil_d_monsters\b_c_edm_zo-02.%img%
\art\terrain\spider_dungeon\wall\t_sd_wal_webramp-web-c.sno
\art\bitmaps\terrain\spider_dungeon\b_t_sd_misc-1.%img%
\art\bitmaps\items\castle\b_i_csl_rack-webbed.%img%
\art\meshes\items\castle\m_i_csl_barrel-webbed-02.asp
\art\meshes\characters\evil_d_monsters\dungeon_crawler\m_c_edm_dc_pos_1.asp
\art\animations\characters\evil_d_monsters\dungeon_crawler\fs0\a_c_edm_dc_fs0_ds.prs
\art\animations\characters\evil_d_monsters\dungeon_crawler\fs0\a_c_edm_dc_fs0_wl.prs
\art\animations\characters\evil_d_monsters\dungeon_crawler\fs0\a_c_edm_dc_fs0_di.prs
\art\animations\characters\evil_d_monsters\dungeon_crawler\fs0\a_c_edm_dc_fs0_at.prs
\art\animations\characters\evil_d_monsters\dungeon_crawler\fs0\a_c_edm_dc_fs0_dff.prs
\art\animations\characters\evil_d_monsters\dungeon_crawler\fs0\a_c_edm_dc_fs0_dsf.prs
\art\meshes\items\castle\m_i_csl_grate-01.asp
\art\animations\items\castle\a_i_csl_grate-01-open.prs
\art\terrain\spider_dungeon\t_sd_str-a.sno
\art\meshes\weapons\axe\m_w_axe_049.asp
\art\meshes\items\castle\m_i_csl_banner-02.asp
\art\meshes\items\castle\m_i_csl_banner-03.asp
\art\meshes\items\castle\m_i_csl_tapestry-01.asp
\art\meshes\items\castle\m_i_csl_tapestry-ripped-02.asp
\art\bitmaps\characters\evil_c_monsters\b_c_ecm_sk.%img%
\art\meshes\items\castle\m_i_csl_tapestry-ripped-01.asp
\art\meshes\items\castle\m_i_csl_royal-bed.asp
\art\meshes\items\castle\m_i_csl_eggsacks-spider-02.asp
\art\bitmaps\characters\evil_d_monsters\b_c_edm_zo-07.%img%
\art\bitmaps\characters\evil_d_monsters\b_c_edm_dc.%img%
\art\bitmaps\items\castle\b_i_csl_grate-arch.%img%
\art\bitmaps\items\castle\b_i_csl_banner-02.%img%
\art\bitmaps\items\castle\b_i_csl_banner-03.%img%
\art\bitmaps\items\castle\b_i_csl_tapestry-01.%img%
\art\bitmaps\items\castle\b_i_csl_tapestry-ripped-02.%img%
\art\bitmaps\items\castle\b_i_csl_tapestry-ripped-01.%img%
\art\bitmaps\items\castle\b_i_csl_royal-bed.%img%
\art\terrain\spider_dungeon\t_sd_cap-stair-a.sno
\sound\music\s_m_furyden_01.mp3
\sound\effects\s_e_call_spider.wav
\art\meshes\weapons\axe\m_w_axe_030.asp
\sound\effects\s_e_die_spider.wav
\sound\effects\s_e_env_door_wood_sliding_medium.wav
\sound\voices\s_v_bt_gyorn5.mp3
\sound\effects\s_e_hit_steelblunt_steel.wav
\art\terrain\spider_dungeon\t_sd_cap-stair-b.sno
\art\bitmaps\characters\evil_d_monsters\b_c_edm_as-yel.%img%
\sound\effects\s_e_call_zombie_ground.wav
\art\meshes\characters\evil_d_monsters\mucosa\m_c_edm_mu_pos_1.asp
\art\meshes\items\global\m_i_glb_frag-mucosa-01.asp
\art\meshes\items\global\m_i_glb_frag-mucosa-02.asp
\art\meshes\items\global\m_i_glb_frag-mucosa-03.asp
\art\meshes\items\global\m_i_glb_frag-mucosa-04.asp
\art\meshes\items\global\m_i_glb_frag-mucosa-05.asp
\art\meshes\items\global\m_i_glb_frag-mucosa-06.asp
\art\meshes\items\global\m_i_glb_frag-mucosa-07.asp
\art\animations\characters\evil_d_monsters\mucosa\fs0\a_c_edm_mu_fs0_dfs.prs
\art\animations\characters\evil_d_monsters\mucosa\fs0\a_c_edm_mu_fs0_rl.prs
\art\animations\characters\evil_d_monsters\mucosa\fs0\a_c_edm_mu_fs0_di.prs
\art\animations\characters\evil_d_monsters\mucosa\fs0\a_c_edm_mu_fs0_at.prs
\art\animations\characters\evil_d_monsters\mucosa\fs0\a_c_edm_mu_fs0_at-02.prs
\art\animations\characters\evil_d_monsters\mucosa\fs0\a_c_edm_mu_fs0_dff.prs
\art\meshes\items\global\m_i_glb_dead_mucosa-01.asp
\art\meshes\items\global\m_i_glb_light-torch-stand-01.asp
\art\bitmaps\characters\evil_d_monsters\b_c_edm_mu-02.%img%
\art\bitmaps\items\castle\b_i_csl_torch-iron.%img%
\sound\effects\s_e_die_dead.wav
\art\meshes\weapons\bow\m_w_bow_023.asp
\sound\effects\s_e_hit_arrow_wood.wav
\sound\effects\s_e_hit_arrow_generic.wav
\sound\effects\s_e_die_dungeon_crawler.wav
\art\bitmaps\armor\gauntlets\b_a_gntl_016.%img%
\art\bitmaps\gui\in_game\inventory\armor\gauntlet\b_gui_ig_i_a_gntl_016.%img%
\art\terrain\spider_dungeon\wall\t_sd_wal_int_08-8t4.sno
\art\terrain\spider_dungeon\wall\t_sd_wal_04-tx-08-r1.sno
\art\terrain\spider_dungeon\corner\t_sd_cnr_ext_tee-08-8t4-08-r.sno
\art\terrain\spider_dungeon\wall\t_sd_wal_int_08-top-b.sno
\art\terrain\spider_dungeon\corner\t_sd_cnr_ext_tee-08-8t4-08-r-top.sno
\art\terrain\spider_dungeon\wall\t_sd_wal_ext_webramp-cap-08-a-l.sno
\art\terrain\spider_dungeon\wall\t_sd_wal_04-tx-08-r2.sno
\art\terrain\spider_dungeon\wall\t_sd_wal_04-tx-08-r1-top.sno
\art\terrain\spider_dungeon\wall\t_sd_wal_ext_08-top-a.sno
\art\bitmaps\terrain\spider_dungeon\wall\b_t_sd_wal_04x04-j.%img%
\art\terrain\spider_dungeon\wall\t_sd_wal_04-tx-08-r3.sno
\art\terrain\spider_dungeon\corner\t_sd_cnr_ext_ccav_08-top.sno
\art\terrain\spider_dungeon\wall\t_sd_wal_ext_webramp-08-ledge-cap-l.sno
\art\terrain\spider_dungeon\corner\t_sd_cnr_ext_ccav_08-webramp-a.sno
\art\terrain\spider_dungeon\corner\t_sd_cnr_ext_cnvx_08-webramp-a.sno
\art\terrain\spider_dungeon\wall\t_sd_wal_ext_08-top-d.sno
\art\terrain\spider_dungeon\corner\t_sd_cnr_ext_ccav_08-webramp-ledge.sno
\art\terrain\spider_dungeon\corner\t_sd_cnr_ext_cnvx_08-v0-top.sno
\art\terrain\spider_dungeon\corner\t_sd_cnr_ext_cnvx_08-webramp-ledge.sno
\art\terrain\spider_dungeon\corner\t_sd_cnr_ext_cnvx_08-v0.sno
\art\terrain\spider_dungeon\corner\t_sd_cnr_ext_ccav_08-v0.sno
\art\meshes\items\castle\m_i_csl_barrel-webbed-01.asp
\sound\effects\s_e_call_mucosa_small.wav
\art\terrain\spider_dungeon\wall\t_sd_wal_ext_webramp-cap-08-a-r.sno
\art\terrain\spider_dungeon\wall\t_sd_wal_ext_webramp-08-ledge-cap-r.sno
\sound\effects\s_e_attack_mucosa_small.wav
\sound\effects\s_e_die_mucosa.wav
\art\terrain\spider_dungeon\wall\t_sd_wal_ext_webramp-08-a.sno
\art\terrain\spider_dungeon\wall\t_sd_wal_ext_webramp-08-ledge.sno
\art\terrain\spider_dungeon\wall\t_sd_wal_ext_08-top-c.sno
\art\terrain\spider_dungeon\wall\t_sd_wal_int_08-tx-04ext-r.sno
\art\terrain\spider_dungeon\wall\t_sd_wal_int_08-doorway-v2.sno
\art\terrain\spider_dungeon\wall\t_sd_wal_int_08-tx-04ext-l.sno
\art\meshes\items\global\m_i_glb_switch-05.asp
\art\animations\items\global\a_i_glb_switch-05-open.prs
\art\animations\items\global\a_i_glb_switch-05-close.prs
\art\bitmaps\items\global\b_i_glb_switch-05.%img%
\art\terrain\spider_dungeon\wall\t_sd_wal_int_08-tx-04ext-r-top.sno
\art\terrain\spider_dungeon\wall\t_sd_wal_int_08-doorway-v2-top.sno
\art\terrain\spider_dungeon\wall\t_sd_wal_int_08-tx-04ext-l-top.sno
\art\meshes\items\global\m_i_glb_trunk-long.asp
\art\meshes\items\global\m_i_glb_door-spdrdungeon-04.asp
\art\animations\items\global\a_i_glb_door-spdrdungeon-04-open.prs
\art\animations\items\global\a_i_glb_door-spdrdungeon-04-close.prs
\art\terrain\spider_dungeon\t_sd_cap-08-tx-04-a.sno
\art\bitmaps\terrain\spider_dungeon\b_t_sd_cagebars.%img%
\art\bitmaps\terrain\spider_dungeon\b_t_sd_chain.%img%
\art\bitmaps\items\global\b_i_glb_trunk-iron.%img%
\art\bitmaps\items\global\b_i_glb_door-spdrdungeon-04.%img%
\art\terrain\spider_dungeon\t_sd_cap-08-tx-04-r.sno
\art\terrain\spider_dungeon\t_sd_cap-08-tx-04-l.sno
\art\meshes\characters\evil_d_monsters\rector\m_c_edm_rt_pos_1.asp
\art\meshes\items\global\m_i_glb_frag-rector-01.asp
\art\meshes\items\global\m_i_glb_frag-rector-02.asp
\art\meshes\items\global\m_i_glb_frag-rector-03.asp
\art\meshes\items\global\m_i_glb_frag-rector-04.asp
\art\meshes\items\global\m_i_glb_frag-rector-05.asp
\art\animations\characters\evil_d_monsters\rector\fs0\a_c_edm_rt_fs0_dfs.prs
\art\animations\characters\evil_d_monsters\rector\fs0\a_c_edm_rt_fs0_wl.prs
\art\animations\characters\evil_d_monsters\rector\fs0\a_c_edm_rt_fs0_at.prs
\art\animations\characters\evil_d_monsters\rector\fs0\a_c_edm_rt_fs0_dff.prs
\art\bitmaps\characters\evil_d_monsters\b_c_edm_rt.%img%
\art\terrain\spider_dungeon\wall\t_sd_wal_int_08-tx-04ext-r-v1.sno
\art\terrain\spider_dungeon\wall\t_sd_wal_int_08-tx-04ext-r-v1-top.sno
\art\bitmaps\terrain\spider_dungeon\wall\b_t_sd_wal_decor-01.%img%
\art\terrain\spider_dungeon\floor\t_sd_flr_04x04-post5.sno
\art\terrain\spider_dungeon\wall\t_sd_wal_int_08-doorway-v0.sno
\art\terrain\spider_dungeon\wall\t_sd_wal_int_08-tx-04ext-l-v2.sno
\art\terrain\spider_dungeon\t_sd_cap-special-v0-v3-tx-04.sno
\art\terrain\spider_dungeon\wall\t_sd_wal_int_08-doorway-v0-top.sno
\art\terrain\spider_dungeon\wall\t_sd_wal_int_08-tx-04ext-l-v2-top.sno
\art\terrain\spider_dungeon\wall\t_sd_wal_int_08-tx-04ext-r-v2.sno
\art\terrain\spider_dungeon\wall\t_sd_wal_int_08-tx-04ext-r-v2-top.sno
\art\terrain\generic\dungeon\t_xxx_dgn_cap-vertical-04x08-b.sno
\sound\effects\s_e_env_lever_chain.wav
\sound\effects\s_e_env_door_wood_slide_lrg.wav
\sound\effects\s_e_attack_rector.wav
\art\bitmaps\characters\evil_d_monsters\b_c_edm_mu.%img%
\art\terrain\spider_dungeon\corner\t_sd_cnr_ext_ccav_04-v1.sno
\art\terrain\spider_dungeon\floor\t_sd_flr_04x04_gratecover-v1.sno
\art\meshes\items\castle\m_i_csl_grate-02.asp
\art\animations\items\castle\a_i_csl_grate-02-close.prs
\art\animations\items\castle\a_i_csl_grate-02-open.prs
\art\bitmaps\items\castle\b_i_csl_grate-square.%img%
\art\terrain\spider_dungeon\wall\t_sd_wal_int_08-v0.sno
\art\terrain\spider_dungeon\wall\t_sd_wal_ext_08-v2.sno
\art\terrain\spider_dungeon\wall\t_sd_wal_int_08-doorway-v3.sno
\art\bitmaps\gui\in_game\inventory\items\b_gui_ig_i_it_potion-bottle-health-002.%img%
\art\bitmaps\gui\in_game\inventory\items\b_gui_ig_i_it_potion-fill-health-002.%img%
\art\terrain\spider_dungeon\wall\t_sd_wal_int_08-doorway-v3-top.sno
\art\terrain\spider_dungeon\t_sd_cap-special-v0-v3-a.sno
\art\terrain\spider_dungeon\wall\t_sd_wal_ext_08-top-b.sno
\art\terrain\spider_dungeon\wall\t_sd_wal_ext_08-v0.sno
\art\bitmaps\terrain\spider_dungeon\wall\b_t_sd_wal_04x04-g.%img%
\art\terrain\spider_dungeon\wall\t_sd_wal_webramp-web-d.sno
\sound\effects\s_e_die_rector.wav
\sound\effects\s_e_call_mucosa_big.wav
\art\terrain\spider_dungeon\wall\t_sd_wal_ext_08-v1.sno
\art\terrain\spider_dungeon\wall\t_sd_wal_ext_04-tx-ele-tube.sno
\art\terrain\spider_dungeon\wall\t_sd_wal_int_04-doorway-arch-full-b.sno
\art\terrain\spider_dungeon\t_sd_cage-connector-a.sno
\art\terrain\spider_dungeon\t_sd_ele-tube.sno
\art\meshes\items\global\m_i_glb_switch-02.asp
\art\animations\items\global\a_i_glb_switch-02-open.prs
\art\animations\items\global\a_i_glb_switch-02-close.prs
\art\bitmaps\terrain\spider_dungeon\b_t_sd_steelbeam.%img%
\art\bitmaps\items\global\b_i_glb_switch-02.%img%
\art\terrain\spider_dungeon\t_sd_ele-flr-1c.sno
\art\terrain\spider_dungeon\t_sd_cage-clamp.sno
\art\bitmaps\terrain\spider_dungeon\wall\b_t_sd_wal_08x08-rock-a.%img%
\art\bitmaps\terrain\spider_dungeon\wall\b_t_sd_wal_08x08-rock-b.%img%
\art\bitmaps\terrain\spider_dungeon\floor\b_t_sd_flr_stair-trim2.%img%
\sound\effects\s_e_grate_open.wav
\sound\effects\s_e_grate_close.wav
\art\terrain\spider_dungeon\t_sd_ele-flr-1d.sno
\art\terrain\spider_dungeon\t_sd_cage.sno
\art\bitmaps\terrain\spider_dungeon\b_t_sd_cagefloor.%img%
\art\bitmaps\terrain\spider_dungeon\b_t_sd_cagechain.%img%
\art\bitmaps\characters\body_armor\type2\b_c_pos_a2_001.%img%
\art\bitmaps\gui\in_game\inventory\armor\body_armor\b_gui_ig_i_a_pos_a2_001.%img%
\art\meshes\items\global\m_i_glb_dead_townsfolk-01.asp
\art\terrain\spider_dungeon\wall\t_sd_wal_04-tx-tnl.sno
\art\bitmaps\characters\body_armor\type1\b_c_pos_a1_004.%img%
\art\terrain\spider_dungeon\floor\t_sd_flr_04x04-post4.sno
\art\terrain\spider_dungeon\floor\t_sd_flr_04x04-v1.sno
\art\bitmaps\terrain\dungeon_redstone_1\dungeon\b_t_dgn07_dgn_flr-04x04-a.%img%
\art\bitmaps\terrain\dungeon_redstone_1\dungeon\b_t_dgn07_dgn_wal-04x04-arch-a.%img%
\art\bitmaps\terrain\spider_dungeon\floor\b_t_sd_flr_04x04-e.%img%
\art\meshes\items\global\m_i_glb_amulet-01.asp
\sound\effects\s_e_env_lever_metal.wav
\sound\effects\s_e_env_elevator_lrg_start.wav
\sound\music\s_m_spiderdungeon_02.mp3
\sound\effects\s_e_env_elevator_lrg_stop.wav
\art\terrain\spider_dungeon\t_sd_tnl-deadend.sno
\art\terrain\spider_dungeon\wall\t_sd_wal_04-tx-tnl-sides.sno
\art\terrain\spider_dungeon\wall\t_sd_wal_04-tx-tnl-door-top.sno
\art\terrain\spider_dungeon\t_sd_cap-wal-04-tx-tnl.sno
\art\terrain\spider_dungeon\t_sd_cap-tnl-deadend.sno
\art\meshes\items\global\m_i_glb_chest-06.asp
\art\animations\items\global\a_i_glb_chest-06-open.prs
\art\bitmaps\terrain\spider_dungeon\wall\b_t_sd_wal_drt_04x04.%img%
\art\bitmaps\terrain\spider_dungeon\floor\b_t_sd_flr_drt-04x04.%img%
\art\bitmaps\items\global\b_i_glb_chest-stone.%img%
\art\meshes\items\global\m_i_glb_door-spdrdungeon-02.asp
\art\animations\items\global\a_i_glb_door-spdrdungeon-02-open.prs
\art\animations\items\global\a_i_glb_door-spdrdungeon-02-close.prs
\art\bitmaps\items\global\b_i_glb_door-spdrdungeon-02.%img%
\art\terrain\generic\dungeon\floor\t_xxx_dgn_flr_pedestal-a.sno
\art\meshes\items\global\m_i_glb_coin-03.asp
\art\meshes\items\castle\m_i_csl_wall-bench.asp
\art\bitmaps\terrain\dungeon_redstone_1\dungeon\b_t_dgn07_dgn_pillar-04x04-a.%img%
\sound\music\s_m_spiderdungeon_03.mp3
\art\terrain\spider_dungeon\t_sd_tnl-cnr.sno
\art\meshes\items\global\m_i_glb_dead_spider-01.asp
\art\bitmaps\characters\evil_d_monsters\b_c_edm_mu-03.%img%
\art\terrain\spider_dungeon\t_sd_cap-tnl-cnr.sno
\art\terrain\spider_dungeon\t_sd_tnl-tee.sno
\art\bitmaps\items\global\b_i_glb_amulet-01.%img%
\sound\effects\s_e_gui_put_down_jewelry.wav
\art\bitmaps\armor\shields\b_a_shd_027.%img%
\art\terrain\spider_dungeon\t_sd_tnl-straight.sno
\art\terrain\spider_dungeon\t_sd_cap-tnl-tee.sno
\art\terrain\spider_dungeon\t_sd_cap-tnl-straight.sno
\art\terrain\spider_dungeon\t_sd_tnl-ramp.sno
\art\terrain\spider_dungeon\t_sd_cap-tnl-ramp.sno
\art\terrain\generic\dungeon\floor\t_xxx_dgn_flr_stair-thin-a.sno
\art\terrain\generic\dungeon\floor\t_xxx_dgn_flr_stair-cncv-a.sno
\art\bitmaps\terrain\dungeon_redstone_1\dungeon\b_t_dgn07_dgn_stair-front.%img%
\art\meshes\items\global\m_i_glb_chest-03.asp
\art\meshes\weapons\mace\m_w_mce_051.asp
\art\animations\items\ice\a_i_ice_chest-open.prs
\art\bitmaps\items\global\b_i_glb_chest-01.%img%
\sound\effects\s_e_env_door_metal_sliding_large.wav
\art\terrain\generic\dungeon\t_xxx_dgn_cap-stairway-b.sno
\art\meshes\items\castle\m_i_csl_skulls-03.asp
\art\terrain\generic\dungeon\floor\t_xxx_dgn_flr_stair-cnvx-b.sno
\art\terrain\generic\dungeon\floor\t_xxx_dgn_flr_stair-thick-a.sno
\art\terrain\generic\dungeon\floor\t_xxx_dgn_flr_stair-cncv-b.sno
\art\terrain\generic\dungeon\floor\t_xxx_dgn_flr_stair-cnvx-a.sno
\art\meshes\items\castle\m_i_csl_shakles-webbed-01.asp
\art\meshes\items\castle\m_i_csl_shakles-webbed-02.asp
\art\meshes\items\global\m_i_glb_cocoon-mucosa-02.asp
\art\meshes\items\global\m_i_glb_frag-cocoon-mucosa-01.asp
\art\meshes\items\global\m_i_glb_frag-cocoon-mucosa-02.asp
\art\meshes\items\global\m_i_glb_frag-cocoon-mucosa-03.asp
\art\meshes\items\global\m_i_glb_frag-cocoon-mucosa-04.asp
\art\meshes\items\global\m_i_glb_frag-cocoon-mucosa-05.asp
\art\meshes\items\global\m_i_glb_cocoon-mucosa-02-broken.asp
\art\bitmaps\items\global\b_i_glb_cocoon-mucosa-02.%img%
\sound\effects\s_e_fbfireball_hit.wav
\art\bitmaps\gui\in_game\inventory\weapons\bow\b_gui_ig_i_w_bow_013.%img%
\art\meshes\items\caves\m_i_cav_carcass-02.asp
\art\bitmaps\items\caves\b_i_cav_carcass-02.%img%
\art\meshes\items\caves\m_i_cav_carcass-03.asp
\art\bitmaps\items\caves\b_i_cav_carcass-03.%img%
\art\terrain\spider_dungeon\corner\t_sd_cnr_int-04-v0.sno
\art\terrain\spider_dungeon\wall\t_sd_wal_int_04-doorway-door-b.sno
\art\terrain\spider_dungeon\wall\t_sd_wal_int_04-v7.sno
\art\meshes\items\castle\m_i_csl_brick-03.asp
\art\terrain\generic\dungeon\floor\t_xxx_dgn_flr_well-08x08-a.sno
\art\terrain\spider_dungeon\wall\t_sd_wal_int_04-v7-top.sno
\art\terrain\spider_dungeon\wall\t_sd_wal_int_04-v7-hole.sno
\art\bitmaps\items\castle\b_i_csl_chair-broken-01.%img%
\art\bitmaps\armor\helmets\b_a_hlmt_060.%img%
\art\terrain\generic\dungeon\floor\t_xxx_dgn_flr_trap-04x04-a.sno
\art\terrain\generic\dungeon\floor\t_xxx_dgn_flr_trap-cover-a.sno
\art\meshes\items\castle\m_i_csl_statue-broken-01.asp
\art\bitmaps\items\castle\b_i_csl_statue-broken-01.%img%
\art\meshes\items\castle\m_i_csl_statue-broken-03.asp
\art\bitmaps\items\castle\b_i_csl_statue-broken-03.%img%
\art\meshes\weapons\axe\m_w_axe_054.asp
\art\bitmaps\characters\evil_d_monsters\b_c_edm_mu-06.%img%
\art\terrain\spider_dungeon\wall\t_sd_wal_int_08-doorway-v2a.sno
\art\bitmaps\gui\in_game\inventory\armor\body_armor\b_gui_ig_i_a_pos_a2_056.%img%
\art\terrain\spider_dungeon\wall\t_sd_wal_int_08-doorway-v2a-top.sno
\art\meshes\characters\evil_b_bosses\giant_spider\m_c_ebb_gs_pos_1.asp
\art\bitmaps\characters\evil_b_bosses\dir.lqd18
\world\ai\jobs\actors\evil\job_die_explode.skrit
\art\meshes\items\global\m_i_glb_frag-spider-giant-01.asp
\art\meshes\items\global\m_i_glb_frag-spider-giant-02.asp
\art\meshes\items\global\m_i_glb_frag-spider-giant-03.asp
\art\meshes\items\global\m_i_glb_frag-spider-giant-04.asp
\art\meshes\items\global\m_i_glb_frag-spider-giant-05.asp
\art\meshes\items\global\m_i_glb_frag-spider-giant-06.asp
\art\meshes\items\global\m_i_glb_frag-spider-giant-07.asp
\art\meshes\items\global\m_i_glb_frag-spider-giant-08.asp
\art\meshes\items\global\m_i_glb_frag-spider-giant-09.asp
\art\meshes\items\global\m_i_glb_frag-spider-giant-10.asp
\art\meshes\weapons\staff\m_w_stf_069.asp
\art\meshes\weapons\staff\m_w_stf_070.asp
\art\animations\characters\evil_b_bosses\giant_spider\fs0\a_c_ebb_gs_fs0_ds.prs
\art\animations\characters\evil_b_bosses\giant_spider\fs0\a_c_ebb_gs_fs0_wl.prs
\art\animations\characters\evil_b_bosses\giant_spider\fs0\a_c_ebb_gs_fs0_di.prs
\art\animations\characters\evil_b_bosses\giant_spider\fs0\a_c_ebb_gs_fs0_at-02.prs
\art\animations\characters\evil_b_bosses\giant_spider\fs0\a_c_ebb_gs_fs0_dff.prs
\art\animations\characters\evil_b_bosses\giant_spider\fs0\a_c_ebb_gs_fs0_at.prs
\art\animations\characters\evil_b_bosses\giant_spider\fs0\a_c_ebb_gs_fs0_dff-02.prs
\art\animations\characters\evil_b_bosses\giant_spider\fs0\a_c_ebb_gs_fs0_dff-03.prs
\art\meshes\items\global\m_i_glb_dead_spider-giant.asp
\art\bitmaps\characters\evil_b_bosses\b_c_ebb_gs.%img%
\sound\effects\s_e_ih_meat_explosion.wav
\art\bitmaps\armor\gauntlets\b_a_gntl_058.%img%
\art\bitmaps\gui\in_game\inventory\armor\gauntlet\b_gui_ig_i_a_gntl_058.%img%
\art\bitmaps\gui\in_game\inventory\weapons\axe\b_gui_ig_i_w_axe_148.%img%
\art\bitmaps\gui\in_game\inventory\icons\b_gui_ig_i_ic_axe_005.%img%
\art\terrain\generic\wall\t_xxx_wal_08-tx-02b-r.sno
\art\terrain\generic\wall\t_xxx_wal_08-tx-02b-l.sno
\art\terrain\generic\wall\t_xxx_wal_02a-tx-02b-cnvx-thin-l.sno
\art\bitmaps\terrain\grass_1\path\b_t_grs01_pth_08x08-g.%img%
\sound\music\s_m_boss_01.mp3
\sound\effects\s_e_attack_giant_spider.wav
\art\terrain\dwarven_mine_1\t_dm01_shack-1b.sno
\art\terrain\dwarven_mine_1\t_dm01_shack-1b-roof.sno
\art\terrain\dwarven_mine_1\t_dm01_shack-2a.sno
\art\meshes\items\castle\m_i_csl_table-broken-02.asp
\art\bitmaps\terrain\dwarven_mine_0\b_t_dm00_window-2a.%img%
\art\bitmaps\terrain\dwarven_mine_0\b_t_dm00_stove-n-sign.%img%
\art\bitmaps\terrain\dwarven_mine_0\b_t_dm00_woodfloor-4a.%img%
\art\bitmaps\items\castle\b_i_csl_table-broken-02.%img%
\sound\effects\s_e_smash_rockbeast.wav
\art\bitmaps\sfx\b_sfx_rock_single_01.%img%
\sound\effects\s_e_die_giant_spider.wav
\art\bitmaps\gui\in_game\inventory\weapons\staff\b_gui_ig_i_w_stf_127.%img%
\art\animations\items\global\a_i_glb_dead_spider-giant-ooz.prs
\art\bitmaps\gui\in_game\inventory\weapons\staff\b_gui_ig_i_w_stf_110.%img%
\art\terrain\dwarven_mine_1\t_dm01_shack-2a-roof.sno
\art\terrain\dwarven_mine_1\track\t_dm01_track_outside-1b.sno
\art\terrain\dwarven_mine_1\track\t_dm01_track_ouside-1a.sno
\art\terrain\dwarven_mine_1\t_dm01_mine-entry-front-base.sno
\art\bitmaps\terrain\dwarven_mine_1\dir.lqd18
\art\bitmaps\terrain\dwarven_mine_1\track\dir.lqd18
\art\bitmaps\terrain\dwarven_mine_1\wall\dir.lqd18
\art\meshes\characters\good_a_npc\dwarf\m_c_gan_df_pos_a1.asp
\world\ai\jobs\actors\good\job_talk_gloern.skrit
\art\meshes\characters\good_a_npc\dwarf\m_c_gan_df_pos_a2.asp
\art\meshes\characters\good_a_npc\dwarf\boots\m_c_gan_df_boot_type1_b.asp
\art\meshes\characters\good_a_npc\dwarf\gauntlets\m_c_gan_df_gntl_type1_b.asp
\art\meshes\characters\good_a_npc\dwarf\helmets\m_c_gan_df_hlmt_type4.asp
\art\animations\characters\good_a_npc\dwarf\fs0\a_c_gan_df_fs0_dfs.prs
\art\animations\characters\good_a_npc\dwarf\fs1\a_c_gan_df_fs1_dfs.prs
\art\animations\characters\good_a_npc\dwarf\fs2\a_c_gan_df_fs2_dfs.prs
\art\animations\characters\good_a_npc\dwarf\fs3\a_c_gan_df_fs3_dfs.prs
\art\animations\characters\good_a_npc\dwarf\fs4\a_c_gan_df_fs4_dfs.prs
\art\animations\characters\good_a_npc\dwarf\fs5\a_c_gan_df_fs5_dfs.prs
\art\animations\characters\good_a_npc\dwarf\fs6\a_c_gan_df_fs6_dfs.prs
\art\animations\characters\good_a_npc\dwarf\fs7\a_c_gan_df_fs7_dfs.prs
\art\animations\characters\good_a_npc\dwarf\fs8\a_c_gan_df_fs8_dfs.prs
\art\animations\characters\good_a_npc\dwarf\fs0\a_c_gan_df_fs0_rl.prs
\art\animations\characters\good_a_npc\dwarf\fs1\a_c_gan_df_fs1_rl.prs
\art\animations\characters\good_a_npc\dwarf\fs2\a_c_gan_df_fs2_rl.prs
\art\animations\characters\good_a_npc\dwarf\fs3\a_c_gan_df_fs3_rl.prs
\art\animations\characters\good_a_npc\dwarf\fs4\a_c_gan_df_fs4_rl.prs
\art\animations\characters\good_a_npc\dwarf\fs5\a_c_gan_df_fs5_rl.prs
\art\animations\characters\good_a_npc\dwarf\fs6\a_c_gan_df_fs6_rl.prs
\art\animations\characters\good_a_npc\dwarf\fs7\a_c_gan_df_fs7_rl.prs
\art\animations\characters\good_a_npc\dwarf\fs8\a_c_gan_df_fs8_rl.prs
\art\animations\characters\good_a_npc\dwarf\fs0\a_c_gan_df_fs0_di.prs
\art\animations\characters\good_a_npc\dwarf\fs1\a_c_gan_df_fs1_di.prs
\art\animations\characters\good_a_npc\dwarf\fs2\a_c_gan_df_fs2_di.prs
\art\animations\characters\good_a_npc\dwarf\fs3\a_c_gan_df_fs3_di.prs
\art\animations\characters\good_a_npc\dwarf\fs4\a_c_gan_df_fs4_di.prs
\art\animations\characters\good_a_npc\dwarf\fs5\a_c_gan_df_fs5_di.prs
\art\animations\characters\good_a_npc\dwarf\fs6\a_c_gan_df_fs6_di.prs
\art\animations\characters\good_a_npc\dwarf\fs7\a_c_gan_df_fs7_di.prs
\art\animations\characters\good_a_npc\dwarf\fs8\a_c_gan_df_fs8_di.prs
\art\animations\characters\good_a_npc\dwarf\fs0\a_c_gan_df_fs0_at.prs
\art\animations\characters\good_a_npc\dwarf\fs0\a_c_gan_df_fs0_at-02.prs
\art\animations\characters\good_a_npc\dwarf\fs0\a_c_gan_df_fs0_at-03.prs
\art\animations\characters\good_a_npc\dwarf\fs0\a_c_gan_df_fs0_dff.prs
\art\animations\characters\good_a_npc\dwarf\fs1\a_c_gan_df_fs1_at.prs
\art\animations\characters\good_a_npc\dwarf\fs1\a_c_gan_df_fs1_at-02.prs
\art\animations\characters\good_a_npc\dwarf\fs1\a_c_gan_df_fs1_at-03.prs
\art\animations\characters\good_a_npc\dwarf\fs1\a_c_gan_df_fs1_dff.prs
\art\animations\characters\good_a_npc\dwarf\fs2\a_c_gan_df_fs2_at.prs
\art\animations\characters\good_a_npc\dwarf\fs2\a_c_gan_df_fs2_at-02.prs
\art\animations\characters\good_a_npc\dwarf\fs2\a_c_gan_df_fs2_at-03.prs
\art\animations\characters\good_a_npc\dwarf\fs2\a_c_gan_df_fs2_dff.prs
\art\animations\characters\good_a_npc\dwarf\fs3\a_c_gan_df_fs3_at.prs
\art\animations\characters\good_a_npc\dwarf\fs3\a_c_gan_df_fs3_at-02.prs
\art\animations\characters\good_a_npc\dwarf\fs3\a_c_gan_df_fs3_at-03.prs
\art\animations\characters\good_a_npc\dwarf\fs3\a_c_gan_df_fs3_dff.prs
\art\animations\characters\good_a_npc\dwarf\fs4\a_c_gan_df_fs4_at.prs
\art\animations\characters\good_a_npc\dwarf\fs4\a_c_gan_df_fs4_at-02.prs
\art\animations\characters\good_a_npc\dwarf\fs4\a_c_gan_df_fs4_at-03.prs
\art\animations\characters\good_a_npc\dwarf\fs4\a_c_gan_df_fs4_dff.prs
\art\animations\characters\good_a_npc\dwarf\fs5\a_c_gan_df_fs5_at.prs
\art\animations\characters\good_a_npc\dwarf\fs5\a_c_gan_df_fs5_at-02.prs
\art\animations\characters\good_a_npc\dwarf\fs5\a_c_gan_df_fs5_at-03.prs
\art\animations\characters\good_a_npc\dwarf\fs5\a_c_gan_df_fs5_dff.prs
\art\animations\characters\good_a_npc\dwarf\fs6\a_c_gan_df_fs6_at.prs
\art\animations\characters\good_a_npc\dwarf\fs6\a_c_gan_df_fs6_at-02.prs
\art\animations\characters\good_a_npc\dwarf\fs6\a_c_gan_df_fs6_at-03.prs
\art\animations\characters\good_a_npc\dwarf\fs6\a_c_gan_df_fs6_dff.prs
\art\animations\characters\good_a_npc\dwarf\fs7\a_c_gan_df_fs7_at.prs
\art\animations\characters\good_a_npc\dwarf\fs7\a_c_gan_df_fs7_at-02.prs
\art\animations\characters\good_a_npc\dwarf\fs7\a_c_gan_df_fs7_at-03.prs
\art\animations\characters\good_a_npc\dwarf\fs7\a_c_gan_df_fs7_dff.prs
\art\animations\characters\good_a_npc\dwarf\fs8\a_c_gan_df_fs8_at.prs
\art\animations\characters\good_a_npc\dwarf\fs8\a_c_gan_df_fs8_at-02.prs
\art\animations\characters\good_a_npc\dwarf\fs8\a_c_gan_df_fs8_at-03.prs
\art\animations\characters\good_a_npc\dwarf\fs8\a_c_gan_df_fs8_dff.prs
\art\animations\characters\good_a_npc\dwarf\fs0\a_c_gan_df_fs0_mg.prs
\art\animations\characters\good_a_npc\dwarf\fs0\a_c_gan_df_fs0_mg-02.prs
\art\animations\characters\good_a_npc\dwarf\fs5\a_c_gan_df_fs5_mg.prs
\art\animations\characters\good_a_npc\dwarf\fs5\a_c_gan_df_fs5_mg-02.prs
\art\animations\characters\good_a_npc\dwarf\fs1\a_c_gan_df_fs1_dk.prs
\art\animations\characters\good_a_npc\dwarf\fs0\a_c_gan_df_fs0_dsf.prs
\art\animations\characters\good_a_npc\dwarf\fs1\a_c_gan_df_fs1_dsf.prs
\art\animations\characters\good_a_npc\dwarf\fs0\a_c_gan_df_fs0_up.prs
\art\animations\characters\good_a_npc\dwarf\fs0\a_c_gan_df_fs0_dsf-02.prs
\art\meshes\items\caves\m_i_cav_rail.asp
\art\meshes\items\caves\m_i_cav_barrel-01.asp
\art\meshes\items\global\m_i_glb_wanted-poster-01.asp
\art\meshes\items\global\m_i_glb_sign-coughin-jak.asp
\art\bitmaps\terrain\dwarven_mine_0\b_t_dm00_woodbeam-4x8a.%img%
\art\bitmaps\terrain\dwarven_mine_0\b_t_dm00_woodplanks-2a.%img%
\art\bitmaps\terrain\dwarven_mine_0\b_t_dm00_stonefoundation-8x2a.%img%
\art\bitmaps\terrain\dwarven_mine_0\b_t_dm00_stairside-4a.%img%
\art\bitmaps\terrain\dwarven_mine_0\b_t_dm00_door-n-counter.%img%
\art\bitmaps\terrain\dwarven_mine_0\b_t_dm00_trk-04x04.%img%
\art\meshes\items\global\m_i_glb_dead_dwarf-02.asp
\art\bitmaps\characters\good_a_npc\dwarf\b_c_gan_df_skin_07.%img%
\art\bitmaps\armor\helmets\b_a_hlmt_011.%img%
\art\bitmaps\items\caves\b_i_cav_rail.%img%
\world\maps\map_world\regions\dm_r10\terrain_nodes\siege_nodes.lnc
\world\maps\map_world\regions\dm_r10\terrain_nodes\dir.lqd18
\art\terrain\dwarven_mine_1\t_dm01_mine-entry-front-sides.sno
\art\terrain\dwarven_mine_1\t_dm01_mine-entry-front-top.sno
\art\terrain\dwarven_mine_1\t_dm01_mine-entry-back-base.sno
\art\bitmaps\terrain\dwarven_mine_1\floor\dir.lqd18
\art\terrain\dwarven_mine_1\track\t_dm01_track_outside-2-1b.sno
\world\maps\map_world\regions\dm_r10\objects\dir.lqd18
\art\terrain\dwarven_mine_1\t_dm01_mine-entry-back-sides.sno
\art\terrain\dwarven_mine_1\track\t_dm01_track_1b.sno
\art\terrain\dwarven_mine_1\t_dm01_mine-entry-back-top.sno
\art\terrain\dwarven_mine_1\hall\t_dm01_hal_thick-support.sno
\art\terrain\dwarven_mine_1\hall\t_dm01_hal_thin-support-02.sno
\art\terrain\dwarven_mine_1\track\t_dm01_track_2-1b.sno
\art\terrain\generic\floor\t_xxx_flr_brdr-black-16x08-a.sno
\art\terrain\dwarven_mine_1\track\t_dm01_track_2-1a.sno
\art\terrain\dwarven_mine_1\track\t_dm01_track_1a.sno
\art\terrain\dwarven_mine_1\hall\t_dm01_hal_support-tx-boards-r.sno
\art\bitmaps\items\global\b_i_glb_wanted-poster-01.%img%
\art\meshes\items\caves\m_i_cav_rock-01.asp
\art\bitmaps\terrain\dwarven_mine_1\track\b_t_dm01_trk_04x04.%img%
\art\bitmaps\terrain\dwarven_mine_1\wall\b_t_dm01_wal_08x08-b.%img%
\art\bitmaps\terrain\dwarven_mine_0\b_t_dm00_entrance-floor-a.%img%
\art\bitmaps\terrain\dwarven_mine_0\b_t_dm00_entrance-floor-b.%img%
\art\meshes\items\caves\m_i_cav_mine-debris-med-01.asp
\art\bitmaps\terrain\dwarven_mine_1\floor\b_t_dm01_flr_04x04-a.%img%
\art\bitmaps\terrain\dwarven_mine_1\wall\b_t_dm01_wal_08x08-c.%img%
\art\bitmaps\terrain\dwarven_mine_1\wall\b_t_dm01_wal_08x08-d.%img%
\art\bitmaps\terrain\dwarven_mine_1\wall\b_t_dm01_wal_04x04-c.%img%
\art\bitmaps\terrain\dwarven_mine_1\b_t_dm01_support-01.%img%
\art\bitmaps\terrain\dwarven_mine_1\wall\b_t_dm01_wal_08x04-a.%img%
\art\bitmaps\terrain\dwarven_mine_1\wall\b_t_dm01_wal_08x08-f.%img%
\art\bitmaps\terrain\dwarven_mine_1\track\b_t_dm01_trk_y-08x08-b.%img%
\art\bitmaps\items\caves\b_i_cav_rock-01.%img%
\art\bitmaps\items\caves\b_i_cav_mine-debris-01.%img%
\art\terrain\dwarven_mine_1\t_dm01_wtower.sno
\art\terrain\dwarven_mine_1\hall\t_dm01_hal_thin-boards-01.sno
\art\terrain\dwarven_mine_1\hall\t_dm01_hal_support-tx-boards-l.sno
\art\meshes\items\caves\m_i_cav_cart-ore.asp
\art\meshes\items\global\m_i_glb_stick-head-01.asp
\art\bitmaps\terrain\dwarven_mine_0\b_t_dm00_statue-goldsniffer-a.%img%
\art\bitmaps\terrain\dwarven_mine_0\b_t_dm00_statue-goldsniffer-b.%img%
\art\bitmaps\terrain\dwarven_mine_0\b_t_dm00_bumper-4b.%img%
\art\bitmaps\terrain\dwarven_mine_0\b_t_dm00_trk-y-08x08-b.%img%
\art\bitmaps\terrain\dwarven_mine_0\b_t_dm00_trk-04x08.%img%
\art\bitmaps\terrain\dwarven_mine_1\track\b_t_dm01_trk_04x08.%img%
\art\bitmaps\items\caves\b_i_cav_cart-ore.%img%
\art\bitmaps\items\global\b_i_glb_stick-head-01.%img%
\art\meshes\items\caves\m_i_cav_cart.asp
\art\meshes\items\global\m_i_glb_dead_dwarf-foreman-01.asp
\art\bitmaps\terrain\dwarven_mine_1\b_t_dm01_boardwall-tx.%img%
\art\terrain\dwarven_mine_1\track\t_dm01_track_turn-1a.sno
\art\terrain\dwarven_mine_1\track\t_dm01_track_cave-hal-base.sno
\art\terrain\dwarven_mine_1\track\t_dm01_track_2-1c.sno
\art\terrain\dwarven_mine_1\track\t_dm01_track_2-1d.sno
\art\bitmaps\terrain\dwarven_mine_1\b_t_dm01_boardwall-01.%img%
\art\bitmaps\items\caves\b_i_cav_cart.%img%
\art\bitmaps\terrain\dwarven_mine_1\track\b_t_dm01_trk_y-08x08-a.%img%
\art\bitmaps\characters\good_a_npc\dwarf\b_c_gan_df_skin_02.%img%
\art\bitmaps\terrain\farmhouse\b_t_fh00_logends-2x4a.%img%
\art\bitmaps\terrain\farmhouse\b_t_fh00_logsplain-4a.%img%
\art\meshes\items\caves\m_i_cav_ore-02.asp
\art\meshes\items\caves\m_i_cav_ore-03.asp
\art\meshes\items\castle\m_i_csl_dirt-03.asp
\art\meshes\items\castle\m_i_csl_hook-wall.asp
\art\bitmaps\items\caves\b_i_cav_ore-01.%img%
\sound\music\s_m_dwarvenmines_01.mp3
\art\meshes\items\caves\m_i_cav_barrel-02.asp
\art\bitmaps\items\caves\b_i_cav_barrel-02.%img%
\sound\effects\s_e_die_fury.wav
\art\terrain\generic\path\t_xxx_pth_04x04-f.sno
\art\meshes\armor\helmets\m_a_hlmt_type36.asp
\art\meshes\weapons\misc\m_w_misc_grenade.asp
\art\meshes\weapons\axe\m_w_axe_025.asp
\art\meshes\weapons\staff\m_w_stf_049.asp
\art\meshes\weapons\staff\m_w_stf_057.asp
\art\meshes\weapons\hammer\m_w_hmr_010.asp
\art\meshes\weapons\hammer\m_w_hmr_011.asp
\art\meshes\weapons\bow\m_w_bow_017.asp
\art\meshes\weapons\bow\m_w_bow_002.asp
\art\meshes\weapons\bow\m_w_bow_020.asp
\art\meshes\items\global\m_i_glb_tent-merchant.asp
\art\bitmaps\terrain\grass_1\path\b_t_grs01_pth_04x04-f.%img%
\world\maps\map_world\regions\path2dm\conversations\dir.lqd18
\art\bitmaps\characters\good_b_npc\b_c_gbn_bk-04.%img%
\art\bitmaps\items\global\b_i_glb_tent-merchant.%img%
\world\ai\jobs\actors\good\job_talk_fretch.skrit
\art\meshes\items\global\m_i_glb_chest-04.asp
\art\bitmaps\characters\body_armor\type1\b_c_pos_a1_060.%img%
\art\bitmaps\items\global\b_i_glb_chest-open-02.%img%
\sound\music\s_m_dwarvenmines_08.mp3
\art\bitmaps\characters\body_armor\type1\b_c_pos_a1_006.%img%
\sound\effects\s_e_hit_dwarf.wav
\sound\effects\s_e_die_dwarf.wav
\art\terrain\generic\floor\t_xxx_flr_brdr-black-08x08-a.sno
\sound\voices\s_v_dm_gloern1.mp3
\art\bitmaps\gui\in_game\inventory\icons\b_gui_ig_i_ic_c_gl.%img%
\sound\voices\s_v_dm_gloern2.mp3
\art\bitmaps\gui\in_game\menus\b_gui_ig_mnu_jnl_quest_07.%img%
\art\terrain\dwarven_mine_1\hall\t_dm01_hal_thin-support-01.sno
\art\terrain\dwarven_mine_1\track\t_dm01_track_cave-hal-sides.sno
\art\terrain\dwarven_mine_1\track\t_dm01_track_cave-hal-top.sno
\sound\effects\s_e_ambient_wind_mines.wav
\art\terrain\generic\ramp\h2o\t_xxx_rmp_h2o_cnr-ccav.sno
\art\bitmaps\terrain\dwarven_mine_1\river\dir.lqd18
\sound\music\s_m_dwarvenmines_07.mp3
\art\terrain\dwarven_mine_1\track\t_dm01_track_bumper-1a.sno
\art\bitmaps\terrain\dwarven_mine_1\track\b_t_dm01_trk_turn-08x08.%img%
\art\bitmaps\terrain\dwarven_mine_1\b_t_dm01_logplain.%img%
\art\bitmaps\terrain\dwarven_mine_1\track\b_t_dm01_trk_y-08x08-c.%img%
\art\bitmaps\characters\evil_d_monsters\b_c_edm_kd-02.%img%
\art\bitmaps\terrain\dwarven_mine_1\wall\b_t_dm01_wal_04x04-a.%img%
\art\terrain\dwarven_mine_1\hall\t_dm01_hal_boards-cav-base.sno
\art\bitmaps\terrain\dwarven_mine_1\track\b_t_dm01_trk_y-08x08-d.%img%
\art\terrain\generic\corner\h2o\t_xxx_cnr_h2o_tee-02a-02a-rmp-ccav-l.sno
\art\terrain\generic\ramp\h2o\t_xxx_rmp_h2o_tx-wal-04-thin-l.sno
\art\terrain\generic\wall\h2o\t_xxx_wal_h2o_02a-thin.sno
\art\terrain\dwarven_mine_1\hall\t_dm01_hal_boards-cav-sides.sno
\art\terrain\dwarven_mine_1\hall\t_dm01_hal_boards-cav-top.sno
\art\terrain\dwarven_mine_1\t_dm01_cap-boards-cav-a.sno
\art\meshes\items\caves\m_i_cav_ore-01.asp
\art\bitmaps\terrain\dwarven_mine_0\b_t_dm00_bumper-4a.%img%
\art\terrain\dwarven_mine_1\t_dm01_cap-08x04-a.sno
\art\terrain\generic\wall\h2o\t_xxx_wal_h2o_02a-tx-02b-ccav-thick-r.sno
\art\terrain\generic\hall\h2o\t_xxx_hal_h2o_cnr-cnvx.sno
\art\terrain\dwarven_mine_1\hall\t_dm01_hal_cart-opening.sno
\art\terrain\dwarven_mine_1\hall\t_dm01_hal_thck-boards.sno
\art\meshes\items\caves\m_i_cav_boarded-cave.asp
\art\meshes\characters\evil_d_monsters\giant_rat\m_c_edm_gr_pos_1.asp
\art\animations\characters\evil_d_monsters\giant_rat\fs0\a_c_edm_gr_fs0_ds.prs
\art\animations\characters\evil_d_monsters\giant_rat\fs0\a_c_edm_gr_fs0_rl.prs
\art\animations\characters\evil_d_monsters\giant_rat\fs0\a_c_edm_gr_fs0_di.prs
\art\animations\characters\evil_d_monsters\giant_rat\fs0\a_c_edm_gr_fs0_at.prs
\art\animations\characters\evil_d_monsters\giant_rat\fs0\a_c_edm_gr_fs0_dff.prs
\art\meshes\items\global\m_i_glb_dead_dwarf-worker-03.asp
\art\terrain\generic\corner\h2o\t_xxx_cnr_h2o_02a-tx-02b-ccav-thick-l.sno
\art\terrain\dwarven_mine_1\track\t_dm01_track_intersection.sno
\art\meshes\items\global\m_i_glb_dead_dwarf-foreman-03.asp
\art\bitmaps\terrain\dwarven_mine_1\wall\b_t_dm01_wal_04x08-a.%img%
\art\bitmaps\items\caves\b_i_cav_boarded-cave-01.%img%
\art\meshes\items\caves\m_i_cav_mine-debris-large-01.asp
\art\bitmaps\characters\evil_d_monsters\b_c_edm_gr.%img%
\art\bitmaps\terrain\dwarven_mine_1\river\b_t_dm01_rvr_water-2a-1.%img%
\art\bitmaps\terrain\dwarven_mine_1\river\b_t_dm01_rvr_water-2a-2.%img%
\art\bitmaps\terrain\dwarven_mine_1\river\b_t_dm01_rvr_water-2a-3.%img%
\art\bitmaps\terrain\dwarven_mine_1\river\b_t_dm01_rvr_water-2a-4.%img%
\art\terrain\generic\hall\h2o\t_xxx_hal_h2o_thin.sno
\art\bitmaps\terrain\dwarven_mine_1\wall\b_t_dm01_wal_04x04-b.%img%
\art\terrain\generic\wall\h2o\t_xxx_wal_h2o_02a-thick.sno
\art\terrain\generic\hall\h2o\t_xxx_hal_h2o_cave.sno
\art\terrain\generic\hall\h2o\t_xxx_hal_h2o_cnr-ccav.sno
\art\terrain\generic\hall\h2o\t_xxx_hal_h2o_ctx-wal-04-l.sno
\art\meshes\items\caves\m_i_cav_mine-debris-small-01.asp
\art\meshes\weapons\axe\m_w_axe_050.asp
\sound\effects\s_e_env_water_drip.wav
\art\meshes\characters\evil_d_monsters\scorpion\m_c_edm_sc_pos_1.asp
\art\meshes\items\global\m_i_glb_frag-scorpion-01.asp
\art\meshes\items\global\m_i_glb_frag-scorpion-02.asp
\art\meshes\items\global\m_i_glb_frag-scorpion-03.asp
\art\meshes\items\global\m_i_glb_frag-scorpion-04.asp
\art\meshes\items\global\m_i_glb_frag-scorpion-05.asp
\art\meshes\weapons\staff\m_w_stf_058.asp
\art\animations\characters\evil_d_monsters\scorpion\fs0\a_c_edm_sc_fs0_dfs.prs
\art\animations\characters\evil_d_monsters\scorpion\fs0\a_c_edm_sc_fs0_wl.prs
\art\animations\characters\evil_d_monsters\scorpion\fs0\a_c_edm_sc_fs0_di.prs
\art\animations\characters\evil_d_monsters\scorpion\fs0\a_c_edm_sc_fs0_at.prs
\art\animations\characters\evil_d_monsters\scorpion\fs0\a_c_edm_sc_fs0_at-02.prs
\art\animations\characters\evil_d_monsters\scorpion\fs0\a_c_edm_sc_fs0_dff.prs
\art\meshes\items\castle\m_i_csl_hay-bed.asp
\art\bitmaps\characters\evil_d_monsters\b_c_edm_sc.%img%
\art\bitmaps\terrain\dwarven_mine_1\track\b_t_dm01_trk_intersection-04x04.%img%
\art\meshes\items\caves\m_i_cav_gold-03.asp
\art\bitmaps\items\caves\b_i_cav_gold-01.%img%
\art\meshes\characters\evil_d_monsters\rock_beast\m_c_edm_rb_pos_1.asp
\art\meshes\items\global\m_i_glb_frag-rock-beast-01.asp
\art\meshes\items\global\m_i_glb_frag-rock-beast-02.asp
\art\meshes\items\global\m_i_glb_frag-rock-beast-03.asp
\art\meshes\items\global\m_i_glb_frag-rock-beast-04.asp
\art\meshes\items\global\m_i_glb_frag-rock-beast-05.asp
\art\meshes\items\global\m_i_glb_frag-rock-beast-06.asp
\art\meshes\items\global\m_i_glb_frag-rock-beast-07.asp
\art\meshes\items\global\m_i_glb_frag-rock-beast-08.asp
\art\terrain\generic\hall\t_xxx_hal_diag-thick-l.sno
\art\terrain\generic\hall\t_xxx_hal_diag-thin-r.sno
\art\terrain\dwarven_mine_1\t_dm01_cap-08x08-a.sno
\art\terrain\dwarven_mine_1\t_dm01_cap-04x04-a.sno
\art\meshes\items\caves\m_i_cav_rock-river-01.asp
\art\bitmaps\items\caves\b_i_cav_rock-river.%img%
\art\terrain\generic\floor\t_xxx_flr_brdr-black-16x16-a.sno
\art\meshes\items\caves\m_i_cav_rock-river-02.asp
\art\meshes\items\goblin_inv\m_i_gob_crate-02.asp
\art\animations\items\goblin_inv\a_i_gob_crate-02-open.prs
\sound\effects\s_e_attack_krug_throw.wav
\art\bitmaps\gui\in_game\inventory\weapons\axe\b_gui_ig_i_w_axe_143.%img%
\art\meshes\items\global\m_i_glb_dead_dwarf-worker-02.asp
\art\terrain\generic\hall\t_xxx_hal_diag-thick-r.sno
\art\meshes\items\caves\m_i_cav_gold-02.asp
\art\meshes\items\caves\m_i_cav_gold-01.asp
\art\terrain\dwarven_mine_1\elevator\t_dm01_ele_crane-base.sno
\art\animations\characters\evil_d_monsters\rock_beast\fs0\a_c_edm_rb_fs0_dfs.prs
\art\animations\characters\evil_d_monsters\rock_beast\fs0\a_c_edm_rb_fs0_wl.prs
\art\animations\characters\evil_d_monsters\rock_beast\fs0\a_c_edm_rb_fs0_di.prs
\art\animations\characters\evil_d_monsters\rock_beast\fs0\a_c_edm_rb_fs0_at.prs
\art\animations\characters\evil_d_monsters\rock_beast\fs0\a_c_edm_rb_fs0_at-02.prs
\art\animations\characters\evil_d_monsters\rock_beast\fs0\a_c_edm_rb_fs0_dff.prs
\art\animations\characters\evil_d_monsters\rock_beast\fs0\a_c_edm_rb_fs0_mg.prs
\art\animations\characters\evil_d_monsters\rock_beast\fs0\a_c_edm_rb_fs0_dff-02.prs
\art\bitmaps\characters\evil_d_monsters\b_c_edm_rb.%img%
\art\meshes\items\caves\m_i_cav_rock-02.asp
\art\meshes\weapons\axe\m_w_axe_059.asp
\art\bitmaps\characters\body_armor\type2\b_c_pos_a2_003.%img%
\art\meshes\items\global\m_i_glb_chest-05.asp
\art\bitmaps\items\goblin_inv\b_i_gob_chest-01.%img%
\world\maps\map_world\regions\dm_r2\terrain_nodes\siege_nodes.lnc
\world\maps\map_world\regions\dm_r2\terrain_nodes\dir.lqd18
\art\terrain\generic\corner\t_xxx_cnr_tee-02a-02a-rmp-cnvx-l.sno
\art\terrain\generic\corner\h2o\t_xxx_cnr_h2o_02a-cnvx.sno
\art\terrain\generic\corner\h2o\t_xxx_cnr_h2o_tee-02a-02a-rmp-ccav-r.sno
\art\terrain\generic\ramp\h2o\t_xxx_rmp_h2o_ctx-hal-l.sno
\art\bitmaps\terrain\dwarven_mine_1\wall\b_t_dm01_wal_04x08-d.%img%
\art\terrain\generic\hall\h2o\t_xxx_hal_h2o_thck.sno
\world\maps\map_world\regions\dm_r2\objects\dir.lqd18
\art\terrain\generic\floor\t_xxx_flr_brdr-black-04x04-a.sno
\art\terrain\dwarven_mine_1\elevator\t_dm01_ele_flr-1a-big.sno
\art\terrain\dwarven_mine_1\elevator\t_dm01_ele_flr-1b-big.sno
\art\meshes\items\global\m_i_glb_switch-07.asp
\art\animations\items\global\a_i_glb_switch-07-open.prs
\art\animations\items\global\a_i_glb_switch-07-close.prs
\art\terrain\dwarven_mine_1\elevator\t_dm01_ele_1a-big.sno
\art\terrain\generic\corner\h2o\t_xxx_cnr_h2o_02a-tx-02b-ccav-thick-r.sno
\art\terrain\generic\wall\h2o\t_xxx_wal_h2o_02a-tx-02b-ccav-thick-l.sno
\art\terrain\generic\ramp\h2o\t_xxx_rmp_h2o_tx-wal-04-thin-r.sno
\art\terrain\dwarven_mine_1\hall\t_dm01_hal_thin-boards-02.sno
\art\terrain\generic\wall\h2o\t_xxx_wal_h2o_02a-diag-thick-l.sno
\art\terrain\generic\wall\h2o\t_xxx_wal_h2o_04-thin.sno
\art\meshes\weapons\axe\m_w_axe_065.asp
\art\terrain\generic\corner\h2o\t_xxx_cnr_h2o_02a-tx-02b-ccav-thin-r.sno
\art\terrain\generic\hall\h2o\t_xxx_hal_h2o_ctx-wal-04-r.sno
\art\terrain\generic\wall\h2o\t_xxx_wal_h2o_02a-diag-thin-r.sno
\art\terrain\generic\ramp\h2o\t_xxx_rmp_h2o_thin.sno
\art\meshes\items\caves\m_i_cav_ele-crane-01.asp
\art\terrain\generic\corner\h2o\t_xxx_cnr_h2o_04-ccav.sno
\art\terrain\generic\corner\t_xxx_cnr_tee-02a-02a-rmp-cnvx-r.sno
\art\terrain\generic\floor\t_xxx_flr_drips-04x04-a.sno
\art\bitmaps\terrain\sub_river_2\dir.lqd18
\art\terrain\generic\floor\t_xxx_flr_drips-08x08-b.sno
\art\meshes\characters\neutral_ambients\rat\m_c_na_rt_pos_1.asp
\art\animations\characters\neutral_ambients\rat\fs0\a_c_na_rt_fs0_ds.prs
\art\animations\characters\neutral_ambients\rat\fs0\a_c_na_rt_fs0_wl.prs
\art\animations\characters\neutral_ambients\rat\fs0\a_c_na_rt_fs0_dff.prs
\art\meshes\items\caves\m_i_cav_rock-03.asp
\art\bitmaps\terrain\dwarven_mine_1\b_t_dm01_ele_flr-1a.%img%
\art\meshes\items\castle\m_i_csl_bookcase-broken-01.asp
\art\bitmaps\items\global\b_i_glb_switch-07.%img%
\art\bitmaps\terrain\dwarven_mine_1\floor\b_t_dm01_flr_dtl-08x08-b.%img%
\art\bitmaps\terrain\dwarven_mine_1\b_t_dm01_ele-1.%img%
\art\bitmaps\terrain\dwarven_mine_1\b_t_dm01_cable-1.%img%
\art\bitmaps\items\caves\b_i_cav_ele-crane-01.%img%
\art\bitmaps\terrain\dwarven_mine_1\floor\b_t_dm01_flr_stg-04x04-a.%img%
\art\bitmaps\terrain\sub_river_2\b_t_sr02_drips-static-a.%img%
\art\bitmaps\terrain\sub_river_2\b_t_sr02_drips-dynamic-a.%img%
\art\bitmaps\terrain\dwarven_mine_1\floor\b_t_dm01_flr_stg-08x08-a.%img%
\art\bitmaps\characters\neutral_ambients\b_c_na_rt.%img%
\art\bitmaps\items\castle\b_i_csl_bookcase-broken-01.%img%
\sound\effects\s_e_fidget_rockbeast_roar.wav
\art\terrain\generic\wall\h2o\t_xxx_wal_h2o_04-tx-08-r.sno
\art\terrain\generic\corner\h2o\t_xxx_cnr_h2o_tee-04-04-08-l.sno
\art\meshes\characters\evil_d_monsters\mine_worm\m_c_edm_mw_pos_1.asp
\art\meshes\items\caves\m_i_cav_hole-01.asp
\art\meshes\weapons\misc\m_w_misc_014.asp
\art\animations\characters\evil_d_monsters\mine_worm\fs0\a_c_edm_mw_fs0_ds.prs
\art\animations\characters\evil_d_monsters\mine_worm\fs0\a_c_edm_mw_fs0_dsf.prs
\art\animations\characters\evil_d_monsters\mine_worm\fs0\a_c_edm_mw_fs0_di.prs
\art\animations\characters\evil_d_monsters\mine_worm\fs0\a_c_edm_mw_fs0_at.prs
\art\animations\characters\evil_d_monsters\mine_worm\fs0\a_c_edm_mw_fs0_at-02.prs
\art\animations\characters\evil_d_monsters\mine_worm\fs0\a_c_edm_mw_fs0_dff.prs
\art\animations\characters\evil_d_monsters\mine_worm\fs0\a_c_edm_mw_fs0_mg.prs
\art\animations\characters\evil_d_monsters\mine_worm\fs0\a_c_edm_mw_fs0_rv.prs
\art\terrain\generic\floor\t_xxx_flr_stalagmite-4e.sno
\sound\effects\s_e_env_lever_wood_small.wav
\sound\effects\s_e_env_elevator_start.wav
\sound\effects\s_e_env_elevator_stop.wav
\art\bitmaps\gui\in_game\inventory\weapons\axe\b_gui_ig_i_w_axe_159.%img%
\sound\music\s_m_dwarvenmines_02.mp3
\art\bitmaps\armor\shields\b_a_shd_072.%img%
\art\meshes\items\castle\m_i_csl_lantern-02.asp
\art\bitmaps\items\castle\b_i_csl_lantern-02.%img%
\art\bitmaps\terrain\dwarven_mine_1\wall\b_t_dm01_wal_08x08-g.%img%
\art\bitmaps\terrain\dwarven_mine_1\floor\b_t_dm01_flr_stg-08x08-c.%img%
\sound\effects\s_e_die_rat.wav
\art\bitmaps\terrain\dwarven_mine_1\wall\b_t_dm01_wal_04x08-c.%img%
\art\bitmaps\characters\evil_d_monsters\b_c_edm_sc-02.%img%
\sound\effects\s_e_call_worm.wav
\art\bitmaps\characters\evil_d_monsters\b_c_edm_mw.%img%
\art\bitmaps\sfx\b_sfx_rock_single_02.%img%
\art\bitmaps\sfx\b_sfx_rock_single_03.%img%
\art\bitmaps\sfx\b_sfx_rock_single_04.%img%
\art\bitmaps\items\caves\b_i_cav_hole-01.%img%
\world\maps\map_world\regions\dm_r8\terrain_nodes\siege_nodes.lnc
\world\maps\map_world\regions\dm_r8\terrain_nodes\dir.lqd18
\art\terrain\generic\hall\t_xxx_hal_cave-base-a.sno
\sound\effects\s_e_die_worm.wav
\art\terrain\generic\hall\t_xxx_hal_cave-sides-a.sno
\art\terrain\generic\hall\t_xxx_hal_cave-top-a.sno
\world\maps\map_world\regions\dm_r8\objects\dir.lqd18
\art\terrain\generic\wall\t_xxx_wal_04-pth-l.sno
\art\bitmaps\terrain\dwarven_mine_1\wall\b_t_dm01_wal_08x04-c.%img%
\art\meshes\characters\evil_d_monsters\darkling\m_c_edm_dg_pos_1.asp
\art\meshes\items\global\m_i_glb_frag-darkling-01.asp
\art\meshes\items\global\m_i_glb_frag-darkling-02.asp
\art\meshes\items\global\m_i_glb_frag-darkling-03.asp
\art\meshes\items\global\m_i_glb_frag-darkling-04.asp
\art\meshes\items\global\m_i_glb_frag-darkling-05.asp
\art\animations\characters\evil_d_monsters\darkling\fs0\a_c_edm_dg_fs0_dfs.prs
\art\animations\characters\evil_d_monsters\darkling\fs0\a_c_edm_dg_fs0_rl.prs
\art\animations\characters\evil_d_monsters\darkling\fs0\a_c_edm_dg_fs0_di.prs
\art\animations\characters\evil_d_monsters\darkling\fs0\a_c_edm_dg_fs0_mg.prs
\art\animations\characters\evil_d_monsters\darkling\fs0\a_c_edm_dg_fs0_dff.prs
\art\animations\characters\evil_d_monsters\darkling\fs0\a_c_edm_dg_fs0_dsf.prs
\art\animations\characters\evil_d_monsters\darkling\fs0\a_c_edm_dg_fs0_ds.prs
\art\bitmaps\characters\evil_d_monsters\b_c_edm_dg.%img%
\art\terrain\dwarven_mine_1\elevator\t_dm01_ele_crane-swivel-landing-180-big.sno
\sound\effects\s_e_call_insectoid.wav
\art\terrain\dwarven_mine_1\elevator\t_dm01_ele_crane-swivel-big.sno
\art\terrain\dwarven_mine_1\elevator\t_dm01_ele_crane-01.sno
\art\terrain\dwarven_mine_1\elevator\t_dm01_ele_crane-floor-big.sno
\art\bitmaps\terrain\dwarven_mine_1\b_t_dm01_steel1.%img%
\art\bitmaps\terrain\dwarven_mine_1\b_t_dm01_mtl-trim-1a.%img%
\art\terrain\dwarven_mine_1\elevator\t_dm01_ele_crane-swivel-landing-l.sno
\art\terrain\dwarven_mine_1\track\t_dm01_track_cave-08-base.sno
\art\bitmaps\terrain\dwarven_mine_1\wall\b_t_dm01_wal_08x08-a.%img%
\art\bitmaps\terrain\dwarven_mine_1\b_t_dm01_craneplanks-01.%img%
\art\bitmaps\terrain\dwarven_mine_1\b_t_dm01_cranesupport.%img%
\art\bitmaps\terrain\dwarven_mine_1\b_t_dm01_logend.%img%
\art\bitmaps\terrain\dwarven_mine_1\b_t_dm01_post-banded.%img%
\art\terrain\dwarven_mine_1\elevator\t_dm01_ele_crane-02-big.sno
\art\bitmaps\terrain\dwarven_mine_1\b_t_dm01_craneplanks-02.%img%
\sound\effects\s_e_env_crane_start.wav
\sound\effects\s_e_call_darkling.wav
\sound\effects\s_e_attack_darkling.wav
\art\bitmaps\sfx\b_sfx_star_01.%img%
\art\bitmaps\sfx\b_sfx_star_02.%img%
\sound\effects\s_e_env_crane_stop.wav
\art\terrain\dwarven_mine_1\track\t_dm01_track_cave-08-sides.sno
\art\terrain\dwarven_mine_1\track\t_dm01_track_cave-08-top.sno
\sound\effects\s_e_die_scorpion.wav
\sound\music\s_m_dwarvenmines_04.mp3
\art\bitmaps\armor\gauntlets\b_a_gntl_002.%img%
\art\bitmaps\gui\in_game\inventory\armor\gauntlet\b_gui_ig_i_a_gntl_002.%img%
\sound\effects\s_e_die_darkling.wav
\sound\effects\s_e_attack_mine_worm.wav
\art\bitmaps\characters\body_armor\type1\b_c_pos_a1_045.%img%
\sound\effects\s_e_gui_inventory_full.wav
\world\maps\map_world\regions\dm_r8a\terrain_nodes\siege_nodes.lnc
\world\maps\map_world\regions\dm_r8a\terrain_nodes\dir.lqd18
\art\terrain\dwarven_mine_1\track\t_dm01_track_turn.sno
\art\terrain\dwarven_mine_1\quarters\t_dm01_quarters_doorway-a.sno
\world\maps\map_world\regions\dm_r8a\objects\dir.lqd18
\art\terrain\dwarven_mine_1\quarters\t_dm01_quarters_wall-thick-support-a.sno
\art\terrain\dwarven_mine_1\quarters\t_dm01_quarters_flr-08x08-a.sno
\art\terrain\dwarven_mine_1\quarters\t_dm01_quarters_flr-04x04-a.sno
\art\terrain\dwarven_mine_1\quarters\t_dm01_quarters_door-a.sno
\art\terrain\dwarven_mine_1\quarters\t_dm01_quarters_doorway-cap-a.sno
\art\terrain\dwarven_mine_1\quarters\t_dm01_quarters_flr-08x04-a.sno
\art\terrain\dwarven_mine_1\quarters\t_dm01_quarters_wall-diag-l-a.sno
\art\meshes\items\global\m_i_glb_switch-06.asp
\art\animations\items\global\a_i_glb_switch-06-close.prs
\art\animations\items\global\a_i_glb_switch-06-open.prs
\art\meshes\items\global\m_i_glb_lamp-oil-01.asp
\art\terrain\dwarven_mine_1\quarters\t_dm01_quarters_cnr-cncv-b.sno
\art\meshes\items\castle\m_i_csl_banner-01.asp
\art\bitmaps\terrain\dwarven_mine_0\b_t_dm00_quarters-floor-a.%img%
\art\terrain\dwarven_mine_1\quarters\t_dm01_quarters_wall-thin-a.sno
\art\terrain\dwarven_mine_1\quarters\t_dm01_quarters_wall-fan-a.sno
\art\meshes\items\castle\m_i_csl_table-03.asp
\art\bitmaps\terrain\dwarven_mine_0\b_t_dm00_quarters-detail-a.%img%
\art\bitmaps\terrain\dwarven_mine_0\b_t_dm00_quarters-trim-b.%img%
\art\bitmaps\terrain\dwarven_mine_0\b_t_dm00_quarters-wall-b.%img%
\art\bitmaps\items\global\b_i_glb_switch-06.%img%
\art\bitmaps\items\global\b_i_glb_lamp-oil-01.%img%
\art\terrain\dwarven_mine_1\quarters\t_dm01_quarters_aque-wall-thick-a.sno
\art\terrain\dwarven_mine_1\quarters\t_dm01_quarters_aque-end-r-a.sno
\art\meshes\items\goblin_inv\m_i_gob_fan-08.asp
\art\bitmaps\terrain\goblin_inventor\dir.lqd18
\art\animations\skrits\infinite_loop_with_bias.skrit
\art\animations\items\goblin_inv\a_i_gob_fan-08-rotate.prs
\art\terrain\dwarven_mine_1\quarters\t_dm01_quarters_aque-h2o-a.sno
\art\terrain\dwarven_mine_1\t_dm01_gib-machine.sno
\art\terrain\dwarven_mine_1\quarters\t_dm01_quarters_aque-cnr-cncv-r-a.sno
\art\terrain\dwarven_mine_1\t_dm01_gib-machine-trap.sno
\art\meshes\items\caves\m_i_cav_trapdoor-01.asp
\art\animations\items\caves\a_i_cav_trapdoor-01-open.prs
\art\animations\items\caves\a_i_cav_trapdoor-01-close.prs
\art\bitmaps\items\castle\b_i_csl_banner-01.%img%
\art\bitmaps\items\castle\b_i_csl_table-03.%img%
\art\bitmaps\terrain\dwarven_mine_0\b_t_dm00_quarters-wall-fan-a.%img%
\art\meshes\items\caves\m_i_cav_roller-01.asp
\art\bitmaps\terrain\dwarven_mine_0\b_t_dm00_quarters-h2o-04x01-a.%img%
\art\bitmaps\terrain\dwarven_mine_0\b_t_dm00_quarters-h2o-04x01-dynamic.%img%
\art\bitmaps\terrain\goblin_inventor\b_t_gi_pipe-big.%img%
\art\bitmaps\terrain\dwarven_mine_1\wall\b_t_dm01_wal_08x04-d.%img%
\art\bitmaps\terrain\dwarven_mine_1\b_t_dm01_machine-floor2.%img%
\art\bitmaps\terrain\dwarven_mine_1\b_t_dm01_machine-floor1.%img%
\art\bitmaps\terrain\dwarven_mine_1\b_t_dm01_grate.%img%
\art\bitmaps\items\caves\b_i_cav_trapdoor-01.%img%
\art\bitmaps\items\caves\b_i_cav_roller-01.%img%
\art\terrain\dwarven_mine_1\quarters\t_dm01_quarters_silo-a.sno
\art\meshes\items\global\m_i_glb_lamp-oil-03.asp
\art\meshes\items\global\m_i_glb_dead_dwarf-foreman-02.asp
\art\meshes\items\castle\m_i_csl_cauldron.asp
\art\meshes\items\goblin_inv\m_i_gob_pipe-01.asp
\art\meshes\items\goblin_inv\m_i_gob_valve-01.asp
\art\bitmaps\items\global\b_i_glb_lamp-oil-03.%img%
\art\bitmaps\items\castle\b_i_csl_cauldron.%img%
\art\bitmaps\items\goblin_inv\b_i_gob_boiler.%img%
\art\bitmaps\items\goblin_inv\b_i_gob_valve-01.%img%
\sound\effects\s_e_env_machinery.wav
\art\terrain\dwarven_mine_1\quarters\t_dm01_quarters_wall-thin-support-a.sno
\art\terrain\dwarven_mine_1\quarters\t_dm01_quarters_oven-a.sno
\art\terrain\dwarven_mine_1\quarters\t_dm01_quarters_aque-end-l-a.sno
\art\terrain\dwarven_mine_1\quarters\t_dm01_quarters_cnr-cnvx-a.sno
\art\terrain\dwarven_mine_1\quarters\t_dm01_quarters_aque-start-r-a.sno
\art\terrain\dwarven_mine_1\quarters\t_dm01_quarters_aque-wall-pipe-a.sno
\art\terrain\dwarven_mine_1\quarters\t_dm01_quarters_cnr-cncv-a.sno
\art\meshes\items\global\m_i_glb_rack-cutlery.asp
\art\bitmaps\terrain\dwarven_mine_0\b_t_dm00_quarters-h2o-01x04-a.%img%
\art\bitmaps\terrain\dwarven_mine_0\b_t_dm00_quarters-h2o-01x04-dynamic.%img%
\art\bitmaps\items\global\b_i_glb_rack-cutlery.%img%
\art\terrain\dwarven_mine_1\track\t_dm01_track_ele-1a.sno
\art\terrain\dwarven_mine_1\track\t_dm01_track_ele-1b.sno
\art\meshes\characters\evil_d_monsters\moth\m_c_edm_mo_pos_1.asp
\art\meshes\items\global\m_i_glb_frag-moth-01.asp
\art\meshes\items\global\m_i_glb_frag-moth-02.asp
\art\meshes\items\global\m_i_glb_frag-moth-03.asp
\art\meshes\items\global\m_i_glb_frag-moth-04.asp
\art\meshes\items\global\m_i_glb_frag-moth-05.asp
\art\animations\characters\evil_d_monsters\moth\fs0\a_c_edm_mo_fs0_dfs.prs
\art\animations\characters\evil_d_monsters\moth\fs0\a_c_edm_mo_fs0_fl.prs
\art\animations\characters\evil_d_monsters\moth\fs0\a_c_edm_mo_fs0_di.prs
\art\animations\characters\evil_d_monsters\moth\fs0\a_c_edm_mo_fs0_at.prs
\art\animations\characters\evil_d_monsters\moth\fs0\a_c_edm_mo_fs0_dff.prs
\art\bitmaps\characters\evil_d_monsters\b_c_edm_mo.%img%
\art\bitmaps\armor\gauntlets\b_a_gntl_034.%img%
\art\bitmaps\gui\in_game\inventory\armor\gauntlet\b_gui_ig_i_a_gntl_034.%img%
\art\bitmaps\characters\body_armor\type1\b_c_pos_a1_001.%img%
\sound\effects\s_e_attack_moth.wav
\sound\effects\s_e_die_moth.wav
\sound\effects\s_e_attack_rock_beast.wav
\art\bitmaps\armor\shields\b_a_shd_010.%img%
\sound\music\s_m_dwarvenmines_03.mp3
\art\bitmaps\characters\body_armor\type1\b_c_pos_a1_046.%img%
\art\bitmaps\characters\body_armor\type3\b_c_pos_a3_035.%img%
\sound\effects\s_e_gui_put_down_armor_plate.wav
\art\bitmaps\gui\in_game\inventory\armor\body_armor\b_gui_ig_i_a_pos_a3_035.%img%
\art\bitmaps\terrain\dwarven_mine_1\wall\b_t_dm01_wal_08x08-k.%img%
\art\terrain\dwarven_mine_1\elevator\t_dm01_ele_crane-swivel-landing-r-big.sno
\art\bitmaps\terrain\dwarven_mine_1\wall\b_t_dm01_wal_08x08-j.%img%
\art\terrain\dwarven_mine_1\elevator\t_dm01_ele_crane-swivel-landing-l-big.sno
\world\maps\map_world\regions\dm_r11\terrain_nodes\siege_nodes.lnc
\world\maps\map_world\regions\dm_r11\terrain_nodes\dir.lqd18
\art\meshes\characters\evil_d_monsters\horrid\m_c_edm_hd_pos_1.asp
\art\meshes\weapons\club\m_w_clb_009.asp
\art\animations\characters\evil_d_monsters\horrid\fs1\a_c_edm_hd_fs1_dfs.prs
\art\animations\characters\evil_d_monsters\horrid\fs1\a_c_edm_hd_fs1_wl.prs
\art\animations\characters\evil_d_monsters\horrid\fs1\a_c_edm_hd_fs1_di.prs
\art\animations\characters\evil_d_monsters\horrid\fs1\a_c_edm_hd_fs1_at.prs
\art\animations\characters\evil_d_monsters\horrid\fs1\a_c_edm_hd_fs1_at-02.prs
\art\animations\characters\evil_d_monsters\horrid\fs1\a_c_edm_hd_fs1_dff.prs
\art\animations\characters\evil_d_monsters\horrid\fs1\a_c_edm_hd_fs1_dff-02.prs
\art\bitmaps\characters\evil_d_monsters\b_c_edm_hd.%img%
\world\maps\map_world\regions\dm_r11\objects\dir.lqd18
\sound\effects\s_e_hit_horrid.wav
\sound\effects\s_e_die_horrid.wav
\art\bitmaps\armor\gauntlets\b_a_gntl_017.%img%
\art\bitmaps\gui\in_game\inventory\armor\gauntlet\b_gui_ig_i_a_gntl_017.%img%
\art\bitmaps\gui\in_game\inventory\weapons\club\b_gui_ig_i_w_clb_009.%img%
\art\meshes\items\castle\m_i_csl_chair-04.asp
\art\bitmaps\items\castle\b_i_csl_table-01.%img%
\art\meshes\items\castle\m_i_csl_table-01.asp
\art\meshes\characters\evil_a_monsters\krug_commander\m_c_eam_kc_pos_1.asp
\art\bitmaps\characters\evil_a_monsters\b_c_eam_kc.%img%
\art\meshes\weapons\staff\m_w_stf_059.asp
\sound\music\s_m_dwarvenmines_05.mp3
\art\bitmaps\gui\in_game\inventory\armor\shield\b_gui_ig_i_a_shd_027.%img%
\art\meshes\weapons\axe\m_w_axe_066.asp
\art\meshes\items\caves\m_i_cav_crate-02.asp
\art\bitmaps\items\caves\b_i_cav_crate-02.%img%
\art\meshes\items\caves\m_i_cav_crate-03.asp
\art\bitmaps\items\caves\b_i_cav_crate-03.%img%
\art\bitmaps\gui\in_game\inventory\weapons\axe\b_gui_ig_i_w_axe_090.%img%
\art\bitmaps\gui\in_game\inventory\icons\b_gui_ig_i_ic_axe_003.%img%
\art\bitmaps\terrain\dwarven_mine_1\floor\b_t_dm01_flr_dtl-08x08-a.%img%
\art\bitmaps\armor\boots\b_a_boot_011.%img%
\world\ai\jobs\actors\good\job_talk_torg.skrit
\art\meshes\items\global\m_i_glb_ring-01.asp
\art\meshes\armor\suits\m_a_suit_a4.asp
\art\bitmaps\characters\body_armor\type4\dir.lqd18
\art\meshes\items\global\m_i_glb_dead_krug-03.asp
\art\terrain\dwarven_mine_1\elevator\t_dm01_ele_exit-base.sno
\world\maps\map_world\regions\path2nt\terrain_nodes\siege_nodes.lnc
\world\maps\map_world\regions\path2nt\terrain_nodes\dir.lqd18
\art\terrain\dwarven_mine_1\elevator\t_dm01_ele_exit.sno
\art\terrain\dwarven_mine_1\elevator\t_dm01_ele_exit-base-door.sno
\art\terrain\dwarven_mine_1\t_dm01_cap-ele-exit-a.sno
\art\terrain\dwarven_mine_1\elevator\t_dm01_ele_exit-shaft.sno
\art\meshes\items\caves\m_i_cav_gate-log.asp
\art\animations\items\caves\a_i_cav_gate-log-open.prs
\art\animations\items\caves\a_i_cav_gate-log-close.prs
\art\bitmaps\terrain\dwarven_mine_0\b_t_dm00_exit-elevator-floor-a.%img%
\art\bitmaps\terrain\dwarven_mine_0\b_t_dm00_exit-elevator-floor-c.%img%
\art\bitmaps\items\caves\b_i_cav_gate-log.%img%
\art\terrain\dwarven_mine_1\elevator\t_dm01_ele_exit-top.sno
\art\bitmaps\terrain\snow_2\dir.lqd18
\art\bitmaps\terrain\snow_2\path\dir.lqd18
\art\bitmaps\terrain\dwarven_mine_0\b_t_dm00_exit-rock-01a.%img%
\art\bitmaps\terrain\dwarven_mine_0\b_t_dm00_exit-rock-02b.%img%
\art\bitmaps\terrain\snow_2\floor\dir.lqd18
\world\maps\map_world\regions\path2nt\objects\dir.lqd18
\art\bitmaps\terrain\snow_2\wall\dir.lqd18
\art\terrain\dwarven_mine_1\elevator\t_dm01_ele_exit-minehead.sno
\art\terrain\dwarven_mine_1\elevator\t_dm01_ele_exit-housing.sno
\art\bitmaps\items\ice\dir.lqd18
\art\terrain\dwarven_mine_1\elevator\t_dm01_ele_exit-roof.sno
\art\meshes\items\global\m_i_glb_tree-dead-03.asp
\art\meshes\characters\evil_d_monsters\klaw\m_c_edm_kw_pos_1.asp
\art\bitmaps\terrain\dwarven_mine_0\b_t_dm00_exit-rock-02a.%img%
\art\bitmaps\terrain\dwarven_mine_0\b_t_dm00_exit-rock-03b.%img%
\art\bitmaps\terrain\dwarven_mine_0\b_t_dm00_exit-rock-03a.%img%
\art\meshes\items\global\m_i_glb_tree-pine-group-03.asp
\art\meshes\items\ice\m_i_ice_sign-glacern-02.asp
\art\bitmaps\terrain\snow_2\path\b_t_sn02_pth_08x04-f.%img%
\art\bitmaps\terrain\snow_2\path\b_t_sn02_pth_08x08-a.%img%
\art\bitmaps\terrain\snow_2\path\b_t_sn02_pth_04x04-c.%img%
\art\bitmaps\terrain\snow_2\floor\b_t_sn02_flr_04x04-a.%img%
\art\bitmaps\terrain\snow_2\path\b_t_sn02_pth_08x04-d.%img%
\art\bitmaps\terrain\snow_2\wall\b_t_sn02_wal_08x08-d.%img%
\art\terrain\dwarven_mine_1\elevator\t_dm01_ele_exit-crane.sno
\art\bitmaps\terrain\snow_2\wall\b_t_sn02_wal_08x08-b.%img%
\art\bitmaps\terrain\snow_2\wall\b_t_sn02_wal_08x08-f.%img%
\art\bitmaps\terrain\dwarven_mine_0\b_t_dm00_exit-elevator-floor-b.%img%
\art\bitmaps\terrain\dwarven_mine_0\b_t_dm00_metalroof-snow-8a.%img%
\art\bitmaps\items\ice\b_i_ice_lamp-posts.%img%
\sound\effects\s_e_env_wolf_howl.wav
\art\bitmaps\terrain\dwarven_mine_0\b_t_dm00_exit-elevator-a.%img%
\art\bitmaps\terrain\northern_town\b_t_nt_icesicles.%img%
\art\bitmaps\terrain\snow_2\path\b_t_sn02_pth_04x04-e.%img%
\art\bitmaps\terrain\snow_2\path\b_t_sn02_pth_08x04-a.%img%
\art\bitmaps\terrain\snow_2\wall\b_t_sn02_wal_04x08-a.%img%
\art\bitmaps\terrain\snow_2\wall\b_t_sn02_wal_08x08-c.%img%
\art\bitmaps\items\ice\b_i_ice_tree-pine.%img%
\art\bitmaps\terrain\snow_2\path\b_t_sn02_pth_08x04-c.%img%
\art\bitmaps\terrain\snow_2\wall\b_t_sn02_wal_04x04-c.%img%
\art\bitmaps\items\ice\b_i_ice_bush-rhod.%img%
\art\bitmaps\items\ice\b_i_ice_dead-tree-01.%img%
\art\bitmaps\terrain\snow_2\path\b_t_sn02_pth_04x04-b.%img%
\art\bitmaps\terrain\snow_2\wall\b_t_sn02_wal_08x08-a.%img%
\art\bitmaps\terrain\snow_2\path\b_t_sn02_pth_08x04-e.%img%
\art\bitmaps\terrain\snow_2\wall\b_t_sn02_wal_08x04-a.%img%
\art\bitmaps\terrain\snow_2\floor\b_t_sn02_flr_brdr-cnr-04x04-a.%img%
\art\bitmaps\terrain\snow_2\floor\b_t_sn02_flr_brdr-strght-04x04-a.%img%
\art\bitmaps\terrain\snow_2\wall\b_t_sn02_wal_04x08-b.%img%
\art\bitmaps\terrain\snow_2\floor\b_t_sn02_flr_brdr-strght-08x04-a.%img%
\art\bitmaps\characters\evil_d_monsters\b_c_edm_wf-03.%img%
\art\bitmaps\items\ice\b_i_ice_tree-pine-giant.%img%
\art\bitmaps\items\ice\b_i_ice_post-01.%img%
\art\bitmaps\items\ice\b_i_ice_sign-01.%img%
\art\bitmaps\items\ice\b_i_ice_rock.%img%
\art\bitmaps\terrain\snow_2\wall\b_t_sn02_wal_08x08-j.%img%
\art\bitmaps\terrain\snow_2\path\b_t_sn02_pth_08x04-b.%img%
\art\bitmaps\terrain\snow_2\wall\b_t_sn02_wal_08x04-c.%img%
\art\bitmaps\terrain\snow_2\path\b_t_sn02_pth_04x04-d.%img%
\art\bitmaps\items\ice\b_i_ice_sign-glacern-02.%img%
\art\bitmaps\items\caves\b_i_cav_gear-01.%img%
\art\bitmaps\items\ice\b_i_ice_chest-open.%img%
\art\animations\characters\evil_d_monsters\klaw\fs0\a_c_edm_kw_fs0_ds.prs
\art\animations\characters\evil_d_monsters\klaw\fs0\a_c_edm_kw_fs0_wl.prs
\art\animations\characters\evil_d_monsters\klaw\fs0\a_c_edm_kw_fs0_di.prs
\art\animations\characters\evil_d_monsters\klaw\fs0\a_c_edm_kw_fs0_at.prs
\art\animations\characters\evil_d_monsters\klaw\fs0\a_c_edm_kw_fs0_dff.prs
\art\bitmaps\terrain\snow_2\floor\b_t_sn02_flr_dtl-08x08-a.%img%
\art\bitmaps\characters\evil_d_monsters\b_c_edm_kw.%img%
\art\bitmaps\items\ice\b_i_ice_log-split.%img%
\art\bitmaps\items\global\b_i_glb_ring-01.%img%
\art\bitmaps\armor\boots\b_a_boot_018.%img%
\art\bitmaps\gui\in_game\inventory\armor\boot\b_gui_ig_i_a_boot_018.%img%
\sound\effects\s_e_hit_darkling.wav
\art\bitmaps\gui\in_game\inventory\items\b_gui_ig_i_it_ring_003.%img%
\art\bitmaps\terrain\snow_2\b_t_sn02_ele-logplain.%img%
\art\bitmaps\terrain\snow_2\b_t_sn02_ele-logend.%img%
\art\bitmaps\items\ice\b_i_ice_barrel.%img%
\art\bitmaps\items\ice\b_i_ice_crate.%img%
\art\bitmaps\terrain\snow_2\path\b_t_sn02_pth_04x04-a.%img%
\art\bitmaps\terrain\snow_2\wall\b_t_sn02_wal_08x08-k.%img%
\sound\effects\s_e_env_button_metal.wav
\art\bitmaps\characters\body_armor\type3\b_c_pos_a3_004.%img%
\sound\music\s_m_dwarvenmines_06.mp3
\sound\music\s_m_glacern_01.mp3
\art\terrain\generic\ramp\t_xxx_rmp_pth-traverse-l.sno
\sound\effects\s_e_call_klaw.wav
\art\bitmaps\terrain\snow_2\wall\b_t_sn02_wal_08x08-h.%img%
\art\bitmaps\items\ice\b_i_ice_log-hollow.%img%
\art\meshes\characters\evil_c_monsters\braak\m_c_ecm_bk_pos_1.asp
\art\animations\characters\evil_c_monsters\braak\fs0\a_c_ecm_bk_fs0_dfs.prs
\art\animations\characters\evil_c_monsters\braak\fs0\a_c_ecm_bk_fs0_wl.prs
\art\animations\characters\evil_c_monsters\braak\fs0\a_c_ecm_bk_fs0_di.prs
\art\animations\characters\evil_c_monsters\braak\fs0\a_c_ecm_bk_fs0_at.prs
\art\animations\characters\evil_c_monsters\braak\fs0\a_c_ecm_bk_fs0_at-02.prs
\art\animations\characters\evil_c_monsters\braak\fs0\a_c_ecm_bk_fs0_dff.prs
\art\animations\characters\evil_c_monsters\braak\fs0\a_c_ecm_bk_fs0_mg.prs
\art\animations\characters\evil_c_monsters\braak\fs0\a_c_ecm_bk_fs0_ds.prs
\art\bitmaps\characters\evil_c_monsters\b_c_ecm_bk-02.%img%
\art\bitmaps\items\ice\b_i_ice_logs.%img%
\sound\effects\s_e_attack_braak_mage.wav
\art\bitmaps\sfx\b_sfx_010.%img%
\art\meshes\items\global\m_i_glb_log-06.asp
\sound\effects\s_e_spell_iceshard_hit.wav
\sound\effects\s_e_die_klaw.wav
\art\terrain\generic\ramp\t_xxx_rmp_pth-traverse-r.sno
\art\bitmaps\terrain\snow_2\wall\b_t_sn02_wal_08x08-i.%img%
\art\terrain\generic\path\t_xxx_pth_08x08-c.sno
\art\bitmaps\items\ice\b_i_ice_log-chopped.%img%
\art\meshes\items\global\m_i_glb_tree-uproot.asp
\art\bitmaps\terrain\snow_2\path\b_t_sn02_pth_08x08-c.%img%
\art\bitmaps\items\ice\b_i_ice_tree-uproot.%img%
\art\meshes\items\ice\m_i_ice_sign-glacern.asp
\art\bitmaps\items\ice\b_i_ice_sign-glacern.%img%
\art\terrain\snow_customs\t_sc01_portal-ice-base-back-a.sno
\world\maps\map_world\regions\fc_r1\terrain_nodes\siege_nodes.lnc
\world\maps\map_world\regions\fc_r1\terrain_nodes\dir.lqd18
\art\terrain\snow_customs\t_sc01_portal-ice-side-back-a.sno
\art\terrain\snow_customs\t_sc01_portal-ice-top-back-a.sno
\art\terrain\snow_customs\t_sc01_portal-ice-base-front-a.sno
\art\bitmaps\terrain\ice_caves\dir.lqd18
\art\bitmaps\terrain\ice_caves\wall\dir.lqd18
\art\bitmaps\terrain\ice_caves\floor\dir.lqd18
\art\meshes\characters\evil_d_monsters\furok\m_c_edm_fr_pos_1.asp
\world\maps\map_world\regions\fc_r1\objects\dir.lqd18
\art\animations\characters\evil_d_monsters\furok\fs0\a_c_edm_fr_fs0_ds.prs
\art\animations\characters\evil_d_monsters\furok\fs0\a_c_edm_fr_fs0_wl.prs
\art\animations\characters\evil_d_monsters\furok\fs0\a_c_edm_fr_fs0_di.prs
\art\animations\characters\evil_d_monsters\furok\fs0\a_c_edm_fr_fs0_at.prs
\art\animations\characters\evil_d_monsters\furok\fs0\a_c_edm_fr_fs0_dff.prs
\art\terrain\snow_customs\t_sc01_portal-ice-side-front-a.sno
\art\terrain\snow_customs\t_sc01_portal-ice-top-front-a.sno
\art\bitmaps\terrain\snow_2\b_t_sn02_portal-flr-a.%img%
\art\bitmaps\terrain\snow_2\b_t_sn02_portal-tx-wall-04x04-a.%img%
\art\bitmaps\terrain\snow_2\path\b_t_sn02_pth_08x04-g.%img%
\art\bitmaps\terrain\snow_2\wall\b_t_sn02_wal_04x04-a.%img%
\art\bitmaps\terrain\ice_caves\wall\b_t_ic01_wal_08x08-c.%img%
\art\bitmaps\terrain\ice_caves\wall\b_t_ic01_wal_08x08-d.%img%
\art\bitmaps\terrain\ice_caves\floor\b_t_ic01_flr_04x04-a.%img%
\art\bitmaps\terrain\ice_caves\wall\b_t_ic01_wal_08x08-a.%img%
\art\bitmaps\characters\evil_d_monsters\b_c_edm_fr.%img%
\art\bitmaps\terrain\snow_2\b_t_sn02_portal-tx-wall-04x04-b.%img%
\sound\music\s_m_glacern_02.mp3
\art\bitmaps\terrain\ice_caves\wall\b_t_ic01_wal_08x08-b.%img%
\art\bitmaps\terrain\ice_caves\wall\b_t_ic01_wal_04x08-a.%img%
\art\bitmaps\terrain\ice_caves\wall\b_t_ic01_wal_08x04-a.%img%
\art\bitmaps\terrain\ice_caves\wall\b_t_ic01_wal_04x04-c.%img%
\art\meshes\weapons\bow\m_w_bow_030.asp
\art\meshes\items\ice\m_i_ice_icicles-01.asp
\art\bitmaps\characters\evil_d_monsters\b_c_edm_kw-03.%img%
\art\bitmaps\items\ice\b_i_ice_icicles-01.%img%
\art\bitmaps\terrain\snow_2\path\b_t_sn02_pth_08x08-f.%img%
\art\meshes\items\global\m_i_glb_crate-01.asp
\art\bitmaps\items\ice\b_i_ice_supplies-01.%img%
\art\bitmaps\terrain\snow_2\floor\b_t_sn02_flr_dtl-08x08-b.%img%
\world\maps\map_world\regions\nt_r1\terrain_nodes\siege_nodes.lnc
\world\maps\map_world\regions\nt_r1\terrain_nodes\dir.lqd18
\art\bitmaps\gui\in_game\inventory\weapons\bow\b_gui_ig_i_w_bow_079.%img%
\art\terrain\northern_town\t_nt03_path_4a.sno
\world\maps\map_world\regions\nt_r1\objects\dir.lqd18
\art\terrain\northern_town\t_nt03_path_8b.sno
\art\bitmaps\terrain\snow_2\b_t_sn02_pth-4f.%img%
\art\terrain\northern_town\t_nt03_path_8d.sno
\art\bitmaps\terrain\snow_2\b_t_sn02_pth-8w.%img%
\art\bitmaps\terrain\snow_2\wall\b_t_sn02_wal_08x04-b.%img%
\art\bitmaps\terrain\snow_2\b_t_sn02_pth-8y.%img%
\sound\effects\s_e_die_furok.wav
\art\bitmaps\terrain\snow_2\wall\b_t_sn02_wal_08x08-g.%img%
\art\terrain\northern_town\t_nt03_path_8e.sno
\art\bitmaps\terrain\snow_2\b_t_sn02_pth-8s.%img%
\sound\music\s_m_glacern_06.mp3
\sound\music\s_m_glacern_05.mp3
\art\terrain\northern_town\t_nt03_path_8g.sno
\art\terrain\northern_town\t_nt03_path_8a.sno
\art\bitmaps\terrain\snow_2\b_t_sn02_pth-8q.%img%
\art\terrain\northern_town\t_nt01_towngate.sno
\art\meshes\armor\helmets\m_a_hlmt_type2.asp
\art\meshes\characters\good_a_heroes\farmboy\helmets\m_c_gah_fb_hlmt_type2.asp
\art\meshes\items\global\m_i_glb_legion-banner.asp
\art\bitmaps\terrain\snow_2\b_t_sn02_pth-8r.%img%
\art\bitmaps\characters\good_a_heroes\farmboy\b_c_gah_fb_skin_004.%img%
\art\bitmaps\armor\helmets\b_a_hlmt_002.%img%
\art\bitmaps\items\global\b_i_glb_legion-banner.%img%
\art\terrain\northern_town\t_nt03_bridgewall_5b.sno
\art\terrain\northern_town\t_nt01_towngate-top.sno
\art\meshes\items\ice\m_i_ice_gate-door.asp
\art\animations\items\ice\a_i_ice_gate-door-open.prs
\art\animations\items\ice\a_i_ice_gate-door-close.prs
\art\meshes\items\ice\m_i_ice_gate-door-r.asp
\art\animations\items\ice\a_i_ice_gate-door-r-open.prs
\art\animations\items\ice\a_i_ice_gate-door-r-close.prs
\art\meshes\items\castle\m_i_csl_lantern-01.asp
\art\meshes\items\ice\m_i_ice_sign-glacern-gate.asp
\art\bitmaps\terrain\northern_town\b_t_nt_chimey-rock.%img%
\art\bitmaps\terrain\farmhouse\b_t_fh00_logsides-8a.%img%
\art\bitmaps\terrain\northern_town\b_t_nt_logends-snow-2x4a.%img%
\art\bitmaps\terrain\northern_town\b_t_nt_towngate-log.%img%
\art\bitmaps\items\ice\b_i_ice_gate-door.%img%
\art\bitmaps\items\castle\b_i_csl_lantern-01.%img%
\art\bitmaps\items\ice\b_i_ice_sign-glacern-gate.%img%
\art\bitmaps\terrain\northern_town\b_t_nt_towngate-log-horz.%img%
\art\terrain\northern_town\t_nt03_bridge_5a.sno
\art\bitmaps\terrain\snow_2\b_t_sn02_rampbridge-256-01.%img%
\art\bitmaps\terrain\snow_2\b_t_sn02_bridgecliff-256-01.%img%
\art\bitmaps\terrain\snow_2\b_t_sn02_bridgeside-128-01.%img%
\art\bitmaps\terrain\snow_2\b_t_sn02_bridgefloor-128-01.%img%
\art\bitmaps\terrain\snow_2\b_t_sn02_bridgeside-128-02.%img%
\art\terrain\northern_town\t_nt03_path_8f.sno
\art\bitmaps\terrain\northern_town\path\dir.lqd18
\art\bitmaps\terrain\snow_2\b_t_sn02_pth-8t.%img%
\art\terrain\northern_town\t_nt01_watchtower.sno
\art\meshes\items\global\m_i_glb_lamp-post-02.asp
\art\terrain\northern_town\t_nt01_watchtower-roof.sno
\art\terrain\northern_town\t_nt01_watchtower-walkway.sno
\art\terrain\northern_town\t_nt01_watchtower-ele-strip-top.sno
\art\terrain\northern_town\t_nt01_watchtower-ele-strip-btm.sno
\art\terrain\northern_town\t_nt01_watchtower-ele-plank.sno
\art\meshes\items\global\m_i_glb_switch-04.asp
\art\animations\items\global\a_i_glb_switch-04-open.prs
\art\animations\items\global\a_i_glb_switch-04-close.prs
\world\ai\jobs\actors\good\job_talk_guard_ranged_lore_book.skrit
\art\terrain\northern_town\t_nt01_house-1.sno
\art\bitmaps\terrain\northern_town\b_t_nt_bsmithwall.%img%
\art\bitmaps\terrain\northern_town\b_t_nt_woodboard-snowcovered.%img%
\art\bitmaps\terrain\northern_town\path\b_t_nt_pth_08x04-d.%img%
\art\bitmaps\terrain\northern_town\path\b_t_nt_pth_04x04-b.%img%
\art\bitmaps\terrain\northern_town\path\b_t_nt_pth_08x04-b.%img%
\art\bitmaps\terrain\northern_town\path\b_t_nt_pth_08x04-g.%img%
\art\bitmaps\terrain\northern_town\b_t_nt_roof-8x8.%img%
\art\bitmaps\items\global\b_i_glb_switch-04.%img%
\art\terrain\northern_town\t_nt01_house1-roof.sno
\art\terrain\northern_town\t_nt01_house-1-door-top.sno
\art\meshes\items\global\m_i_glb_door-03-r.asp
\art\meshes\characters\good_a_heroes\farmgirl\m_c_gah_fg_pos_a3.asp
\art\meshes\characters\good_a_heroes\farmgirl\boots\m_c_gah_fg_boot_type1_a.asp
\art\meshes\characters\good_a_heroes\farmgirl\gauntlets\m_c_gah_fg_gntl_type1_a.asp
\art\bitmaps\terrain\northern_town\b_t_nt_ext-doorjam.%img%
\art\bitmaps\terrain\northern_town\b_t_nt_ext-rockwall4x4.%img%
\art\bitmaps\terrain\northern_town\b_t_nt_ext-windowframe.%img%
\art\bitmaps\terrain\northern_town\b_t_nt_glasswindow.%img%
\art\bitmaps\terrain\northern_town\b_t_nt_fireplace-front.%img%
\art\bitmaps\terrain\northern_town\b_t_nt_fireplace-rock.%img%
\art\bitmaps\terrain\northern_town\path\b_t_nt_pth_08x04-c.%img%
\art\bitmaps\terrain\northern_town\path\b_t_nt_pth_04x04-e.%img%
\art\bitmaps\terrain\northern_town\path\b_t_nt_pth_04x04-a.%img%
\art\bitmaps\terrain\northern_town\b_t_nt_roof1.%img%
\art\bitmaps\terrain\northern_town\b_t_nt_shingle.%img%
\art\bitmaps\terrain\northern_town\b_t_nt_shingle-snow.%img%
\art\bitmaps\items\ice\b_i_ice_door-01.%img%
\art\bitmaps\characters\good_a_heroes\farmgirl\b_c_gah_fg_skin_05.%img%
\art\bitmaps\armor\gauntlets\b_a_gntl_011.%img%
\art\bitmaps\items\ice\b_i_ice_wood-pile.%img%
\art\bitmaps\terrain\northern_town\path\b_t_nt_pth_08x04-a.%img%
\sound\music\s_m_glacern_08.mp3
\sound\effects\s_e_env_volcanic_geyser.wav
\world\maps\map_world\regions\nt_r1\conversations\dir.lqd18
\sound\voices\s_v_chapter_2.mp3
\art\terrain\northern_town\t_nt01_tavern.sno
\art\terrain\northern_town\t_nt01_tavern-stairs.sno
\art\meshes\items\global\m_i_glb_statue-01.asp
\art\bitmaps\terrain\northern_town\path\b_t_nt_pth_08x04-f.%img%
\art\bitmaps\terrain\northern_town\path\b_t_nt_pth_08x08-a.%img%
\art\bitmaps\sfx\b_sfx_lightray01.%img%
\art\bitmaps\items\ice\b_i_ice_statue-01.%img%
\sound\music\s_m_glacern_04.mp3
\art\terrain\northern_town\t_nt01_tavern-lv2.sno
\art\terrain\northern_town\t_nt01_tavern-door-top.sno
\art\terrain\northern_town\t_nt01_tavern-roof.sno
\art\terrain\northern_town\t_nt01_tavern-lv2-door-top.sno
\world\ai\jobs\actors\good\job_talk_ibsen.skrit
\world\ai\jobs\actors\good\job_talk_goquua.skrit
\art\meshes\characters\good_a_npc\dwarf\m_c_gan_df_pos_a7.asp
\art\meshes\characters\good_a_npc\dwarf\boots\m_c_gan_df_boot_type1_c.asp
\world\ai\jobs\actors\good\job_talk_kroduk.skrit
\art\terrain\northern_town\t_nt01_magicshop.sno
\art\meshes\items\global\m_i_glb_bench-02.asp
\art\meshes\items\castle\m_i_csl_rug-runner-01.asp
\art\meshes\items\ice\m_i_ice_sign-inn-01.asp
\art\meshes\items\castle\m_i_csl_rug-01.asp
\art\terrain\northern_town\t_nt01_magicshop-roof.sno
\sound\effects\s_e_env_tavern.wav
\art\terrain\northern_town\t_nt01_magicshop-door-top.sno
\art\meshes\items\global\m_i_glb_bed-02.asp
\art\meshes\items\global\m_i_glb_frag-ice-11.asp
\art\meshes\items\global\m_i_glb_door-03-l.asp
\art\meshes\items\global\m_i_glb_statue-azunai-02.asp
\world\ai\jobs\actors\good\job_talk_ardun.skrit
\art\bitmaps\terrain\northern_town\path\b_t_nt_pth_08x04-h.%img%
\art\bitmaps\terrain\northern_town\b_t_nt_logwall.%img%
\art\bitmaps\terrain\northern_town\b_t_nt_logwall-beam.%img%
\art\bitmaps\terrain\northern_town\b_t_nt_wood-brown.%img%
\art\bitmaps\terrain\northern_town\b_t_nt_bsmithfloor.%img%
\art\bitmaps\terrain\northern_town\b_t_nt_logwindowframe.%img%
\art\bitmaps\terrain\northern_town\b_t_nt_bigwindow.%img%
\art\bitmaps\terrain\northern_town\b_t_nt_int-woodenframe.%img%
\art\bitmaps\terrain\northern_town\b_t_nt_bsmithrock-detail.%img%
\art\bitmaps\terrain\northern_town\path\b_t_nt_pth_04x04-c.%img%
\art\bitmaps\terrain\northern_town\b_t_nt_chimney-end.%img%
\art\bitmaps\characters\good_a_heroes\farmboy\b_c_gah_fb_skin_16.%img%
\art\bitmaps\characters\body_armor\type1\b_c_pos_a1_031.%img%
\art\bitmaps\characters\good_a_heroes\farmgirl\b_c_gah_fg_skin_14.%img%
\art\bitmaps\characters\body_armor\b1\b_c_pos_b1_007.%img%
\art\meshes\items\castle\m_i_csl_woodcarving.asp
\art\meshes\items\castle\m_i_csl_stand-01.asp
\art\meshes\items\global\m_i_glb_wall-lamp-01.asp
\art\meshes\items\ice\m_i_ice_sign-magicshop-01.asp
\art\bitmaps\characters\good_a_npc\dwarf\b_c_gan_df_skin_05.%img%
\art\bitmaps\characters\body_armor\type7\b_c_pos_a7_032.%img%
\art\bitmaps\characters\good_a_heroes\farmboy\b_c_gah_fb_skin_37.%img%
\art\bitmaps\armor\shields\b_a_shd_079.%img%
\art\bitmaps\characters\good_a_heroes\farmgirl\b_c_gah_fg_skin_03.%img%
\art\bitmaps\characters\body_armor\b1\b_c_pos_b1_002.%img%
\art\bitmaps\terrain\northern_town\path\b_t_nt_pth_08x04-e.%img%
\art\bitmaps\terrain\northern_town\b_t_nt_column.%img%
\art\bitmaps\terrain\northern_town\b_t_nt_int_wizardwall.%img%
\art\bitmaps\terrain\northern_town\b_t_nt_ext-wizardwall.%img%
\art\bitmaps\items\castle\b_i_csl_rug-mauve.%img%
\art\bitmaps\items\ice\b_i_ice_sign-inn-01.%img%
\art\bitmaps\armor\shields\b_a_shd_082.%img%
\art\bitmaps\items\global\b_i_glb_bed-02.%img%
\art\bitmaps\items\global\b_i_glb_picture-04.%img%
\art\bitmaps\items\global\b_i_glb_picture-12.%img%
\art\bitmaps\terrain\northern_town\b_t_nt_wizardrooffront.%img%
\art\bitmaps\items\castle\b_i_csl_chest-05.%img%
\art\bitmaps\items\global\b_i_glb_statue-azunai.%img%
\art\bitmaps\characters\good_a_heroes\farmgirl\b_c_gah_fg_skin_09.%img%
\art\bitmaps\characters\body_armor\type1\b_c_pos_a1_020.%img%
\art\bitmaps\characters\good_a_heroes\farmboy\b_c_gah_fb_skin_07.%img%
\art\bitmaps\characters\body_armor\type1\b_c_pos_a1_014.%img%
\art\bitmaps\characters\good_b_npc\b_c_gbn_pmo-04.%img%
\art\bitmaps\items\global\b_i_glb_woodcarving.%img%
\art\bitmaps\items\castle\b_i_csl_stand-01.%img%
\art\bitmaps\items\global\b_i_glb_wall-lamp-01.%img%
\art\bitmaps\items\ice\b_i_ice_sign-magicshop-01.%img%
\art\meshes\characters\good_a_heroes\farmgirl\helmets\m_c_gah_fg_hlmt_type20.asp
\art\bitmaps\terrain\northern_town\path\b_t_nt_pth_04x04-d.%img%
\art\terrain\northern_town\t_nt01_house-2.sno
\art\terrain\northern_town\t_nt01_blacksmith.sno
\art\bitmaps\armor\gauntlets\b_a_gntl_003.%img%
\art\terrain\northern_town\t_nt01_house2-roof.sno
\art\terrain\northern_town\t_nt01_house-2-door-top.sno
\world\ai\jobs\actors\good\job_talk_elio.skrit
\art\meshes\items\global\m_i_glb_table-round.asp
\art\bitmaps\characters\good_a_heroes\farmboy\b_c_gah_fb_skin_05.%img%
\art\bitmaps\items\ice\b_i_ice_troughs.%img%
\art\bitmaps\items\ice\b_i_ice_bucket.%img%
\art\terrain\northern_town\t_nt01_blacksmith-roof.sno
\art\terrain\northern_town\t_nt01_blacksmith-door-top-int.sno
\art\terrain\northern_town\t_nt01_blacksmith-door-top-front.sno
\art\terrain\northern_town\t_nt01_blacksmith-door-top-side.sno
\art\meshes\armor\helmets\m_a_hlmt_type37.asp
\art\meshes\armor\helmets\m_a_hlmt_type28.asp
\art\meshes\armor\helmets\m_a_hlmt_type10.asp
\art\meshes\armor\shields\m_a_shd_25.asp
\art\meshes\weapons\axe\m_w_axe_055.asp
\art\meshes\weapons\staff\m_w_stf_065.asp
\art\meshes\weapons\hammer\m_w_hmr_016.asp
\art\meshes\weapons\mace\m_w_mce_070.asp
\art\meshes\weapons\bow\m_w_bow_029.asp
\world\ai\jobs\actors\good\job_talk_orlov.skrit
\art\meshes\items\grass\m_i_grs_hearth.asp
\art\meshes\items\global\m_i_glb_rack-wall-03.asp
\art\meshes\items\desert\m_i_des_rug-01.asp
\art\meshes\items\global\m_i_glb_wood-piece.asp
\art\meshes\items\castle\m_i_csl_stand-03.asp
\art\meshes\items\castle\m_i_csl_chalice.asp
\art\meshes\items\ice\m_i_ice_sign-barn-01.asp
\art\meshes\armor\helmets\m_a_hlmt_type1.asp
\art\terrain\northern_town\t_nt01_barn.sno
\art\bitmaps\terrain\northern_town\b_t_nt_shutter.%img%
\art\bitmaps\characters\good_b_npc\b_c_gbn_bs-02.%img%
\art\bitmaps\characters\good_a_heroes\farmboy\b_c_gah_fb_skin_21.%img%
\art\bitmaps\characters\body_armor\type1\b_c_pos_a1_055.%img%
\art\terrain\northern_town\t_nt01_barn-roof.sno
\world\ai\jobs\actors\good\job_talk_ghilbertnor.skrit
\art\bitmaps\items\grass\b_i_grs_hearth.%img%
\art\bitmaps\items\global\b_i_glb_rack-wall-03.%img%
\art\bitmaps\items\desert\b_i_des_rug-01.%img%
\art\meshes\items\global\m_i_glb_trough-grain.asp
\art\bitmaps\items\ice\b_i_ice_wood-piece.%img%
\art\bitmaps\items\castle\b_i_csl_stand-03.%img%
\art\bitmaps\items\castle\b_i_csl_chalice.%img%
\art\bitmaps\items\ice\b_i_ice_sign-blksmith-02.%img%
\art\bitmaps\armor\gauntlets\b_a_gntl_010.%img%
\art\bitmaps\armor\helmets\b_a_hlmt_001.%img%
\art\bitmaps\terrain\northern_town\b_t_nt_barn-entr.%img%
\art\bitmaps\terrain\northern_town\b_t_nt_snowy-thatch.%img%
\art\bitmaps\characters\good_a_heroes\farmgirl\b_c_gah_fg_skin_17.%img%
\art\bitmaps\characters\body_armor\type7\b_c_pos_a7_047.%img%
\art\bitmaps\items\ice\b_i_ice_sign-barn-01.%img%
\art\terrain\northern_town\t_nt01_ramp-4.sno
\art\terrain\generic\wall\t_xxx_wal_32-diag-thick-l.sno
\sound\voices\s_v_greet_male_allochap.mp3
\art\bitmaps\items\global\b_i_glb_book-lore-02.%img%
\art\terrain\northern_town\t_nt01_house-cellar-01.sno
\sound\voices\s_v_greet_female_ellotheretraveller.mp3
\sound\voices\s_v_nt_onoc1.mp3
\art\bitmaps\gui\in_game\inventory\icons\b_gui_ig_i_ic_c_onoc.%img%
\art\bitmaps\gui\in_game\inventory\icons\b_gui_ig_i_ic_sp_011_inv.%img%
\art\bitmaps\gui\in_game\inventory\icons\b_gui_ig_i_ic_sp_089_inv.%img%
\art\bitmaps\gui\in_game\inventory\icons\b_gui_ig_i_ic_sp_010_inv.%img%
\art\bitmaps\gui\in_game\inventory\icons\b_gui_ig_i_ic_sp_012_inv.%img%
\art\bitmaps\gui\in_game\inventory\icons\b_gui_ig_i_ic_sp_090_inv.%img%
\art\bitmaps\gui\in_game\inventory\icons\b_gui_ig_i_ic_sp_088_inv.%img%
\art\bitmaps\gui\in_game\inventory\icons\b_gui_ig_i_ic_sp_091_inv.%img%
\art\bitmaps\gui\in_game\inventory\icons\b_gui_ig_i_ic_sp_009_inv.%img%
\art\bitmaps\gui\in_game\inventory\icons\b_gui_ig_i_ic_sp_085_inv.%img%
\art\bitmaps\gui\in_game\inventory\icons\b_gui_ig_i_ic_sp_006_inv.%img%
\art\bitmaps\gui\in_game\inventory\icons\b_gui_ig_i_ic_sp_087_inv.%img%
\art\bitmaps\gui\in_game\inventory\icons\b_gui_ig_i_ic_sp_146_inv.%img%
\art\bitmaps\gui\in_game\inventory\icons\b_gui_ig_i_ic_sp_007_inv.%img%
\art\bitmaps\gui\in_game\inventory\icons\b_gui_ig_i_ic_sp_086_inv.%img%
\art\bitmaps\gui\in_game\inventory\icons\b_gui_ig_i_ic_sp_158_inv.%img%
\art\bitmaps\gui\in_game\inventory\icons\b_gui_ig_i_ic_sp_144_inv.%img%
\art\bitmaps\gui\in_game\inventory\icons\b_gui_ig_i_ic_sp_157_inv.%img%
\art\bitmaps\gui\in_game\inventory\icons\b_gui_ig_i_ic_sp_005_inv.%img%
\art\bitmaps\gui\in_game\inventory\icons\b_gui_ig_i_ic_sp_082_inv.%img%
\art\bitmaps\gui\in_game\inventory\icons\b_gui_ig_i_ic_sp_156_inv.%img%
\art\bitmaps\gui\in_game\inventory\icons\b_gui_ig_i_ic_sp_143_inv.%img%
\art\bitmaps\gui\in_game\inventory\icons\b_gui_ig_i_ic_sp_083_inv.%img%
\art\bitmaps\gui\in_game\inventory\icons\b_gui_ig_i_ic_sc_005_inv.%img%
\sound\voices\s_v_nt_onoc2.mp3
\art\terrain\northern_town\t_nt01_house-cellar-01-porch-roof.sno
\art\terrain\northern_town\t_nt01_house-cellar-01-roof.sno
\art\bitmaps\terrain\dungeon_redbrick_1\dir.lqd18
\art\bitmaps\terrain\dungeon_redbrick_1\dungeon\dir.lqd18
\art\terrain\northern_town\t_nt01_house-cellar-01-door-top.sno
\world\ai\jobs\actors\good\job_talk_ada.skrit
\art\meshes\items\global\m_i_glb_rug-04.asp
\art\bitmaps\characters\good_a_heroes\farmboy\b_c_gah_fb_skin_03.%img%
\world\maps\map_world\regions\nt_r1a\terrain_nodes\siege_nodes.lnc
\world\maps\map_world\regions\nt_r1a\terrain_nodes\dir.lqd18
\art\bitmaps\items\global\b_i_glb_rug-04.%img%
\art\meshes\items\global\m_i_glb_well.asp
\world\maps\map_world\regions\nt_r1a\objects\dir.lqd18
\art\bitmaps\terrain\dungeon_redbrick_1\dungeon\b_t_dgn06_dgn_wal-04x04-b.%img%
\art\terrain\generic\dungeon\stair\t_xxx_dgn_stair_ex-a.sno
\art\bitmaps\terrain\dungeon_redbrick_1\dungeon\b_t_dgn06_dgn_stair-top.%img%
\art\bitmaps\terrain\dungeon_redbrick_1\dungeon\b_t_dgn06_dgn_stair-front.%img%
\art\bitmaps\terrain\dungeon_redbrick_1\dungeon\b_t_dgn06_dgn_flr-04x04-a.%img%
\art\bitmaps\terrain\dungeon_redbrick_1\dungeon\b_t_dgn06_dgn_wal-a-tx-b-02x04-a.%img%
\art\bitmaps\terrain\dungeon_redbrick_1\dungeon\b_t_dgn06_dgn_wal-04x04-a.%img%
\art\bitmaps\terrain\dungeon_redbrick_1\dungeon\b_t_dgn06_dgn_flr-04x04-b.%img%
\art\bitmaps\items\ice\b_i_ice_well.%img%
\world\maps\map_world\regions\path2ac\terrain_nodes\siege_nodes.lnc
\world\maps\map_world\regions\path2ac\terrain_nodes\dir.lqd18
\sound\voices\s_v_nt_foulton1.mp3
\art\bitmaps\gui\in_game\inventory\icons\b_gui_ig_i_ic_c_foulton.%img%
\art\bitmaps\gui\in_game\inventory\armor\body_armor\b_gui_ig_i_a_pos_a2_017.%img%
\art\bitmaps\gui\in_game\inventory\armor\boot\b_gui_ig_i_a_boot_012.%img%
\art\bitmaps\gui\in_game\inventory\armor\gauntlet\b_gui_ig_i_a_gntl_021.%img%
\art\bitmaps\gui\in_game\inventory\armor\boot\b_gui_ig_i_a_boot_015.%img%
\art\bitmaps\gui\in_game\inventory\armor\boot\b_gui_ig_i_a_boot_047.%img%
\art\bitmaps\gui\in_game\inventory\armor\body_armor\b_gui_ig_i_a_pos_a2_024.%img%
\art\bitmaps\gui\in_game\inventory\armor\body_armor\b_gui_ig_i_a_pos_a7_033.%img%
\art\bitmaps\gui\in_game\inventory\armor\gauntlet\b_gui_ig_i_a_gntl_020.%img%
\art\bitmaps\gui\in_game\inventory\armor\body_armor\b_gui_ig_i_a_pos_a7_023.%img%
\art\bitmaps\gui\in_game\inventory\armor\gauntlet\b_gui_ig_i_a_gntl_062.%img%
\art\bitmaps\gui\in_game\inventory\armor\helmet\b_gui_ig_i_a_hlmt_020.%img%
\sound\voices\s_v_nt_foulton2.mp3
\world\maps\map_world\regions\path2ac\objects\dir.lqd18
\art\bitmaps\terrain\snow_2\path\b_t_sn02_pth_08x08-b.%img%
\art\meshes\items\global\m_i_glb_broom.asp
\art\bitmaps\items\global\b_i_glb_broom.%img%
\art\meshes\items\castle\m_i_csl_plate.asp
\art\bitmaps\items\castle\b_i_csl_plate.%img%
\art\terrain\generic\dungeon\wall\t_xxx_dgn_wal_tx-rock-hal-l-a.sno
\art\terrain\generic\dungeon\wall\t_xxx_dgn_wal_tx-rock-hal-l-b.sno
\art\bitmaps\terrain\sub_river_2\wall\dir.lqd18
\art\terrain\generic\dungeon\wall\t_xxx_dgn_wal_tx-rock-hal-r-a.sno
\art\terrain\generic\dungeon\wall\t_xxx_dgn_wal_tx-rock-hal-r-b.sno
\art\bitmaps\terrain\dungeon_redbrick_1\dungeon\b_t_dgn06_dgn_wal-04x04-arch-a.%img%
\art\bitmaps\terrain\dungeon_redbrick_1\dungeon\b_t_dgn06_dgn_flr-grate-02x02-a.%img%
\art\bitmaps\terrain\sub_river_2\floor\dir.lqd18
\art\bitmaps\terrain\sub_river_2\wall\b_t_sr02_wal_04x04-c.%img%
\art\bitmaps\terrain\sub_river_2\wall\b_t_sr02_wal_08x04-a.%img%
\art\bitmaps\terrain\snow_2\path\b_t_sn02_pth_08x04-h.%img%
\ui\interfaces\chapters\chapter_3\dir.lqd18
\art\bitmaps\gui\nis\b_gui_nis_ch03.%img%
\art\bitmaps\characters\evil_c_monsters\b_c_ecm_bk.%img%
\art\terrain\generic\bridge\t_xxx_brdg_tx-wood-wal-24.sno
\art\bitmaps\terrain\snow_2\river\dir.lqd18
\art\bitmaps\terrain\snow_2\river\b_t_sn02_rvr_bridge-boards-a.%img%
\art\bitmaps\terrain\snow_2\river\b_t_sn02_rvr_bridge-log-a.%img%
\art\bitmaps\terrain\snow_2\river\b_t_sn02_rvr_bridge-logend-a.%img%
\art\meshes\items\global\m_i_glb_tree-pine-group-02.asp
\sound\effects\s_e_call_braak.wav
\sound\effects\s_e_die_braak.wav
\art\bitmaps\terrain\snow_2\path\b_t_sn02_pth_04x04-f.%img%
\art\bitmaps\characters\evil_d_monsters\b_c_edm_fr-02.%img%
\art\meshes\weapons\mace\m_w_mce_062.asp
\art\terrain\generic\dungeon\t_xxx_dgn_zportal-celar-a.sno
\art\bitmaps\terrain\dungeon_brownrock-iced_1\dir.lqd18
\art\bitmaps\terrain\dungeon_brownrock-iced_1\dungeon\dir.lqd18
\world\maps\map_world\regions\id_r1\terrain_nodes\siege_nodes.lnc
\world\maps\map_world\regions\id_r1\terrain_nodes\dir.lqd18
\art\terrain\generic\dungeon\corner\t_xxx_dgn_cnr_ex-cnvx-c.sno
\art\bitmaps\terrain\dungeon_brownrock-iced_1\dungeon\b_t_dgn11_dgn_wal-04x04-b.%img%
\art\bitmaps\terrain\dungeon_brownrock-iced_1\dungeon\b_t_dgn11_dgn_stair-top.%img%
\art\bitmaps\terrain\dungeon_brownrock-iced_1\dungeon\b_t_dgn11_dgn_stair-front.%img%
\art\bitmaps\terrain\dungeon_brownrock-iced_1\dungeon\b_t_dgn11_dgn_flr-04x04-a.%img%
\art\bitmaps\terrain\dungeon_brownrock-iced_1\dungeon\b_t_dgn11_dgn_wal-a-tx-b-02x04-a.%img%
\world\maps\map_world\regions\id_r1\objects\dir.lqd18
\art\terrain\generic\dungeon\floor\t_xxx_dgn_flr_mist-08x08-a.sno
\art\bitmaps\terrain\dungeon_brownrock-iced_1\dungeon\b_t_dgn11_dgn_wal-04x04-a.%img%
\art\bitmaps\terrain\dungeon_brownrock-iced_1\dungeon\b_t_dgn11_dgn_flr-04x04-b.%img%
\art\bitmaps\terrain\dungeon_brownrock-iced_1\dungeon\b_t_dgn11_dgn_flr-mist-small-a.%img%
\art\bitmaps\terrain\dungeon_brownrock-iced_1\dungeon\b_t_dgn11_dgn_flr-mist-dynamic.%img%
\art\terrain\generic\dungeon\floor\t_xxx_dgn_flr_mist-16x08-a.sno
\art\meshes\characters\evil_d_monsters\frostnid\m_c_edm_fn_pos_1.asp
\art\meshes\items\global\m_i_glb_frag-ice-04.asp
\art\meshes\items\global\m_i_glb_frag-ice-08.asp
\art\meshes\items\global\m_i_glb_frag-frostnid-01.asp
\art\meshes\items\global\m_i_glb_frag-frostnid-02.asp
\art\meshes\items\global\m_i_glb_frag-frostnid-03.asp
\art\meshes\items\global\m_i_glb_frag-frostnid-04.asp
\art\meshes\items\global\m_i_glb_frag-frostnid-05.asp
\art\animations\characters\evil_d_monsters\frostnid\fs0\a_c_edm_fn_fs0_ds.prs
\art\animations\characters\evil_d_monsters\frostnid\fs0\a_c_edm_fn_fs0_wl.prs
\art\animations\characters\evil_d_monsters\frostnid\fs0\a_c_edm_fn_fs0_di.prs
\art\animations\characters\evil_d_monsters\frostnid\fs0\a_c_edm_fn_fs0_at.prs
\art\animations\characters\evil_d_monsters\frostnid\fs0\a_c_edm_fn_fs0_dff.prs
\art\animations\characters\evil_d_monsters\frostnid\fs0\a_c_edm_fn_fs0_dsf.prs
\art\bitmaps\terrain\dungeon_brownrock-iced_1\dungeon\b_t_dgn11_dgn_flr-mist-med-a.%img%
\art\bitmaps\terrain\dungeon_brownrock-iced_1\dungeon\b_t_dgn11_dgn_wal-04x04-arch-a.%img%
\art\meshes\characters\evil_d_monsters\molten_golem\m_c_edm_mg_pos_1.asp
\art\meshes\items\global\m_i_glb_frag-molten-golem-01.asp
\art\meshes\items\global\m_i_glb_frag-molten-golem-02.asp
\art\meshes\items\global\m_i_glb_frag-molten-golem-03.asp
\art\meshes\items\global\m_i_glb_frag-molten-golem-04.asp
\art\meshes\items\global\m_i_glb_frag-molten-golem-05.asp
\art\animations\characters\evil_d_monsters\molten_golem\fs0\a_c_edm_mg_fs0_ds.prs
\art\animations\characters\evil_d_monsters\molten_golem\fs0\a_c_edm_mg_fs0_wl.prs
\art\animations\characters\evil_d_monsters\molten_golem\fs0\a_c_edm_mg_fs0_di.prs
\art\animations\characters\evil_d_monsters\molten_golem\fs0\a_c_edm_mg_fs0_at.prs
\art\animations\characters\evil_d_monsters\molten_golem\fs0\a_c_edm_mg_fs0_at-02.prs
\art\animations\characters\evil_d_monsters\molten_golem\fs0\a_c_edm_mg_fs0_dff.prs
\art\animations\characters\evil_d_monsters\molten_golem\fs0\a_c_edm_mg_fs0_mg.prs
\art\bitmaps\terrain\dungeon_brownrock-iced_1\dungeon\b_t_dgn11_dgn_wal-04x04-alcv-a.%img%
\art\bitmaps\characters\evil_d_monsters\b_c_edm_fn.%img%
\art\bitmaps\characters\evil_d_monsters\b_c_edm_rg-02.%img%
\art\terrain\generic\dungeon\floor\t_xxx_dgn_flr_mist-16x16-a.sno
\art\bitmaps\terrain\dungeon_brownrock-iced_1\dungeon\b_t_dgn11_dgn_flr-mist-large-a.%img%
\art\meshes\weapons\staff\m_w_stf_060.asp
\art\bitmaps\gui\in_game\inventory\weapons\axe\b_gui_ig_i_w_axe_144.%img%
\art\terrain\generic\dungeon\t_xxx_dgn_zportal-top-a.sno
\art\terrain\generic\dungeon\t_xxx_dgn_zportal-base-a.sno
\world\maps\map_world\regions\id_r2\terrain_nodes\siege_nodes.lnc
\world\maps\map_world\regions\id_r2\terrain_nodes\dir.lqd18
\art\bitmaps\gui\in_game\inventory\weapons\bow\b_gui_ig_i_w_bow_058.%img%
\art\bitmaps\characters\evil_c_monsters\b_c_ecm_bk-03.%img%
\art\bitmaps\terrain\dungeon_brownrock-iced_1\dungeon\b_t_dgn11_dgn_doortrim.%img%
\world\maps\map_world\regions\id_r2\objects\dir.lqd18
\art\terrain\generic\dungeon\corner\t_xxx_dgn_cnr_in-cnvx-a.sno
\art\terrain\generic\dungeon\wall\t_xxx_dgn_wal_ex-diag-l.sno
\art\terrain\generic\dungeon\wall\t_xxx_dgn_wal_ex-diag-r.sno
\art\terrain\generic\dungeon\wall\t_xxx_dgn_wal_in-thin-a.sno
\art\terrain\generic\dungeon\corner\t_xxx_dgn_cnr_in-ccav-a.sno
\art\terrain\generic\dungeon\wall\t_xxx_dgn_wal_in-thick-a.sno
\art\meshes\weapons\sword\m_w_swd_012.asp
\art\terrain\generic\dungeon\t_xxx_dgn_cap-archway-b-2-a.sno
\art\terrain\generic\dungeon\t_xxx_dgn_cap-04x04-2-a.sno
\art\bitmaps\terrain\dungeon_brownrock-iced_1\dungeon\b_t_dgn11_dgn_wal-04x04-alcv-b.%img%
\art\terrain\grass_1\t_grs01_mana-area-8x8.sno
\art\bitmaps\terrain\grass_1\b_t_grs01_mana-circle.%img%
\art\bitmaps\terrain\grass_1\b_t_grs01_mana-step-trim.%img%
\art\bitmaps\terrain\grass_1\b_t_grs01_mana-rock.%img%
\art\bitmaps\terrain\grass_1\b_t_grs01_mana-rune-strip.%img%
\art\bitmaps\terrain\grass_1\b_t_grs01_mana-rockface.%img%
\world\maps\map_world\regions\ac_r1\terrain_nodes\siege_nodes.lnc
\world\maps\map_world\regions\ac_r1\terrain_nodes\dir.lqd18
\world\maps\map_world\regions\ac_r1\objects\dir.lqd18
\art\bitmaps\gui\in_game\inventory\weapons\bow\b_gui_ig_i_w_bow_057.%img%
\sound\music\s_m_arcticcaverns_01.mp3
\art\meshes\weapons\staff\m_w_stf_064.asp
\art\terrain\ice_caves\t_ic01_entrance_front.sno
\world\maps\map_world\regions\ac_r2\terrain_nodes\siege_nodes.lnc
\world\maps\map_world\regions\ac_r2\terrain_nodes\dir.lqd18
\art\terrain\ice_caves\t_ic01_entrance_front-sides.sno
\art\terrain\ice_caves\t_ic01_entrance_front-top.sno
\art\terrain\ice_caves\t_ic01_entrance_back.sno
\art\meshes\characters\evil_d_monsters\ice_warrior\m_c_edm_iw_pos_1.asp
\art\meshes\items\global\m_i_glb_frag-ice-01.asp
\art\meshes\items\global\m_i_glb_frag-ice-02.asp
\art\meshes\items\global\m_i_glb_frag-ice-03.asp
\art\meshes\items\global\m_i_glb_frag-ice-05.asp
\art\meshes\items\global\m_i_glb_frag-ice-06.asp
\art\meshes\items\global\m_i_glb_frag-ice-07.asp
\art\meshes\weapons\sword\m_w_swd_003.asp
\art\animations\characters\evil_d_monsters\ice_warrior\fs0\a_c_edm_iw_fs0_ds.prs
\art\animations\characters\evil_d_monsters\ice_warrior\fs1\a_c_edm_iw_fs1_ds.prs
\art\animations\characters\evil_d_monsters\ice_warrior\fs0\a_c_edm_iw_fs0_rl.prs
\art\animations\characters\evil_d_monsters\ice_warrior\fs1\a_c_edm_iw_fs1_rl.prs
\art\animations\characters\evil_d_monsters\ice_warrior\fs0\a_c_edm_iw_fs0_di.prs
\art\animations\characters\evil_d_monsters\ice_warrior\fs1\a_c_edm_iw_fs1_di.prs
\art\animations\characters\evil_d_monsters\ice_warrior\fs0\a_c_edm_iw_fs0_at.prs
\art\animations\characters\evil_d_monsters\ice_warrior\fs0\a_c_edm_iw_fs0_at-02.prs
\art\animations\characters\evil_d_monsters\ice_warrior\fs0\a_c_edm_iw_fs0_dff.prs
\art\animations\characters\evil_d_monsters\ice_warrior\fs1\a_c_edm_iw_fs1_at.prs
\art\animations\characters\evil_d_monsters\ice_warrior\fs1\a_c_edm_iw_fs1_at-02.prs
\art\animations\characters\evil_d_monsters\ice_warrior\fs1\a_c_edm_iw_fs1_dff.prs
\art\meshes\items\ice\m_i_ice_cave-door.asp
\art\animations\items\ice\a_i_ice_cave-door-open.prs
\art\animations\items\ice\a_i_ice_cave-door-close.prs
\art\bitmaps\terrain\ice_caves\b_t_ic01_runewall.%img%
\art\bitmaps\terrain\ice_caves\b_t_ic01_runerock-a.%img%
\art\bitmaps\terrain\ice_caves\b_t_ic01_ent-floor-trans.%img%
\art\bitmaps\items\global\b_i_glb_ice.%img%
\art\bitmaps\characters\evil_d_monsters\b_c_edm_funkyblue-dynamic.%img%
\art\bitmaps\items\ice\b_i_ice_runedoor.%img%
\art\bitmaps\terrain\ice_caves\b_t_ic01_cave-sides-trans.%img%
\world\maps\map_world\regions\ac_r2\objects\dir.lqd18
\art\bitmaps\terrain\ice_caves\path\dir.lqd18
\art\terrain\ice_caves\t_ic01_entrance_back-sides.sno
\art\terrain\ice_caves\t_ic01_entrance_back-top.sno
\art\bitmaps\terrain\ice_caves\path\b_t_ic01_pth_08x04-d.%img%
\art\bitmaps\terrain\ice_caves\path\b_t_ic01_pth_08x04-f.%img%
\art\bitmaps\terrain\ice_caves\path\b_t_ic01_pth_04x04-c.%img%
\art\bitmaps\terrain\ice_caves\path\b_t_ic01_pth_08x04-h.%img%
\art\bitmaps\terrain\ice_caves\path\b_t_ic01_pth_04x04-b.%img%
\art\bitmaps\terrain\ice_caves\wall\b_t_ic01_wal_08x08-j.%img%
\art\meshes\characters\evil_d_monsters\ice_fly\m_c_edm_if_pos_1.asp
\art\animations\characters\evil_d_monsters\ice_fly\fs0\a_c_edm_if_fs0_ds.prs
\sound\effects\s_e_call_ice_creature.wav
\art\animations\characters\evil_d_monsters\ice_fly\fs0\a_c_edm_if_fs0_fl.prs
\art\animations\characters\evil_d_monsters\ice_fly\fs0\a_c_edm_if_fs0_at.prs
\art\animations\characters\evil_d_monsters\ice_fly\fs0\a_c_edm_if_fs0_dff.prs
\art\animations\characters\evil_d_monsters\ice_fly\fs0\a_c_edm_if_fs0_dsf.prs
\art\bitmaps\terrain\ice_caves\wall\b_t_ic01_wal_08x08-k.%img%
\sound\effects\s_e_die_ice_warrior.wav
\sound\effects\s_e_hit_steeledge_ice.wav
\art\bitmaps\gui\in_game\inventory\weapons\sword\dir.lqd18
\art\bitmaps\gui\in_game\inventory\weapons\sword\b_gui_ig_i_w_swd_068.%img%
\art\bitmaps\gui\in_game\inventory\icons\b_gui_ig_i_ic_swd_005.%img%
\art\meshes\items\caves\m_i_cav_stalagmite-03.asp
\art\bitmaps\terrain\ice_caves\floor\b_t_ic01_flr_stg-08x08-c.%img%
\art\terrain\generic\floor\t_xxx_flr_stalagmite-4d.sno
\sound\effects\s_e_env_door_stone_huge_open.wav
\art\terrain\generic\floor\t_xxx_flr_stalagmite-8f.sno
\art\bitmaps\terrain\ice_caves\wall\b_t_ic01_wal_08x08-e.%img%
\sound\effects\s_e_ambient_wind_ice_cavern.wav
\sound\music\s_m_arcticcaverns_02.mp3
\art\bitmaps\terrain\ice_caves\floor\b_t_ic01_flr_stg-08x08-a.%img%
\art\meshes\items\ice\m_i_ice_frozen-horse.asp
\art\bitmaps\terrain\ice_caves\floor\b_t_ic01_flr_stg-04x04-a.%img%
\art\bitmaps\items\ice\b_i_ice_frozen-animals.%img%
\art\meshes\items\ice\m_i_ice_spire-01.asp
\art\bitmaps\terrain\ice_caves\path\b_t_ic01_pth_08x08-b.%img%
\art\bitmaps\terrain\ice_caves\wall\b_t_ic01_wal_08x08-f.%img%
\art\terrain\generic\floor\t_xxx_flr_stalagmite-4a.sno
\art\bitmaps\terrain\ice_caves\path\b_t_ic01_pth_08x04-b.%img%
\art\meshes\items\ice\m_i_ice_body-04.asp
\art\bitmaps\items\ice\b_i_ice_bodies.%img%
\sound\effects\s_e_hit_steelsword_ice.wav
\art\meshes\items\ice\m_i_ice_spire-04.asp
\art\meshes\items\ice\m_i_ice_spire-06.asp
\art\terrain\generic\wall\t_xxx_wal_24-diag-thin-r.sno
\art\terrain\generic\wall\t_xxx_wal_24-diag-thick-r.sno
\art\terrain\generic\floor\t_xxx_flr_stalagmite-4b.sno
\art\bitmaps\terrain\ice_caves\wall\b_t_ic01_wal_04x08-b.%img%
\art\meshes\items\ice\m_i_ice_spire-03.asp
\art\meshes\items\ice\m_i_ice_spire-chunk-01.asp
\art\meshes\items\ice\m_i_ice_spire-chunk-02.asp
\art\meshes\items\ice\m_i_ice_spire-chunk-03.asp
\art\meshes\items\ice\m_i_ice_spire-chunk-04.asp
\art\meshes\items\ice\m_i_ice_spire-chunk-05.asp
\art\meshes\characters\evil_d_monsters\ice_archer\m_c_edm_ia_pos_1.asp
\art\meshes\items\ice\m_i_ice_spire-05.asp
\art\meshes\items\ice\m_i_ice_spire-02.asp
\art\bitmaps\terrain\ice_caves\path\b_t_ic01_pth_08x04-e.%img%
\art\meshes\items\ice\m_i_ice_body-01.asp
\art\meshes\items\ice\m_i_ice_body-02.asp
\world\maps\map_world\regions\ac_r5\terrain_nodes\siege_nodes.lnc
\world\maps\map_world\regions\ac_r5\terrain_nodes\dir.lqd18
\art\terrain\generic\wall\t_xxx_wal_cave-08-base.sno
\world\maps\map_world\regions\ac_r5\objects\dir.lqd18
\art\terrain\generic\wall\t_xxx_wal_cave-08-top.sno
\art\terrain\generic\wall\t_xxx_wal_cave-08-sides.sno
\art\bitmaps\terrain\ice_caves\wall\b_t_ic01_wal_04x04-a.%img%
\art\terrain\generic\wall\t_xxx_wal_04-tx-02b-l.sno
\art\bitmaps\terrain\ice_caves\wall\b_t_ic01_wal_04x04-b.%img%
\sound\effects\s_e_hit_steelsword_flesh3.wav
\art\bitmaps\gui\in_game\inventory\weapons\bow\b_gui_ig_i_w_bow_064.%img%
\art\bitmaps\terrain\sub_river_2\floor\b_t_sr02_flr_dtl-08x08-b.%img%
\art\meshes\weapons\bow\m_w_bow_009.asp
\art\meshes\weapons\arrow\m_w_arw_003.asp
\art\animations\characters\evil_d_monsters\ice_archer\fs1\a_c_edm_ia_fs1_ds.prs
\art\animations\characters\evil_d_monsters\ice_archer\fs6\a_c_edm_ia_fs6_ds.prs
\art\animations\characters\evil_d_monsters\ice_archer\fs1\a_c_edm_ia_fs1_rl.prs
\art\animations\characters\evil_d_monsters\ice_archer\fs6\a_c_edm_ia_fs6_rl.prs
\art\animations\characters\evil_d_monsters\ice_archer\fs1\a_c_edm_ia_fs1_di.prs
\art\animations\characters\evil_d_monsters\ice_archer\fs6\a_c_edm_ia_fs6_di.prs
\art\animations\characters\evil_d_monsters\ice_archer\fs1\a_c_edm_ia_fs1_at.prs
\art\animations\characters\evil_d_monsters\ice_archer\fs1\a_c_edm_ia_fs1_dff.prs
\art\animations\characters\evil_d_monsters\ice_archer\fs6\a_c_edm_ia_fs6_at.prs
\art\animations\characters\evil_d_monsters\ice_archer\fs6\a_c_edm_ia_fs6_dff.prs
\art\meshes\weapons\mace\m_w_mce_053.asp
\art\meshes\characters\evil_d_monsters\swamp_witch\m_c_edm_sw_pos_1.asp
\world\ai\jobs\common\job_die_fade.skrit
\art\animations\characters\evil_d_monsters\swamp_witch\fs0\a_c_edm_sw_fs0_dfs.prs
\art\animations\characters\evil_d_monsters\swamp_witch\fs0\a_c_edm_sw_fs0_wl.prs
\art\animations\characters\evil_d_monsters\swamp_witch\fs0\a_c_edm_sw_fs0_di.prs
\art\animations\characters\evil_d_monsters\swamp_witch\fs0\a_c_edm_sw_fs0_mg.prs
\art\animations\characters\evil_d_monsters\swamp_witch\fs0\a_c_edm_sw_fs0_dff.prs
\art\bitmaps\characters\evil_d_monsters\b_c_edm_img.%img%
\art\terrain\generic\corner\t_xxx_cnr_tee-02a-02b-rmp-ccav-l.sno
\art\terrain\generic\corner\t_xxx_cnr_tee-02a-02b-rmp-ccav-r.sno
\sound\music\s_m_arcticcaverns_03.mp3
\art\terrain\ice_caves\t_ic01_mist-wall-08-cap-r.sno
\art\terrain\ice_caves\t_ic01_mist-wall-08-cncv-a.sno
\art\terrain\ice_caves\t_ic01_mist-wall-08-cap-l.sno
\art\terrain\ice_caves\t_ic01_mist-wall-08-thin-a.sno
\art\terrain\ice_caves\t_ic01_mist-wall-08-cnvx-a.sno
\art\bitmaps\terrain\ice_caves\b_t_ic01_wall-mist-cap-08x08-static.%img%
\art\bitmaps\terrain\ice_caves\b_t_ic01_wall-mist-08x08-dynamic.%img%
\art\bitmaps\terrain\ice_caves\b_t_ic01_wall-mist-08x08-static.%img%
\art\terrain\generic\wall\t_xxx_wal_02a-tx-02b-cnvx-thick-l.sno
\art\terrain\ice_caves\t_ic01_mist-wall-08-thick-a.sno
\art\bitmaps\characters\evil_d_monsters\b_c_edm_iw-02.%img%
\art\meshes\items\ice\m_i_ice_body-03.asp
\art\bitmaps\characters\body_armor\type7\b_c_pos_a7_030.%img%
\art\bitmaps\gui\in_game\inventory\armor\body_armor\b_gui_ig_i_a_pos_a7_030.%img%
\sound\effects\s_e_hit_steelsword_steel.wav
\sound\effects\s_e_die_ice_archer.wav
\world\maps\map_world\regions\ac_r3\terrain_nodes\siege_nodes.lnc
\world\maps\map_world\regions\ac_r3\terrain_nodes\dir.lqd18
\world\maps\map_world\regions\ac_r3\objects\dir.lqd18
\art\bitmaps\terrain\ice_caves\wall\b_t_ic01_wal_04x08-c.%img%
\art\terrain\generic\floor\t_xxx_flr_stalagmite-8b.sno
\art\terrain\generic\floor\t_xxx_flr_stalagmite-4c.sno
\art\terrain\generic\path\t_xxx_pth_08x08-h.sno
\art\terrain\generic\wall\t_xxx_wal_cave-split-24-front-base-secret-a.sno
\art\meshes\characters\good_a_heroes\farmgirl\gauntlets\m_c_gah_fg_gntl_type1_b.asp
\art\terrain\generic\corner\t_xxx_cnr_tee-02a-02b-04-cncv-r.sno
\art\bitmaps\terrain\ice_caves\path\b_t_ic01_pth_08x08-h.%img%
\art\bitmaps\terrain\ice_caves\path\b_t_ic01_pth_04x04-f.%img%
\art\terrain\generic\wall\t_xxx_wal_12-tx-02b-r.sno
\art\meshes\items\ice\m_i_ice_chunks-03.asp
\art\meshes\items\ice\m_i_ice_frozen-mule.asp
\art\bitmaps\terrain\ice_caves\wall\b_t_ic01_wal_08x04-b.%img%
\art\bitmaps\items\ice\b_i_ice_chunks.%img%
\sound\effects\s_e_die_swamp_witch.wav
\art\bitmaps\terrain\ice_caves\path\b_t_ic01_pth_08x08-j.%img%
\art\terrain\generic\floor\t_xxx_flr_stalagmite-8a.sno
\art\terrain\generic\stalagmites\t_xxx_stlg_stalagmite-8d-base.sno
\art\terrain\generic\corner\t_xxx_cnr_02a-tx-02b-ccav-thin-l.sno
\art\terrain\generic\stalagmites\t_xxx_stlg_stalagmite-8d-cap.sno
\art\terrain\generic\stalagmites\t_xxx_stlg_stalagmite-8d-top.sno
\art\bitmaps\terrain\ice_caves\wall\b_t_ic01_wal_08x04-c.%img%
\art\terrain\generic\stalagmites\t_xxx_stlg_stalagmite-8e-base.sno
\art\terrain\generic\stalagmites\t_xxx_stlg_stalagmite-8e-cap.sno
\art\terrain\generic\stalagmites\t_xxx_stlg_stalagmite-8e-top.sno
\art\bitmaps\terrain\ice_caves\wall\b_t_ic01_wal_04x08-d.%img%
\art\terrain\ice_caves\t_ic01_floor-dragon-skull-a.sno
\art\bitmaps\terrain\ice_caves\b_t_ic01_dragon-skull.%img%
\art\terrain\ice_caves\t_ic01_floor-dragon-ribs-a.sno
\art\terrain\generic\floor\t_xxx_flr_mist-12x12-a.sno
\art\bitmaps\terrain\ice_caves\b_t_ic01_dragon-bones.%img%
\art\bitmaps\terrain\ice_caves\path\b_t_ic01_pth_08x04-g.%img%
\art\bitmaps\terrain\ice_caves\floor\b_t_ic01_flr_mist-large-a.%img%
\art\bitmaps\terrain\ice_caves\floor\b_t_ic01_flr_mist-dynamic.%img%
\art\bitmaps\terrain\ice_caves\path\b_t_ic01_pth_04x04-d.%img%
\sound\music\s_m_arcticcaverns_04.mp3
\art\meshes\weapons\mace\m_w_mce_043.asp
\art\bitmaps\terrain\ice_caves\path\b_t_ic01_pth_04x04-e.%img%
\art\terrain\generic\ledge\t_xxx_ledg_08-thin-t.sno
\art\terrain\generic\ledge\t_xxx_ledg_08-thin-b.sno
\art\terrain\generic\stalagmites\t_xxx_stlg_stalagmite-4e-base.sno
\art\bitmaps\terrain\ice_caves\wall\b_t_ic01_wal_08x08-g.%img%
\art\terrain\generic\stalagmites\t_xxx_stlg_stalagmite-4e-cap.sno
\art\terrain\generic\stalagmites\t_xxx_stlg_stalagmite-4e-top.sno
\art\terrain\generic\floor\t_xxx_flr_mist-16x16-a.sno
\art\terrain\generic\stalagmites\t_xxx_stlg_stalagmite-8f-base.sno
\art\terrain\generic\stalagmites\t_xxx_stlg_stalagmite-8f-cap.sno
\art\terrain\generic\stalagmites\t_xxx_stlg_stalagmite-8f-top.sno
\art\bitmaps\characters\evil_d_monsters\b_c_edm_iw-03.%img%
\art\bitmaps\terrain\ice_caves\wall\b_t_ic01_wal_08x08-h.%img%
\art\bitmaps\characters\evil_d_monsters\b_c_edm_img-02.%img%
\art\terrain\generic\floor\t_xxx_flr_mist-08x08-a.sno
\art\bitmaps\terrain\ice_caves\floor\b_t_ic01_flr_mist-small-a.%img%
\art\terrain\generic\stalagmites\t_xxx_stlg_stalagmite-8c-base.sno
\art\terrain\generic\stalagmites\t_xxx_stlg_stalagmite-8c-cap.sno
\art\terrain\generic\stalagmites\t_xxx_stlg_stalagmite-8c-top.sno
\sound\effects\s_e_spell_summon_01_cast.wav
\world\maps\map_world\regions\lc_r5\terrain_nodes\siege_nodes.lnc
\world\maps\map_world\regions\lc_r5\terrain_nodes\dir.lqd18
\world\maps\map_world\regions\lc_r5\objects\dir.lqd18
\art\terrain\generic\hall\t_xxx_hal_diag-thin-l.sno
\sound\music\s_m_arcticcaverns_06.mp3
\art\terrain\generic\floor\t_xxx_flr_stalagmite-8e.sno
\art\bitmaps\terrain\ice_caves\floor\b_t_ic01_flr_stg-08x08-b.%img%
\art\terrain\generic\wall\t_xxx_wal_cave-split-24-front-sides-secret-a.sno
\art\terrain\generic\wall\t_xxx_wal_cave-split-24-front-floor-secret-a.sno
\art\terrain\generic\wall\t_xxx_wal_cave-split-24-front-top-secret-a.sno
\world\maps\map_world\regions\ac_r2a\terrain_nodes\siege_nodes.lnc
\world\maps\map_world\regions\ac_r2a\terrain_nodes\dir.lqd18
\art\terrain\generic\wall\t_xxx_wal_cave-split-24-slidingfloor-secret-a.sno
\art\bitmaps\terrain\goblin_inventor\floor\dir.lqd18
\art\terrain\generic\wall\t_xxx_wal_cave-split-24-rock-secret-a.sno
\art\terrain\generic\wall\t_xxx_wal_cave-split-24-back-floor-secret-a.sno
\art\bitmaps\terrain\goblin_inventor\floor\b_t_gi_flr_04x04-a.%img%
\art\terrain\generic\wall\t_xxx_wal_cave-split-24-back-base-secret-a.sno
\art\bitmaps\terrain\goblin_inventor\b_t_gi_ele-platform-04x04.%img%
\world\maps\map_world\regions\ac_r2a\objects\dir.lqd18
\art\terrain\generic\wall\t_xxx_wal_cave-split-24-back-sides-secret-a.sno
\art\terrain\generic\wall\t_xxx_wal_cave-split-24-back-top-secret-a.sno
\art\terrain\snow_customs\t_sc01_shrine-bdg-tile-2x2.sno
\art\terrain\snow_customs\t_sc01_shrine-steps-12x12.sno
\art\bitmaps\terrain\snow_customs\b_t_sc01_shrine-bge-tile-2x2.%img%
\art\terrain\generic\bridge\t_xxx_brdg_tx-rop-wal-24.sno
\art\terrain\generic\bridge\t_xxx_brdg_tx-rop-wal-32.sno
\art\terrain\snow_customs\t_sc01_shrine-base.sno
\art\bitmaps\terrain\snow_customs\b_t_sc01_shrine-trims.%img%
\art\terrain\snow_customs\t_sc01_shrine-xsection.sno
\art\terrain\snow_customs\t_sc01_shrine-top-02.sno
\art\terrain\snow_customs\t_sc01_shrine-flr-alter.sno
\art\bitmaps\terrain\snow_customs\b_t_sc01_shrine.%img%
\art\bitmaps\terrain\snow_customs\b_t_sc01_shrine-wall.%img%
\art\bitmaps\terrain\snow_customs\b_t_sc01_shrine-flr-plate.%img%
\art\bitmaps\terrain\snow_customs\b_t_sc01_shrine-stone-2x2.%img%
\art\bitmaps\terrain\snow_customs\b_t_sc01_shrine-hat.%img%
\art\terrain\snow_customs\t_sc01_shrine-top-01.sno
\art\terrain\snow_customs\t_sc01_shrine-flr-press-plate.sno
\art\terrain\ice_caves\t_ic01_icetomb-stairs.sno
\art\terrain\generic\floor\t_xxx_flr_stalagmite-8d.sno
\art\bitmaps\terrain\ice_caves\b_t_ic01_tomb-stagmte.%img%
\art\meshes\characters\evil_d_monsters\drake\m_c_edm_dk_pos_1.asp
\art\meshes\weapons\staff\m_w_stf_073.asp
\art\animations\characters\evil_d_monsters\drake\fs0\a_c_edm_dk_fs0_ds.prs
\art\animations\characters\evil_d_monsters\drake\fs0\a_c_edm_dk_fs0_fl.prs
\art\animations\characters\evil_d_monsters\drake\fs0\a_c_edm_dk_fs0_di.prs
\art\animations\characters\evil_d_monsters\drake\fs0\a_c_edm_dk_fs0_at-02.prs
\art\animations\characters\evil_d_monsters\drake\fs0\a_c_edm_dk_fs0_at-03.prs
\art\animations\characters\evil_d_monsters\drake\fs0\a_c_edm_dk_fs0_dff.prs
\art\animations\characters\evil_d_monsters\drake\fs0\a_c_edm_dk_fs0_at.prs
\art\animations\characters\evil_d_monsters\drake\fs0\a_c_edm_dk_fs0_dff-02.prs
\art\animations\characters\evil_d_monsters\drake\fs0\a_c_edm_dk_fs0_dff-03.prs
\art\animations\characters\evil_d_monsters\drake\fs0\a_c_edm_dk_fs0_dsf.prs
\art\animations\characters\evil_d_monsters\drake\fs0\a_c_edm_dk_fs0_rv.prs
\sound\effects\s_e_fidget_drake_wingflap.wav
\art\bitmaps\characters\evil_d_monsters\b_c_edm_dk-03.%img%
\art\meshes\items\caves\m_i_cav_gems-04.asp
\art\bitmaps\items\caves\b_i_cav_gems-04-static.%img%
\art\bitmaps\items\caves\b_i_cav_gems-04-dynamic.%img%
\art\bitmaps\items\caves\b_i_cav_gems-01-static.%img%
\art\bitmaps\items\caves\b_i_cav_gems-01-dynamic.%img%
\art\terrain\ice_caves\t_ic01_icetomb-center.sno
\art\meshes\items\ice\m_i_ice_frozen-deer.asp
\art\meshes\items\caves\m_i_cav_gems-03.asp
\sound\effects\s_e_env_crystals.wav
\art\terrain\ice_caves\t_ic01_icetomb-spike-sm-b.sno
\art\terrain\ice_caves\t_ic01_icetomb-spike-big-nw.sno
\art\terrain\ice_caves\t_ic01_icetomb-spike-big-ne.sno
\art\terrain\ice_caves\t_ic01_icetomb-spike-big-se.sno
\art\terrain\ice_caves\t_ic01_icetomb-spike-big-sw.sno
\art\terrain\ice_caves\t_ic01_icetomb-spike-sm-a.sno
\world\ai\jobs\actors\good\job_talk_merik.skrit
\art\meshes\characters\good_a_heroes\farmboy\helmets\m_c_gah_fb_hlmt_merik.asp
\art\meshes\items\ice\m_i_ice_ice-tomb.asp
\art\meshes\items\global\m_i_glb_frag-ice-09.asp
\art\meshes\items\global\m_i_glb_frag-ice-10.asp
\art\meshes\items\global\m_i_glb_frag-ice-12.asp
\art\meshes\items\global\m_i_glb_frag-ice-13.asp
\art\meshes\items\caves\m_i_cav_gems-01.asp
\art\meshes\items\caves\m_i_cav_gems-02.asp
\art\bitmaps\terrain\ice_caves\b_t_ic01_tomb-icewall.%img%
\art\bitmaps\characters\good_a_heroes\farmboy\b_c_gah_fb_skin_36.%img%
\art\bitmaps\characters\body_armor\type7\b_c_pos_a7_050.%img%
\art\bitmaps\terrain\sub_river_2\floor\b_t_sr02_flr_04x04-a.%img%
\sound\effects\s_e_die_drake.wav
\art\terrain\generic\bridge\t_xxx_brdg_tx-rck-wal-24.sno
\art\terrain\generic\bridge\t_xxx_brdg_rck-08.sno
\sound\effects\s_e_nis_merik_spell_01.wav
\sound\effects\s_e_spell_shock_wave_cast.wav
\sound\music\s_m_arcticcaverns_07.mp3
\sound\effects\s_e_spell_tremor_cast.wav
\art\meshes\items\ice\m_i_ice_chunks-04.asp
\art\meshes\items\ice\m_i_ice_chunks-05.asp
\art\meshes\items\ice\m_i_ice_chunks-01.asp
\art\meshes\items\ice\m_i_ice_chunks-02.asp
\sound\effects\s_e_nis_merik_ice_shatter.wav
\world\maps\map_world\regions\lc_r5\conversations\dir.lqd18
\sound\voices\s_v_lc_merik1.mp3
\art\bitmaps\gui\in_game\menus\b_gui_ig_mnu_jnl_quest_13.%img%
\world\maps\map_world\regions\mm_r1\terrain_nodes\siege_nodes.lnc
\world\maps\map_world\regions\mm_r1\terrain_nodes\dir.lqd18
\sound\voices\s_v_chapter_3.mp3
\world\maps\map_world\regions\mm_r1\objects\dir.lqd18
\ui\interfaces\chapters\chapter_4\dir.lqd18
\art\bitmaps\gui\nis\b_gui_nis_ch04.%img%
\art\bitmaps\terrain\snow_2\forest\dir.lqd18
\art\bitmaps\terrain\snow_2\forest\b_t_sn02_for_wall-d.%img%
\art\bitmaps\terrain\snow_2\forest\b_t_sn02_for_foliage-cap.%img%
\art\bitmaps\terrain\snow_2\forest\b_t_sn02_for_foliage.%img%
\art\bitmaps\terrain\snow_2\forest\b_t_sn02_for_wall-a.%img%
\art\terrain\generic\forest\t_xxx_for_tx-wal-rmp-l.sno
\art\terrain\generic\forest\t_xxx_for_tx-wal-02b-r.sno
\art\bitmaps\terrain\snow_2\forest\b_t_sn02_for_wall-b.%img%
\art\bitmaps\terrain\snow_2\wall\b_t_sn02_wal_04x08-e.%img%
\art\meshes\items\global\m_i_glb_log-04.asp
\sound\effects\s_e_attack_drake_white.wav
\art\bitmaps\terrain\snow_2\forest\b_t_sn02_for_wall-e.%img%
\sound\music\s_m_arcticcaverns_05.mp3
\art\bitmaps\terrain\snow_2\wall\b_t_sn02_wal_04x04-b.%img%
\art\terrain\generic\forest\t_xxx_for_tx-wal-rmp-r.sno
\art\bitmaps\terrain\snow_2\forest\b_t_sn02_for_wall-c.%img%
\art\terrain\snow_customs\t_sc01_house1.sno
\art\bitmaps\terrain\swamp\dir.lqd18
\art\terrain\snow_customs\t_sc01_house1-canopy.sno
\art\terrain\snow_customs\t_sc01_house1-roof.sno
\art\terrain\snow_customs\t_sc01_house1-door-top.sno
\art\meshes\characters\good_b_npc\jeriah\m_c_gbn_ja_pos_1.asp
\art\meshes\armor\helmets\m_a_hlmt_type12.asp
\art\meshes\armor\helmets\m_a_hlmt_type15.asp
\art\meshes\armor\helmets\m_a_hlmt_type34.asp
\art\meshes\armor\shields\m_a_shd_26.asp
\art\meshes\weapons\axe\m_w_axe_060.asp
\art\meshes\weapons\mace\m_w_mce_063.asp
\art\meshes\weapons\staff\m_w_stf_075.asp
\art\meshes\weapons\staff\m_w_stf_071.asp
\art\meshes\weapons\axe\m_w_axe_051.asp
\art\meshes\weapons\sword\m_w_swd_020.asp
\art\meshes\weapons\crossbow\m_w_csb_001.asp
\art\bitmaps\weapons\crossbow\dir.lqd18
\art\meshes\weapons\arrow\m_w_arw_002.asp
\art\meshes\weapons\bow\m_w_bow_027.asp
\art\meshes\weapons\bow\m_w_bow_028.asp
\world\maps\map_world\regions\mm_r1\conversations\dir.lqd18
\art\meshes\items\global\m_i_glb_charm-01.asp
\art\meshes\items\global\m_i_glb_cloth-bolt-02.asp
\art\meshes\items\global\m_i_glb_map-01.asp
\art\meshes\items\ice\m_i_ice_sign-mountainman.asp
\art\bitmaps\terrain\snow_customs\b_t_sc01_logsides-4a.%img%
\art\bitmaps\terrain\snow_customs\b_t_sc01_logsides_window-4a.%img%
\art\bitmaps\terrain\snow_customs\b_t_sc01_logsides_door-4a.%img%
\art\bitmaps\terrain\snow_customs\b_t_sc01_logsides_window-4b.%img%
\art\bitmaps\terrain\snow_customs\b_t_sc01_logsides_door-4b.%img%
\art\bitmaps\terrain\snow_customs\b_t_sc01_house_stuff.%img%
\art\bitmaps\terrain\goblin_inventor\b_t_gi_wood-basic.%img%
\art\bitmaps\terrain\snow_customs\b_t_sc01_crate.%img%
\art\bitmaps\terrain\swamp\b_t_swp_wood-4a.%img%
\art\bitmaps\characters\good_b_npc\b_c_gbn_ja.%img%
\art\bitmaps\items\global\b_i_glb_charm-01.%img%
\art\bitmaps\items\global\b_i_glb_cloth-bolt-02.%img%
\art\bitmaps\items\global\b_i_glb_map-01.%img%
\art\bitmaps\items\ice\b_i_ice_sign-mountainman.%img%
\sound\effects\s_e_env_fire_small.wav
\sound\voices\s_v_mm_jeriah1.mp3
\art\bitmaps\gui\in_game\inventory\icons\b_gui_ig_i_ic_c_jeriah.%img%
\art\bitmaps\gui\in_game\inventory\armor\gauntlet\b_gui_ig_i_a_gntl_004.%img%
\art\bitmaps\gui\in_game\inventory\armor\boot\b_gui_ig_i_a_boot_023.%img%
\art\bitmaps\gui\in_game\inventory\armor\body_armor\b_gui_ig_i_a_pos_a7_016.%img%
\art\bitmaps\gui\in_game\inventory\armor\gauntlet\b_gui_ig_i_a_gntl_035.%img%
\art\bitmaps\gui\in_game\inventory\armor\boot\b_gui_ig_i_a_boot_050.%img%
\art\bitmaps\gui\in_game\inventory\armor\boot\b_gui_ig_i_a_boot_022.%img%
\art\bitmaps\gui\in_game\inventory\armor\gauntlet\b_gui_ig_i_a_gntl_008.%img%
\art\bitmaps\gui\in_game\inventory\armor\body_armor\b_gui_ig_i_a_pos_a3_036.%img%
\art\bitmaps\gui\in_game\inventory\armor\body_armor\b_gui_ig_i_a_pos_a7_034.%img%
\art\bitmaps\armor\boots\b_a_boot_012.%img%
\art\bitmaps\gui\in_game\inventory\armor\helmet\b_gui_ig_i_a_hlmt_034.%img%
\art\bitmaps\gui\in_game\inventory\armor\boot\b_gui_ig_i_a_boot_041.%img%
\art\bitmaps\gui\in_game\inventory\armor\body_armor\b_gui_ig_i_a_pos_a3_002.%img%
\art\bitmaps\gui\in_game\inventory\armor\boot\b_gui_ig_i_a_boot_005.%img%
\art\bitmaps\gui\in_game\inventory\armor\helmet\b_gui_ig_i_a_hlmt_012.%img%
\art\bitmaps\gui\in_game\inventory\armor\helmet\b_gui_ig_i_a_hlmt_064.%img%
\art\bitmaps\gui\in_game\inventory\armor\body_armor\b_gui_ig_i_a_pos_a7_020.%img%
\sound\voices\s_v_mm_jeriah2.mp3
\sound\voices\s_v_mm_jeriah3.mp3
\art\bitmaps\terrain\snow_2\wall\b_t_sn02_wal_04x08-c.%img%
\art\terrain\subterranean_river\t_sr01_portal-sno-base-back-a.sno
\world\maps\map_world\regions\sr_r1\terrain_nodes\siege_nodes.lnc
\art\terrain\subterranean_river\t_sr01_portal-sno-side-back-a.sno
\world\maps\map_world\regions\sr_r1\terrain_nodes\dir.lqd18
\art\terrain\subterranean_river\t_sr01_portal-sno-top-back-a.sno
\art\terrain\subterranean_river\t_sr01_portal-sno-base-front-a.sno
\art\bitmaps\terrain\sub_river_2\b_t_sr02_portal-flr-b.%img%
\art\bitmaps\terrain\sub_river_2\b_t_sr02_portal-tx-wall-04x04-c.%img%
\world\maps\map_world\regions\sr_r1\objects\dir.lqd18
\art\terrain\subterranean_river\t_sr01_portal-sno-side-front-a.sno
\art\terrain\subterranean_river\t_sr01_portal-sno-top-front-a.sno
\art\terrain\generic\wall\t_xxx_wal_24-tx-rmp-l.sno
\art\bitmaps\terrain\sub_river_2\wall\b_t_sr02_wal_08x08-c.%img%
\art\bitmaps\terrain\sub_river_2\wall\b_t_sr02_wal_08x08-d.%img%
\art\bitmaps\terrain\sub_river_2\wall\b_t_sr02_wal_08x08-a.%img%
\art\bitmaps\terrain\sub_river_2\b_t_sr02_portal-tx-wall-04x04-d.%img%
\art\terrain\generic\stalagmites\t_xxx_stlg_stalagmite-4i-base.sno
\art\bitmaps\terrain\sub_river_2\wall\b_t_sr02_wal_08x08-b.%img%
\art\terrain\generic\stalagmites\t_xxx_stlg_stalagmite-4i-cap.sno
\art\terrain\generic\stalagmites\t_xxx_stlg_stalagmite-4i-top.sno
\art\bitmaps\terrain\sub_river_2\floor\b_t_sr02_flr_stg-04x04-a.%img%
\art\bitmaps\terrain\sub_river_2\floor\b_t_sr02_flr_stg-08x08-c.%img%
\art\bitmaps\terrain\sub_river_2\wall\b_t_sr02_wal_04x08-a.%img%
\art\terrain\generic\ramp\t_xxx_rmp_ctx-04-l.sno
\art\bitmaps\terrain\sub_river_2\path\dir.lqd18
\art\terrain\generic\stalagmites\t_xxx_stlg_stalagmite-4l-base.sno
\art\bitmaps\terrain\sub_river_2\wall\b_t_sr02_wal_08x04-b.%img%
\art\bitmaps\terrain\sub_river_2\wall\b_t_sr02_wal_08x08-f.%img%
\art\bitmaps\terrain\sub_river_2\wall\b_t_sr02_wal_04x08-b.%img%
\art\terrain\generic\stalagmites\t_xxx_stlg_stalagmite-4l-cap.sno
\art\terrain\generic\stalagmites\t_xxx_stlg_stalagmite-4l-top.sno
\art\bitmaps\terrain\sub_river_2\floor\b_t_sr02_flr_stg-08x08-a.%img%
\art\bitmaps\terrain\sub_river_2\path\b_t_sr02_pth_04x04-b.%img%
\art\terrain\generic\stalagmites\t_xxx_stlg_stalagmite-4k-base.sno
\art\bitmaps\terrain\sub_river_2\path\b_t_sr02_pth_04x04-c.%img%
\art\terrain\generic\floor\t_xxx_flr_geyser-04x04-b.sno
\art\terrain\generic\stalagmites\t_xxx_stlg_stalagmite-4k-cap.sno
\art\terrain\generic\stalagmites\t_xxx_stlg_stalagmite-4k-top.sno
\art\terrain\generic\stalagmites\t_xxx_stlg_stalagmite-4j-base.sno
\art\bitmaps\terrain\sub_river_2\path\b_t_sr02_pth_04x04-d.%img%
\art\bitmaps\terrain\sub_river_2\floor\b_t_sr02_flr_geyser-mist-static-04x04-a.%img%
\art\bitmaps\terrain\sub_river_2\floor\b_t_sr02_flr_geyser-mist-dynamic.%img%
\art\bitmaps\terrain\sub_river_2\wall\b_t_sr02_wal_04x04-a.%img%
\sound\effects\s_e_env_pipe_steam_burst.wav
\sound\effects\s_e_env_geyser_lava.wav
\art\terrain\generic\stalagmites\t_xxx_stlg_stalagmite-4j-cap.sno
\art\terrain\generic\stalagmites\t_xxx_stlg_stalagmite-4j-top.sno
\art\bitmaps\terrain\sub_river_2\path\b_t_sr02_pth_04x04-e.%img%
\art\terrain\generic\floor\t_xxx_flr_drips-04x04-b.sno
\art\bitmaps\terrain\sub_river_2\river\dir.lqd18
\art\meshes\characters\evil_d_monsters\dark_lunger\m_c_edm_dl_pos_1.asp
\art\meshes\items\global\m_i_glb_frag-dark-lunger-01.asp
\art\meshes\items\global\m_i_glb_frag-dark-lunger-02.asp
\art\meshes\items\global\m_i_glb_frag-dark-lunger-03.asp
\art\meshes\items\global\m_i_glb_frag-dark-lunger-04.asp
\art\meshes\items\global\m_i_glb_frag-dark-lunger-05.asp
\art\animations\characters\evil_d_monsters\dark_lunger\fs0\a_c_edm_dl_fs0_ds.prs
\art\animations\characters\evil_d_monsters\dark_lunger\fs0\a_c_edm_dl_fs0_wl.prs
\art\animations\characters\evil_d_monsters\dark_lunger\fs0\a_c_edm_dl_fs0_di.prs
\art\animations\characters\evil_d_monsters\dark_lunger\fs0\a_c_edm_dl_fs0_at.prs
\art\animations\characters\evil_d_monsters\dark_lunger\fs0\a_c_edm_dl_fs0_at-02.prs
\art\animations\characters\evil_d_monsters\dark_lunger\fs0\a_c_edm_dl_fs0_dff.prs
\art\animations\characters\evil_d_monsters\dark_lunger\fs0\a_c_edm_dl_fs0_mg.prs
\art\animations\characters\evil_d_monsters\dark_lunger\fs0\a_c_edm_dl_fs0_dsf.prs
\art\bitmaps\terrain\sub_river_2\path\b_t_sr02_pth_08x04-c.%img%
\art\bitmaps\terrain\sub_river_2\path\b_t_sr02_pth_08x04-e.%img%
\art\bitmaps\characters\evil_d_monsters\b_c_edm_dl.%img%
\sound\music\s_m_subriver_01.mp3
\art\bitmaps\terrain\sub_river_2\river\b_t_sr02_rvr_water-2a-1.%img%
\art\bitmaps\terrain\sub_river_2\river\b_t_sr02_rvr_water-2a-2.%img%
\art\bitmaps\terrain\sub_river_2\river\b_t_sr02_rvr_water-2a-3.%img%
\art\bitmaps\terrain\sub_river_2\river\b_t_sr02_rvr_water-2a-4.%img%
\art\terrain\generic\floor\t_xxx_flr_geyser-08x08-a.sno
\art\bitmaps\terrain\sub_river_2\wall\b_t_sr02_wal_08x08-i.%img%
\art\terrain\generic\floor\t_xxx_flr_geyser-04x04-a.sno
\art\meshes\characters\evil_d_monsters\shard\m_c_edm_sd_pos_1.asp
\art\meshes\items\global\m_i_glb_frag-shard-01.asp
\art\meshes\items\global\m_i_glb_frag-shard-02.asp
\art\meshes\items\global\m_i_glb_frag-shard-03.asp
\art\meshes\items\global\m_i_glb_frag-shard-04.asp
\art\meshes\items\global\m_i_glb_frag-shard-05.asp
\art\animations\characters\evil_d_monsters\shard\fs0\a_c_edm_sd_fs0_ds.prs
\art\animations\characters\evil_d_monsters\shard\fs0\a_c_edm_sd_fs0_dfs.prs
\art\animations\characters\evil_d_monsters\shard\fs0\a_c_edm_sd_fs0_wl.prs
\art\animations\characters\evil_d_monsters\shard\fs0\a_c_edm_sd_fs0_at.prs
\art\animations\characters\evil_d_monsters\shard\fs0\a_c_edm_sd_fs0_dff.prs
\art\animations\characters\evil_d_monsters\shard\fs0\a_c_edm_sd_fs0_rv.prs
\art\meshes\items\swamp\m_i_swp_moss-03.asp
\art\meshes\items\global\m_i_glb_moss-04.asp
\art\meshes\items\swamp\m_i_swp_moss-02.asp
\art\meshes\items\global\m_i_glb_mushrooms-08.asp
\art\meshes\items\global\m_i_glb_moss-01.asp
\art\meshes\items\global\m_i_glb_moss-05.asp
\art\meshes\items\caves\m_i_cav_mushrooms-02.asp
\art\meshes\items\caves\m_i_cav_mushrooms-05.asp
\art\bitmaps\items\swamp\b_i_swp_moss.%img%
\art\bitmaps\items\swamp\b_i_swp_moss-01.%img%
\art\bitmaps\items\global\b_i_glb_mushrooms-02.%img%
\art\bitmaps\items\caves\b_i_cav_mushrooms.%img%
\art\bitmaps\items\caves\b_i_cav_mushrooms-01.%img%
\sound\effects\s_e_call_dark_lunger.wav
\art\bitmaps\terrain\sub_river_2\path\b_t_sr02_pth_08x04-g.%img%
\art\terrain\generic\corner\t_xxx_cnr_tee-02a-02b-04-cnvx-r.sno
\art\terrain\generic\corner\t_xxx_cnr_tee-02a-02b-04-cnvx-l.sno
\art\terrain\generic\wall\h2o\t_xxx_wal_h2o_02b-thin.sno
\art\bitmaps\terrain\sub_river_2\wall\b_t_sr02_wal_04x04-b.%img%
\art\terrain\generic\corner\h2o\t_xxx_cnr_h2o_04-cnvx.sno
\art\terrain\generic\floor\h2o\t_xxx_flr_h2o_stalagmite-4h.sno
\art\terrain\generic\wall\h2o\t_xxx_wal_h2o_04-diag-thin-l.sno
\art\terrain\generic\stalagmites\h2o\t_xxx_stlg_h2o_stalagmite-4l-base.sno
\art\terrain\generic\floor\h2o\t_xxx_flr_h2o_drips-04x04-a.sno
\sound\effects\s_e_call_gargoyle.wav
\art\terrain\generic\ramp\h2o\t_xxx_rmp_h2o_thick.sno
\art\terrain\generic\stalagmites\h2o\t_xxx_stlg_h2o_stalagmite-4k-base.sno
\art\meshes\characters\evil_d_monsters\slarg\m_c_edm_sl_pos_1.asp
\art\animations\characters\evil_d_monsters\slarg\fs0\a_c_edm_sl_fs0_ds.prs
\art\animations\characters\evil_d_monsters\slarg\fs0\a_c_edm_sl_fs0_wl.prs
\art\animations\characters\evil_d_monsters\slarg\fs0\a_c_edm_sl_fs0_di.prs
\art\animations\characters\evil_d_monsters\slarg\fs0\a_c_edm_sl_fs0_at.prs
\art\animations\characters\evil_d_monsters\slarg\fs0\a_c_edm_sl_fs0_at-02.prs
\art\animations\characters\evil_d_monsters\slarg\fs0\a_c_edm_sl_fs0_dff.prs
\art\animations\characters\evil_d_monsters\slarg\fs0\a_c_edm_sl_fs0_dsf.prs
\art\bitmaps\characters\evil_d_monsters\b_c_edm_sl.%img%
\art\terrain\generic\ramp\h2o\t_xxx_rmp_h2o_tx-wal-04-thck-r.sno
\art\meshes\characters\evil_d_monsters\lectar\m_c_edm_lt_pos_1.asp
\art\animations\characters\evil_d_monsters\lectar\fs0\a_c_edm_lt_fs0_dfs.prs
\art\animations\characters\evil_d_monsters\lectar\fs0\a_c_edm_lt_fs0_wl.prs
\art\animations\characters\evil_d_monsters\lectar\fs0\a_c_edm_lt_fs0_di.prs
\art\animations\characters\evil_d_monsters\lectar\fs0\a_c_edm_lt_fs0_at.prs
\art\animations\characters\evil_d_monsters\lectar\fs0\a_c_edm_lt_fs0_at-02.prs
\art\animations\characters\evil_d_monsters\lectar\fs0\a_c_edm_lt_fs0_dff.prs
\sound\effects\s_e_attack_shard.wav
\art\bitmaps\characters\evil_d_monsters\b_c_edm_lt.%img%
\art\terrain\generic\floor\h2o\t_xxx_flr_h2o_stalagmite-4c.sno
\art\terrain\generic\floor\h2o\t_xxx_flr_h2o_08x08-v0.sno
\art\terrain\generic\corner\h2o\t_xxx_cnr_h2o_tee-02a-02a-rmp-cnvx-r.sno
\art\bitmaps\items\caves\b_i_cav_gems-03-static.%img%
\art\bitmaps\items\caves\b_i_cav_gems-03-dynamic.%img%
\art\terrain\generic\ramp\h2o\t_xxx_rmp_h2o_cnr-cnvx.sno
\art\meshes\items\swamp\m_i_swp_water-cress-02.asp
\art\meshes\items\swamp\m_i_swp_water-weed-02.asp
\art\meshes\items\swamp\m_i_swp_bush-03.asp
\art\bitmaps\terrain\sub_river_2\wall\b_t_sr02_wal_04x08-c.%img%
\art\bitmaps\items\swamp\b_i_swp_water-cress.%img%
\art\bitmaps\items\swamp\b_i_swp_water-weed.%img%
\art\bitmaps\items\swamp\b_i_swp_bush.%img%
\art\terrain\generic\corner\h2o\t_xxx_cnr_h2o_02b-cnvx.sno
\art\terrain\generic\stalagmites\t_xxx_stlg_stalagmite-4d-base.sno
\art\terrain\generic\stalagmites\t_xxx_stlg_stalagmite-4d-cap.sno
\art\terrain\generic\stalagmites\t_xxx_stlg_stalagmite-4d-top.sno
\art\terrain\generic\corner\t_xxx_cnr_tee-02a-02b-rmp-cnvx-l.sno
\art\terrain\generic\floor\t_xxx_flr_drips-08x08-a.sno
\art\meshes\items\global\m_i_glb_moss-03.asp
\art\meshes\items\global\m_i_glb_mushrooms-04.asp
\art\meshes\items\global\m_i_glb_moss-02.asp
\art\bitmaps\terrain\sub_river_2\path\b_t_sr02_pth_08x04-a.%img%
\art\bitmaps\terrain\sub_river_2\path\b_t_sr02_pth_08x08-b.%img%
\art\bitmaps\terrain\sub_river_2\path\b_t_sr02_pth_08x04-d.%img%
\sound\effects\s_e_env_water_drip_single.wav
\sound\effects\s_e_die_slarg.wav
\art\terrain\generic\corner\h2o\t_xxx_cnr_h2o_08-ccav.sno
\art\bitmaps\terrain\sub_river_2\path\b_t_sr02_pth_04x04-a.%img%
\art\terrain\generic\corner\h2o\t_xxx_cnr_h2o_tee-04-04-08-r.sno
\art\terrain\generic\wall\h2o\t_xxx_wal_h2o_04-thck.sno
\art\bitmaps\terrain\sub_river_2\path\b_t_sr02_pth_08x04-f.%img%
\art\terrain\generic\wall\h2o\t_xxx_wal_h2o_08-thin.sno
\art\terrain\generic\stalagmites\h2o\t_xxx_stlg_h2o_stalagmite-4j-base.sno
\art\terrain\generic\corner\h2o\t_xxx_cnr_h2o_08-cnvx.sno
\art\bitmaps\terrain\sub_river_2\path\b_t_sr02_pth_08x04-b.%img%
\art\terrain\generic\wall\h2o\t_xxx_wal_h2o_08-thck.sno
\art\terrain\generic\floor\h2o\t_xxx_flr_h2o_stalagmite-4b.sno
\art\terrain\generic\floor\h2o\t_xxx_flr_h2o_stalagmite-4a.sno
\art\terrain\generic\stalagmites\h2o\t_xxx_stlg_h2o_stalagmite-8c-base.sno
\art\terrain\generic\floor\h2o\t_xxx_flr_h2o_stalagmite-4e.sno
\art\meshes\items\global\m_i_glb_mushrooms-03.asp
\art\bitmaps\terrain\sub_river_2\path\b_t_sr02_pth_08x08-a.%img%
\art\meshes\characters\evil_d_monsters\hydrack\m_c_edm_hy_pos_1.asp
\art\animations\characters\evil_d_monsters\hydrack\fs0\a_c_edm_hy_fs0_ds.prs
\art\animations\characters\evil_d_monsters\hydrack\fs0\a_c_edm_hy_fs0_rv.prs
\art\animations\characters\evil_d_monsters\hydrack\fs0\a_c_edm_hy_fs0_di.prs
\art\animations\characters\evil_d_monsters\hydrack\fs0\a_c_edm_hy_fs0_at.prs
\art\animations\characters\evil_d_monsters\hydrack\fs0\a_c_edm_hy_fs0_dff.prs
\art\bitmaps\characters\evil_d_monsters\b_c_edm_syr.%img%
\art\terrain\generic\stalagmites\h2o\t_xxx_stlg_h2o_stalagmite-8a-base.sno
\art\terrain\generic\stalagmites\h2o\t_xxx_stlg_h2o_stalagmite-4i-base.sno
\art\terrain\generic\stalagmites\t_xxx_stlg_stalagmite-8a-cap.sno
\art\terrain\generic\stalagmites\t_xxx_stlg_stalagmite-8a-top.sno
\art\bitmaps\terrain\sub_river_2\wall\b_t_sr02_wal_08x08-g.%img%
\sound\effects\s_e_die_dark_lunger.wav
\art\bitmaps\characters\body_armor\type4\b_c_pos_a4_007.%img%
\sound\effects\s_e_gui_put_down_armor_chain.wav
\sound\effects\s_e_die_shard_small.wav
\art\bitmaps\gui\in_game\inventory\armor\boot\b_gui_ig_i_a_boot_010.%img%
\art\bitmaps\gui\in_game\inventory\armor\body_armor\b_gui_ig_i_a_pos_a4_007.%img%
\art\meshes\characters\good_a_heroes\farmboy\m_c_gah_fb_pos_a4.asp
\art\bitmaps\terrain\sub_river_2\wall\b_t_sr02_wal_04x08-d.%img%
\world\maps\map_world\regions\sr_r2\terrain_nodes\siege_nodes.lnc
\world\maps\map_world\regions\sr_r2\terrain_nodes\dir.lqd18
\art\bitmaps\gui\in_game\inventory\weapons\mace\b_gui_ig_i_w_mce_063.%img%
\sound\effects\s_e_hit_lectar.wav
\sound\effects\s_e_die_lectar.wav
\world\maps\map_world\regions\sr_r2\objects\dir.lqd18
\art\terrain\generic\stalagmites\t_xxx_stlg_stalagmite-8b-base.sno
\art\terrain\generic\stalagmites\t_xxx_stlg_stalagmite-8b-cap.sno
\art\terrain\generic\stalagmites\t_xxx_stlg_stalagmite-8b-top.sno
\art\terrain\generic\floor\t_xxx_flr_stalagmite-4k.sno
\art\bitmaps\terrain\sub_river_2\floor\b_t_sr02_flr_stg-08x08-b.%img%
\art\terrain\generic\floor\t_xxx_flr_stalagmite-4l.sno
\art\meshes\characters\evil_c_monsters\trog\m_c_ecm_tg_pos_1.asp
\art\animations\characters\evil_c_monsters\trog\fs1\a_c_ecm_tg_fs1_ds.prs
\art\animations\characters\evil_c_monsters\trog\fs2\a_c_ecm_tg_fs2_ds.prs
\art\animations\characters\evil_c_monsters\trog\fs4\a_c_ecm_tg_fs4_ds.prs
\art\animations\characters\evil_c_monsters\trog\fs1\a_c_ecm_tg_fs1_wl.prs
\art\animations\characters\evil_c_monsters\trog\fs2\a_c_ecm_tg_fs2_wl.prs
\art\animations\characters\evil_c_monsters\trog\fs4\a_c_ecm_tg_fs4_wl.prs
\art\animations\characters\evil_c_monsters\trog\fs1\a_c_ecm_tg_fs1_di.prs
\art\animations\characters\evil_c_monsters\trog\fs2\a_c_ecm_tg_fs2_di.prs
\art\animations\characters\evil_c_monsters\trog\fs4\a_c_ecm_tg_fs4_di.prs
\art\animations\characters\evil_c_monsters\trog\fs1\a_c_ecm_tg_fs1_at.prs
\art\animations\characters\evil_c_monsters\trog\fs1\a_c_ecm_tg_fs1_dff.prs
\art\animations\characters\evil_c_monsters\trog\fs2\a_c_ecm_tg_fs2_at.prs
\art\animations\characters\evil_c_monsters\trog\fs2\a_c_ecm_tg_fs2_dff.prs
\art\animations\characters\evil_c_monsters\trog\fs4\a_c_ecm_tg_fs4_at.prs
\art\animations\characters\evil_c_monsters\trog\fs4\a_c_ecm_tg_fs4_dff.prs
\art\bitmaps\characters\evil_c_monsters\b_c_ecm_tg-02.%img%
\art\bitmaps\terrain\sub_river_2\wall\b_t_sr02_wal_08x08-h.%img%
\art\bitmaps\characters\evil_c_monsters\b_c_ecm_tg.%img%
\art\terrain\generic\bridge\t_xxx_brdg_tx-rck-ramp.sno
\art\meshes\items\global\m_i_glb_mushrooms-07.asp
\art\meshes\items\global\m_i_glb_mushrooms-05.asp
\art\terrain\generic\floor\t_xxx_flr_stalagmite-4j.sno
\art\terrain\generic\bridge\t_xxx_brdg_rck-12.sno
\art\terrain\generic\floor\h2o\t_xxx_flr_h2o_stalagmite-8f.sno
\art\terrain\generic\river\t_xxx_rvr_wfall-12-tx-wal-02.sno
\art\terrain\generic\floor\h2o\t_xxx_flr_h2o_stalagmite-8e.sno
\art\bitmaps\terrain\sub_river_2\river\b_t_sr02_rvr_04x08-01.%img%
\art\bitmaps\terrain\sub_river_2\river\b_t_sr02_rvr_static.%img%
\art\bitmaps\terrain\sub_river_2\river\b_t_sr02_rvr_dynamic.%img%
\art\bitmaps\terrain\sub_river_2\river\b_t_sr02_rvr_fall-08x08-c.%img%
\sound\effects\s_e_env_brook.wav
\art\bitmaps\terrain\sub_river_2\river\b_t_sr02_rvr_fall-08x08-d.%img%
\art\bitmaps\terrain\sub_river_2\river\b_t_sr02_rvr_fall-top-08-static.%img%
\art\bitmaps\terrain\sub_river_2\river\b_t_sr02_rvr_fall-bottom-08-static.%img%
\art\bitmaps\terrain\sub_river_2\river\b_t_sr02_rvr_fall-mist-08x08-static.%img%
\art\bitmaps\terrain\sub_river_2\river\b_t_sr02_rvr_fall-mist-08x08-dynamic.%img%
\art\bitmaps\terrain\sub_river_2\river\b_t_sr02_rvr_fall-08x08-b.%img%
\art\bitmaps\terrain\sub_river_2\river\b_t_sr02_rvr_water-2c-1.%img%
\art\terrain\generic\wall\t_xxx_wal_08-tx-rvr-out.sno
\sound\music\s_m_subriver_02.mp3
\art\terrain\generic\floor\t_xxx_flr_stalagmite-4g.sno
\art\meshes\weapons\misc\m_w_misc_019.asp
\art\bitmaps\terrain\sub_river_2\path\b_t_sr02_pth_08x04-h.%img%
\art\bitmaps\characters\evil_d_monsters\b_c_edm_dl-03.%img%
\art\bitmaps\characters\evil_c_monsters\b_c_ecm_tg-04.%img%
\art\terrain\generic\floor\t_xxx_flr_stalagmite-4i.sno
\art\bitmaps\terrain\sub_river_2\river\b_t_sr02_rvr_fall-08x08-a.%img%
\art\bitmaps\characters\evil_c_monsters\b_c_ecm_tg-03.%img%
\sound\effects\s_e_die_trog.wav
\art\terrain\generic\stalagmites\t_xxx_stlg_stalagmite-4c.sno
\art\terrain\generic\floor\t_xxx_flr_stalagmite-4h.sno
\sound\effects\s_e_env_pipe_steam_constant.wav
\sound\effects\s_e_hit_trog.wav
\art\terrain\generic\floor\t_xxx_flr_geyser-08x08-b.sno
\art\bitmaps\terrain\sub_river_2\floor\b_t_sr02_flr_geyser-mist-static-08x08-a.%img%
\art\terrain\generic\wall\t_xxx_wal_cave-split-12-front-base.sno
\art\terrain\generic\wall\t_xxx_wal_cave-split-12-front-top.sno
\art\terrain\generic\wall\t_xxx_wal_cave-split-12-front-sides.sno
\sound\music\s_m_subriver_04.mp3
\art\bitmaps\armor\gauntlets\b_a_gntl_061.%img%
\art\terrain\generic\floor\t_xxx_flr_stalagmite-8c.sno
\art\bitmaps\armor\helmets\b_a_hlmt_019.%img%
\art\bitmaps\characters\body_armor\type2\b_c_pos_a2_054.%img%
\world\maps\map_world\regions\sr_r3\terrain_nodes\siege_nodes.lnc
\world\maps\map_world\regions\sr_r3\terrain_nodes\dir.lqd18
\sound\effects\s_e_attack_dark_lunger.wav
\art\bitmaps\armor\helmets\b_a_hlmt_015.%img%
\art\bitmaps\gui\in_game\inventory\armor\helmet\b_gui_ig_i_a_hlmt_015.%img%
\art\meshes\characters\good_a_heroes\farmboy\helmets\m_c_gah_fb_hlmt_type15.asp
\world\maps\map_world\regions\sr_r3\objects\dir.lqd18
\art\bitmaps\characters\evil_d_monsters\b_c_edm_dl-02.%img%
\art\bitmaps\terrain\sub_river_2\wall\b_t_sr02_wal_08x08-k.%img%
\art\bitmaps\terrain\sub_river_2\wall\b_t_sr02_wal_08x08-j.%img%
\art\terrain\generic\ruins\t_xxx_ruin_zportal-top-a.sno
\art\bitmaps\terrain\sub_river_2\ruins\dir.lqd18
\art\terrain\generic\ruins\t_xxx_ruin_zportal-roof-a.sno
\art\bitmaps\terrain\dungeon_greystone_2\dir.lqd18
\art\bitmaps\terrain\dungeon_greystone_2\dungeon\dir.lqd18
\art\bitmaps\terrain\sub_river_2\ruins\b_t_sr02_ruin_flr-04x04-pillar-a.%img%
\art\bitmaps\terrain\sub_river_2\ruins\b_t_sr02_ruin_wall-04x04-a.%img%
\art\bitmaps\terrain\sub_river_2\ruins\b_t_sr02_ruin_wall-04x04-b.%img%
\art\bitmaps\terrain\sub_river_2\ruins\b_t_sr02_ruin_flr-04x04-a.%img%
\art\bitmaps\terrain\sub_river_2\ruins\b_t_sr02_ruin_flr-04x04-b.%img%
\art\bitmaps\terrain\sub_river_2\ruins\b_t_sr02_ruin_wall-08x04-detail-a.%img%
\art\bitmaps\terrain\dungeon_greystone_2\dungeon\b_t_dgn13_dgn_wal-04x04-a.%img%
\art\bitmaps\terrain\dungeon_greystone_2\dungeon\b_t_dgn13_dgn_wal-04x04-b.%img%
\art\bitmaps\terrain\dungeon_greystone_2\dungeon\b_t_dgn13_dgn_wal-a-tx-b-02x04-a.%img%
\art\bitmaps\terrain\dungeon_greystone_2\dungeon\b_t_dgn13_dgn_flr-04x04-b.%img%
\art\bitmaps\terrain\dungeon_greystone_2\dungeon\b_t_dgn13_dgn_stair-front.%img%
\art\bitmaps\terrain\dungeon_greystone_2\dungeon\b_t_dgn13_dgn_stair-top.%img%
\art\bitmaps\terrain\dungeon_greystone_2\dungeon\b_t_dgn13_dgn_wal-04x04-arch-a.%img%
\art\bitmaps\armor\boots\b_a_boot_019.%img%
\art\meshes\characters\evil_d_monsters\skick\m_c_edm_sk_pos_1.asp
\art\meshes\items\global\m_i_glb_frag-skick-01.asp
\art\meshes\items\global\m_i_glb_frag-skick-02.asp
\art\meshes\items\global\m_i_glb_frag-skick-03.asp
\art\meshes\items\global\m_i_glb_frag-skick-04.asp
\art\meshes\items\global\m_i_glb_frag-skick-05.asp
\art\animations\characters\evil_d_monsters\skick\fs0\a_c_edm_sk_fs0_dfs.prs
\art\animations\characters\evil_d_monsters\skick\fs0\a_c_edm_sk_fs0_wl.prs
\art\animations\characters\evil_d_monsters\skick\fs0\a_c_edm_sk_fs0_di.prs
\art\animations\characters\evil_d_monsters\skick\fs0\a_c_edm_sk_fs0_at.prs
\art\animations\characters\evil_d_monsters\skick\fs0\a_c_edm_sk_fs0_dff.prs
\art\bitmaps\characters\evil_d_monsters\b_c_edm_sk.%img%
\art\meshes\characters\evil_d_monsters\stalagnid\m_c_edm_sn_pos_1.asp
\art\meshes\items\global\m_i_glb_frag-stalagnid-01.asp
\art\meshes\items\global\m_i_glb_frag-stalagnid-02.asp
\art\meshes\items\global\m_i_glb_frag-stalagnid-03.asp
\art\meshes\items\global\m_i_glb_frag-stalagnid-04.asp
\art\meshes\items\global\m_i_glb_frag-stalagnid-05.asp
\art\animations\characters\evil_d_monsters\stalagnid\fs0\a_c_edm_sn_fs0_ds.prs
\art\animations\characters\evil_d_monsters\stalagnid\fs0\a_c_edm_sn_fs0_wl.prs
\art\animations\characters\evil_d_monsters\stalagnid\fs0\a_c_edm_sn_fs0_di.prs
\art\animations\characters\evil_d_monsters\stalagnid\fs0\a_c_edm_sn_fs0_at.prs
\art\animations\characters\evil_d_monsters\stalagnid\fs0\a_c_edm_sn_fs0_dff.prs
\art\animations\characters\evil_d_monsters\stalagnid\fs0\a_c_edm_sn_fs0_rv.prs
\art\bitmaps\characters\evil_d_monsters\b_c_edm_sn.%img%
\sound\music\s_m_subriver_03.mp3
\sound\effects\s_e_hit_skick.wav
\sound\effects\s_e_die_skick.wav
\art\terrain\generic\bridge\t_xxx_brdg_tx-stg-wal-24.sno
\world\maps\map_world\regions\sr_r4\terrain_nodes\siege_nodes.lnc
\world\maps\map_world\regions\sr_r4\terrain_nodes\dir.lqd18
\art\terrain\generic\bridge\t_xxx_brdg_stg-08.sno
\world\maps\map_world\regions\sr_r4\objects\dir.lqd18
\art\terrain\generic\bridge\t_xxx_brdg_pillar-stg-24.sno
\art\terrain\generic\bridge\t_xxx_brdg_pillar-stg-top-2.sno
\art\terrain\generic\bridge\t_xxx_brdg_stg-16.sno
\art\terrain\generic\bridge\t_xxx_brdg_tx-stg-wal-12.sno
\art\bitmaps\decals\b_d_sr02-a.%img%
\art\meshes\characters\evil_d_monsters\spiked_maw\m_c_edm_sm_pos_1.asp
\art\meshes\items\global\m_i_glb_frag-spiked-maw-01.asp
\art\meshes\items\global\m_i_glb_frag-spiked-maw-02.asp
\art\meshes\items\global\m_i_glb_frag-spiked-maw-03.asp
\art\meshes\items\global\m_i_glb_frag-spiked-maw-04.asp
\art\meshes\items\global\m_i_glb_frag-spiked-maw-05.asp
\art\meshes\weapons\misc\m_w_misc_025.asp
\art\meshes\weapons\misc\m_w_misc_015.asp
\art\animations\characters\evil_d_monsters\spiked_maw\fs0\a_c_edm_sm_fs0_ds.prs
\art\animations\characters\evil_d_monsters\spiked_maw\fs0\a_c_edm_sm_fs0_wl.prs
\art\animations\characters\evil_d_monsters\spiked_maw\fs0\a_c_edm_sm_fs0_di.prs
\art\animations\characters\evil_d_monsters\spiked_maw\fs0\a_c_edm_sm_fs0_at.prs
\art\animations\characters\evil_d_monsters\spiked_maw\fs0\a_c_edm_sm_fs0_dff.prs
\art\bitmaps\characters\evil_d_monsters\b_c_edm_sm.%img%
\art\bitmaps\characters\evil_d_monsters\b_c_edm_sm-03.%img%
\sound\music\s_m_subriver_05.mp3
\art\bitmaps\terrain\sub_river_2\b_t_sr02_ele-logplain.%img%
\art\bitmaps\terrain\sub_river_2\b_t_sr02_ele-logend.%img%
\art\bitmaps\items\caves\b_i_cav_gems-02-static.%img%
\art\bitmaps\items\caves\b_i_cav_gems-02-dynamic.%img%
\art\terrain\generic\bridge\t_xxx_brdg_rck-04.sno
\sound\effects\s_e_die_spiked_maw.wav
\sound\effects\s_e_hit_steelsword_stone.wav
\art\terrain\generic\bridge\t_xxx_brdg_stg-12.sno
\art\terrain\generic\bridge\t_xxx_brdg_pillar-stg-top-3.sno
\art\terrain\generic\bridge\t_xxx_brdg_pillar-stg-top-0.sno
\art\terrain\generic\ruins\t_xxx_ruin_block-04x04-b.sno
\art\terrain\generic\wall\t_xxx_wal_24-tx-rmp-r.sno
\art\terrain\generic\ruins\t_xxx_ruin_wall-cnr-a.sno
\art\terrain\generic\ruins\t_xxx_ruin_wall-08x04-a.sno
\art\bitmaps\terrain\sub_river_2\ruins\b_t_sr02_ruin_wall-02x02-detail-a.%img%
\art\bitmaps\terrain\sub_river_2\ruins\b_t_sr02_ruin_wall-04x04-c.%img%
\art\terrain\generic\bridge\t_xxx_brdg_pillar-stg-top-1.sno
\art\terrain\generic\wall\t_xxx_wal_32-diag-thin-l.sno
\art\terrain\generic\corner\h2o\t_xxx_cnr_h2o_12-ccav.sno
\art\terrain\generic\wall\h2o\t_xxx_wal_h2o_12-thin.sno
\art\meshes\weapons\axe\m_w_axe_056.asp
\art\terrain\generic\corner\h2o\t_xxx_cnr_h2o_12-cnvx.sno
\art\terrain\generic\corner\h2o\t_xxx_cnr_h2o_tee-08-04-12-r.sno
\art\terrain\generic\floor\h2o\t_xxx_flr_h2o_stalagmite-4k.sno
\art\terrain\generic\floor\h2o\t_xxx_flr_h2o_stalagmite-4l.sno
\art\bitmaps\characters\evil_d_monsters\b_c_edm_dl-07.%img%
\art\terrain\generic\wall\h2o\t_xxx_wal_h2o_08-pth-r.sno
\art\terrain\generic\corner\h2o\t_xxx_cnr_h2o_tee-08-04-12-l.sno
\art\terrain\generic\floor\h2o\t_xxx_flr_h2o_drips-08x08-a.sno
\art\terrain\generic\corner\h2o\t_xxx_cnr_h2o_tee-04-08-12-r.sno
\art\terrain\generic\corner\h2o\t_xxx_cnr_h2o_tee-04-08-12-l.sno
\art\terrain\subterranean_river\t_sr01_portal-for-base-front-a.sno
\world\maps\map_world\regions\df_r0\terrain_nodes\siege_nodes.lnc
\world\maps\map_world\regions\df_r0\terrain_nodes\dir.lqd18
\art\terrain\subterranean_river\t_sr01_portal-for-side-front-a.sno
\art\terrain\subterranean_river\t_sr01_portal-for-top-front-a.sno
\art\terrain\subterranean_river\t_sr01_portal-for-base-back-a.sno
\world\maps\map_world\regions\df_r0\objects\dir.lqd18
\art\terrain\subterranean_river\t_sr01_portal-for-side-back-a.sno
\art\terrain\subterranean_river\t_sr01_portal-for-top-back-a.sno
\art\bitmaps\terrain\sub_river_2\b_t_sr02_portal-tx-wall-04x04-b.%img%
\art\bitmaps\terrain\sub_river_2\b_t_sr02_portal-flr-a.%img%
\art\bitmaps\terrain\sub_river_2\b_t_sr02_portal-tx-wall-04x04-a.%img%
\art\bitmaps\terrain\forest_pine\wall\b_t_for01_wal_08x08-a.%img%
\art\terrain\generic\ruins\t_xxx_ruin_alcove-a.sno
\art\meshes\items\global\m_i_glb_mushrooms-10.asp
\sound\effects\s_e_die_syrrus.wav
\art\bitmaps\terrain\forest_pine\path\b_t_for01_pth_08x04-j.%img%
\art\meshes\characters\evil_d_monsters\troll\m_c_edm_tl_pos_1.asp
\art\animations\characters\evil_d_monsters\troll\fs1\a_c_edm_tl_fs1_ds.prs
\art\animations\characters\evil_d_monsters\troll\fs1\a_c_edm_tl_fs1_wl.prs
\art\animations\characters\evil_d_monsters\troll\fs1\a_c_edm_tl_fs1_di.prs
\art\animations\characters\evil_d_monsters\troll\fs1\a_c_edm_tl_fs1_at.prs
\art\animations\characters\evil_d_monsters\troll\fs1\a_c_edm_tl_fs1_at-02.prs
\art\animations\characters\evil_d_monsters\troll\fs1\a_c_edm_tl_fs1_dff.prs
\art\animations\characters\evil_d_monsters\troll\fs1\a_c_edm_tl_fs1_dsf.prs
\art\bitmaps\characters\evil_d_monsters\b_c_edm_tl-03.%img%
\art\meshes\items\grass\m_i_grs_bush-07.asp
\art\bitmaps\items\grass\b_i_grs_bush-07.%img%
\sound\effects\s_e_die_shard_large.wav
\art\meshes\items\global\m_i_glb_mushrooms-09.asp
\sound\music\s_m_darkforest_01.mp3
\art\bitmaps\characters\evil_d_monsters\b_c_edm_kw-02.%img%
\art\bitmaps\items\swamp\b_i_swp_crate-01.%img%
\sound\effects\s_e_call_troll.wav
\sound\effects\s_e_hit_troll.wav
\sound\effects\s_e_die_troll.wav
\art\terrain\gypsy_tents\t_gyp_tent-small-v1.sno
\art\bitmaps\terrain\gypsy_tents\dir.lqd18
\art\terrain\gypsy_tents\t_gyp_tent-big.sno
\art\terrain\gypsy_tents\t_gyp_tent-small-roof-v1.sno
\art\bitmaps\terrain\gypsy_tents\b_t_gyp_tent3-wall-8x4.%img%
\art\bitmaps\terrain\gypsy_tents\b_t_gyp_tent3-floor-8x8.%img%
\art\bitmaps\terrain\gypsy_tents\b_t_gyp_tent3-flap.%img%
\art\bitmaps\characters\good_a_heroes\farmgirl\b_c_gah_fg_skin_07.%img%
\art\bitmaps\characters\body_armor\b1\b_c_pos_b1_006.%img%
\sound\effects\s_e_hit_klaw.wav
\art\bitmaps\terrain\gypsy_tents\b_t_gyp_tent3-roof-4x8.%img%
\art\bitmaps\characters\body_armor\type7\b_c_pos_a7_009.%img%
\art\terrain\gypsy_tents\t_gyp_tent-big-roof.sno
\art\meshes\armor\helmets\m_a_hlmt_type50.asp
\art\meshes\armor\shields\m_a_shd_24.asp
\art\meshes\weapons\staff\m_w_stf_076.asp
\art\meshes\weapons\axe\m_w_axe_074.asp
\art\meshes\weapons\staff\m_w_stf_074.asp
\art\meshes\weapons\axe\m_w_axe_071.asp
\art\meshes\weapons\hammer\m_w_hmr_012.asp
\art\meshes\weapons\staff\m_w_stf_079.asp
\art\meshes\weapons\hammer\m_w_hmr_017.asp
\art\meshes\weapons\hammer\m_w_hmr_013.asp
\art\meshes\weapons\mace\m_w_mce_064.asp
\art\meshes\weapons\axe\m_w_axe_085.asp
\art\meshes\weapons\crossbow\m_w_csb_002.asp
\art\meshes\items\desert\m_i_des_basket-02.asp
\world\maps\map_world\regions\df_r0\conversations\dir.lqd18
\art\meshes\items\global\m_i_glb_cloth-bolt-03.asp
\art\meshes\items\grass\m_i_grs_flowers-07.asp
\art\meshes\items\global\m_i_glb_brazier-01.asp
\art\meshes\items\global\m_i_glb_cart-caravan-01.asp
\art\bitmaps\terrain\gypsy_tents\b_t_gyp_tent1wall-4x4.%img%
\world\ai\jobs\actors\good\job_talk_traveler_bandit.skrit
\world\ai\jobs\actors\good\job_talk_nong.skrit
\art\bitmaps\terrain\gypsy_tents\b_t_gyp_rope.%img%
\art\bitmaps\terrain\gypsy_tents\b_t_gyp_tent1-opening-4x4.%img%
\art\bitmaps\terrain\gypsy_tents\b_t_gyp_tent1-floor-8x8.%img%
\art\bitmaps\terrain\gypsy_tents\b_t_gyp_tent1-floor-up-4x4.%img%
\art\bitmaps\terrain\gypsy_tents\b_t_gyp_tent1-floor-side-4x4.%img%
\art\bitmaps\terrain\gypsy_tents\b_t_gyp_stake.%img%
\art\bitmaps\terrain\gypsy_tents\b_t_gyp_tent1roof-8x8.%img%
\art\bitmaps\characters\good_a_heroes\farmboy\b_c_gah_fb_skin_24.%img%
\art\terrain\gypsy_tents\t_gyp_tent-small-v0.sno
\art\bitmaps\characters\good_a_heroes\farmgirl\b_c_gah_fg_skin_08.%img%
\art\bitmaps\characters\body_armor\type1\b_c_pos_a1_025.%img%
\art\bitmaps\characters\body_armor\type2\b_c_pos_a2_005.%img%
\art\bitmaps\items\desert\b_i_des_basket-02.%img%
\art\bitmaps\items\global\b_i_glb_cloth-bolt-03.%img%
\art\bitmaps\items\grass\b_i_grs_flowers-07.%img%
\art\bitmaps\characters\good_a_heroes\farmboy\b_c_gah_fb_skin_09.%img%
\art\bitmaps\items\global\b_i_glb_brazier-01.%img%
\art\bitmaps\items\global\b_i_glb_cart-caravan-02.%img%
\art\bitmaps\characters\good_a_heroes\farmboy\b_c_gah_fb_skin_18.%img%
\art\bitmaps\characters\body_armor\type7\b_c_pos_a7_019.%img%
\art\bitmaps\characters\good_a_heroes\farmboy\b_c_gah_fb_skin_10.%img%
\art\bitmaps\characters\body_armor\type1\b_c_pos_a1_019.%img%
\art\terrain\gypsy_tents\t_gyp_tent-small-roof-v0.sno
\art\meshes\characters\good_b_npc\fortuneteller\m_c_gbn_ft_pos_1.asp
\art\meshes\characters\evil_d_monsters\clay_golem\m_c_edm_cg_pos_1.asp
\world\ai\jobs\actors\good\job_helper_follow.skrit
\art\animations\characters\good_b_npc\fortuneteller\fs0\a_c_gbn_ft_fs0_ds.prs
\art\animations\characters\good_b_npc\fortuneteller\fs0\a_c_gbn_ft_fs0_dff.prs
\art\animations\characters\good_b_npc\fortuneteller\fs0\a_c_gbn_ft_fs0_dsf.prs
\art\meshes\items\global\m_i_glb_crystal-ball-table.asp
\art\meshes\items\global\m_i_glb_crystal-ball.asp
\art\bitmaps\terrain\gypsy_tents\b_t_gyp_tent2wall-8x4.%img%
\art\bitmaps\terrain\gypsy_tents\b_t_gyp_tent2flap.%img%
\art\bitmaps\terrain\gypsy_tents\b_t_gyp_tent2-floor-8x8.%img%
\art\bitmaps\items\global\b_i_glb_cart-caravan-01.%img%
\art\bitmaps\terrain\gypsy_tents\b_t_gyp_tent2roof-4x8.%img%
\art\bitmaps\characters\good_b_npc\b_c_gbn_ft-02.%img%
\art\terrain\forest_1\t_for01_flr-tx-grs01-08x04-d.sno
\art\bitmaps\items\global\b_i_glb_crystal-ball-table.%img%
\art\bitmaps\items\global\b_i_glb_crystal-ball.%img%
\art\bitmaps\terrain\forest_pine\b_t_for01_flr-tx-grs01-08x04-d.%img%
\sound\music\s_m_templeruins_05.mp3
\world\ai\jobs\actors\good\job_talk_phaedriel.skrit
\art\meshes\items\global\m_i_glb_log-07.asp
\art\bitmaps\characters\good_a_heroes\farmgirl\b_c_gah_fg_skin_25.%img%
\art\bitmaps\characters\body_armor\type3\b_c_pos_a3_023.%img%
\sound\voices\s_v_df_nong1.mp3
\sound\voices\s_v_df_nong2.mp3
\sound\voices\s_v_greet_male_traveler.mp3
\sound\voices\s_v_df_yadze1.mp3
\art\bitmaps\gui\in_game\inventory\icons\b_gui_ig_i_ic_c_yadze.%img%
\art\bitmaps\gui\in_game\inventory\armor\body_armor\b_gui_ig_i_a_pos_a2_029.%img%
\art\bitmaps\gui\in_game\inventory\armor\gauntlet\b_gui_ig_i_a_gntl_063.%img%
\art\bitmaps\gui\in_game\inventory\armor\body_armor\b_gui_ig_i_a_pos_a7_042.%img%
\art\bitmaps\gui\in_game\inventory\armor\boot\b_gui_ig_i_a_boot_054.%img%
\art\bitmaps\gui\in_game\inventory\armor\gauntlet\b_gui_ig_i_a_gntl_025.%img%
\art\bitmaps\gui\in_game\inventory\armor\gauntlet\b_gui_ig_i_a_gntl_068.%img%
\art\bitmaps\gui\in_game\inventory\armor\gauntlet\b_gui_ig_i_a_gntl_041.%img%
\art\bitmaps\gui\in_game\inventory\armor\body_armor\b_gui_ig_i_a_pos_a7_035.%img%
\art\bitmaps\gui\in_game\inventory\armor\boot\b_gui_ig_i_a_boot_026.%img%
\art\bitmaps\gui\in_game\inventory\armor\body_armor\b_gui_ig_i_a_pos_a2_011.%img%
\sound\voices\s_v_df_yadze2.mp3
\sound\voices\s_v_ds_phaedriel1.mp3
\sound\voices\s_v_ds_phaedriel4.mp3
\art\bitmaps\items\swamp\b_i_swp_post-01.%img%
\art\bitmaps\items\swamp\b_i_swp_sign-01.%img%
\art\meshes\weapons\staff\m_w_stf_053.asp
\art\terrain\generic\wall\t_xxx_wal_12-tx-02b-l.sno
\art\bitmaps\items\grass\b_i_grs_tree-pine-sequoia.%img%
\art\bitmaps\terrain\forest_pine\river\dir.lqd18
\art\terrain\generic\river\t_xxx_rvr_08-right-b.sno
\art\terrain\generic\river\t_xxx_rvr_12-tx-08-right-b.sno
\art\bitmaps\terrain\forest_pine\river\b_t_for01_rvr_08x08-trn.%img%
\art\bitmaps\terrain\forest_pine\river\b_t_for01_rvr_static.%img%
\art\bitmaps\terrain\forest_pine\river\b_t_for01_rvr_dynamic.%img%
\art\bitmaps\terrain\forest_pine\river\b_t_for01_rvr_08x08-01.%img%
\art\bitmaps\gui\in_game\inventory\weapons\staff\b_gui_ig_i_w_stf_133.%img%
\art\bitmaps\gui\in_game\inventory\icons\b_gui_ig_i_ic_stf_002.%img%
\art\bitmaps\characters\evil_d_monsters\b_c_edm_tl-06.%img%
\art\bitmaps\gui\in_game\inventory\items\b_gui_ig_i_it_amulet_003.%img%
\world\maps\map_world\regions\df_bandits\terrain_nodes\siege_nodes.lnc
\world\maps\map_world\regions\df_bandits\terrain_nodes\dir.lqd18
\world\maps\map_world\regions\df_bandits\objects\dir.lqd18
\art\meshes\characters\evil_d_monsters\hellboar\m_c_edm_hb_pos_1.asp
\art\animations\characters\evil_d_monsters\hellboar\fs0\a_c_edm_hb_fs0_dfs.prs
\art\animations\characters\evil_d_monsters\hellboar\fs0\a_c_edm_hb_fs0_rl.prs
\art\animations\characters\evil_d_monsters\hellboar\fs0\a_c_edm_hb_fs0_di.prs
\art\animations\characters\evil_d_monsters\hellboar\fs0\a_c_edm_hb_fs0_at.prs
\art\animations\characters\evil_d_monsters\hellboar\fs0\a_c_edm_hb_fs0_at-02.prs
\art\animations\characters\evil_d_monsters\hellboar\fs0\a_c_edm_hb_fs0_dff.prs
\art\bitmaps\characters\evil_d_monsters\b_c_edm_hb.%img%
\art\meshes\items\global\m_i_glb_mushrooms-01.asp
\art\meshes\characters\evil_c_monsters\gorack\m_c_ecm_ga_pos_1.asp
\art\animations\characters\evil_c_monsters\gorack\fs0\a_c_ecm_ga_fs0_ds.prs
\art\animations\characters\evil_c_monsters\gorack\fs0\a_c_ecm_ga_fs0_wl.prs
\art\animations\characters\evil_c_monsters\gorack\fs0\a_c_ecm_ga_fs0_di.prs
\art\animations\characters\evil_c_monsters\gorack\fs0\a_c_ecm_ga_fs0_at.prs
\art\animations\characters\evil_c_monsters\gorack\fs0\a_c_ecm_ga_fs0_at-02.prs
\art\animations\characters\evil_c_monsters\gorack\fs0\a_c_ecm_ga_fs0_dff.prs
\art\animations\characters\evil_c_monsters\gorack\fs0\a_c_ecm_ga_fs0_mg.prs
\art\bitmaps\characters\evil_c_monsters\b_c_ecm_ga.%img%
\sound\music\s_m_darkforest_02.mp3
\art\meshes\armor\helmets\m_a_hlmt_type7.asp
\art\bitmaps\characters\evil_c_monsters\b_c_ecm_ga-04.%img%
\sound\effects\s_e_die_hellboar.wav
\sound\effects\s_e_call_gorack.wav
\sound\effects\s_e_hit_gorack.wav
\art\bitmaps\characters\good_a_heroes\farmboy\b_c_gah_fb_skin_34.%img%
\art\bitmaps\characters\body_armor\type3\b_c_pos_a3_032.%img%
\art\meshes\characters\good_a_heroes\farmboy\helmets\m_c_gah_fb_hlmt_head-05.asp
\art\bitmaps\characters\body_armor\type3\b_c_pos_a3_033.%img%
\sound\effects\s_e_call_bandit.wav
\sound\effects\s_e_hit_bandit.wav
\art\meshes\items\global\m_i_glb_bed-05.asp
\art\bitmaps\items\global\b_i_glb_bed-05.%img%
\art\meshes\items\grass\m_i_grs_tripod-01.asp
\art\bitmaps\items\grass\b_i_grs_tripod-01.%img%
\art\meshes\items\global\m_i_glb_tent-merchant-02.asp
\art\animations\items\global\a_i_glb_tent-merchant-02-open.prs
\art\meshes\items\global\m_i_glb_target-01.asp
\art\bitmaps\items\global\b_i_glb_tent-merchant-02.%img%
\art\bitmaps\items\global\b_i_glb_target-01.%img%
\art\bitmaps\terrain\forest_pine\path\b_t_for01_pth_08x08-f.%img%
\art\bitmaps\characters\evil_d_monsters\b_c_edm_wf-02.%img%
\world\maps\map_world\regions\df_r1\terrain_nodes\siege_nodes.lnc
\world\maps\map_world\regions\df_r1\terrain_nodes\dir.lqd18
\art\terrain\generic\path\t_xxx_pth_04x04-g.sno
\art\bitmaps\terrain\forest_pine\wall\b_t_for01_wal_08x04-c.%img%
\art\bitmaps\terrain\forest_pine\path\b_t_for01_pth_04x04-g.%img%
\art\bitmaps\terrain\forest_pine\path\b_t_for01_pth_04x04-f.%img%
\art\bitmaps\terrain\forest_pine\wall\b_t_for01_wal_08x08-e.%img%
\art\terrain\generic\keep\floor\t_xxx_keep_flr_path-cap-08x04-a.sno
\art\bitmaps\terrain\keep_darkbrick_1\dir.lqd18
\art\bitmaps\terrain\keep_darkbrick_1\keep\dir.lqd18
\art\bitmaps\armor\boots\b_a_boot_015.%img%
\world\maps\map_world\regions\df_r1\objects\dir.lqd18
\art\terrain\generic\wall\t_xxx_wal_cave-24-base.sno
\art\terrain\generic\wall\t_xxx_wal_cave-24-sides.sno
\art\terrain\generic\wall\t_xxx_wal_cave-24-top.sno
\sound\effects\s_e_die_bandit.wav
\art\bitmaps\characters\body_armor\type7\b_c_pos_a7_035.%img%
\art\meshes\characters\good_a_heroes\farmboy\helmets\m_c_gah_fb_hlmt_head-04.asp
\art\meshes\weapons\axe\m_w_axe_061.asp
\art\bitmaps\characters\good_a_heroes\farmboy\b_c_gah_fb_skin_35.%img%
\art\bitmaps\characters\body_armor\type3\b_c_pos_a3_034.%img%
\art\bitmaps\gui\in_game\inventory\weapons\sword\b_gui_ig_i_w_swd_098.%img%
\sound\effects\s_e_die_gorack.wav
\art\bitmaps\armor\shields\b_a_shd_100.%img%
\art\bitmaps\armor\shields\b_a_shd_090.%img%
\art\terrain\generic\keep\wall\t_xxx_keep_wall_portal-base-a.sno
\art\terrain\generic\keep\corner\t_xxx_keep_cnr_outside-cnvx-a.sno
\art\bitmaps\terrain\keep_darkbrick_1\keep\b_t_keep01_keep_floor-tx-b.%img%
\art\bitmaps\armor\gauntlets\b_a_gntl_083.%img%
\art\terrain\generic\keep\corner\t_xxx_keep_cnr_cncv-tall-a.sno
\art\terrain\generic\keep\wall\t_xxx_keep_wall_portal-sides-a.sno
\art\terrain\generic\keep\wall\t_xxx_keep_wall_portal-basetop-a.sno
\art\terrain\generic\keep\floor\t_xxx_keep_flr_04x02-b.sno
\art\terrain\generic\keep\floor\t_xxx_keep_flr_pillar-a.sno
\art\meshes\items\global\m_i_glb_strawman-02.asp
\art\meshes\items\global\m_i_glb_strawman-01.asp
\art\bitmaps\terrain\keep_darkbrick_1\keep\b_t_keep01_keep_wall-b.%img%
\art\bitmaps\terrain\keep_darkbrick_1\keep\b_t_keep01_keep_wall-c.%img%
\art\bitmaps\terrain\keep_darkbrick_1\keep\b_t_keep01_keep_floor-a.%img%
\art\bitmaps\terrain\keep_darkbrick_1\keep\b_t_keep01_keep_flr-outside-04x04-a.%img%
\art\bitmaps\terrain\keep_darkbrick_1\keep\b_t_keep01_keep_floor-tx-a.%img%
\art\bitmaps\terrain\keep_darkbrick_1\keep\b_t_keep01_keep_wall-d.%img%
\art\bitmaps\items\global\b_i_glb_dummy-01.%img%
\art\terrain\generic\keep\wall\t_xxx_keep_wall_clm-win-a.sno
\art\terrain\generic\keep\corner\t_xxx_keep_cnr_outside-cncv-a.sno
\art\terrain\generic\keep\corner\t_xxx_keep_cnr_outside-top-cnvx-a.sno
\art\terrain\generic\keep\wall\t_xxx_keep_wall_outside-clmn-a.sno
\art\terrain\generic\keep\wall\t_xxx_keep_wall_outside-top-portal-a.sno
\art\terrain\generic\keep\wall\t_xxx_keep_wall_outside-top-clmn-a.sno
\art\terrain\generic\keep\floor\t_xxx_keep_flr_16x08-a.sno
\art\terrain\generic\keep\corner\t_xxx_keep_cnr_outside-top-cncv-a.sno
\art\meshes\items\global\m_i_glb_hammock-01.asp
\art\bitmaps\terrain\keep_darkbrick_1\keep\b_t_keep01_keep_wall-a.%img%
\art\bitmaps\terrain\keep_darkbrick_1\keep\b_t_keep01_keep_wall-outside.%img%
\art\bitmaps\items\global\b_i_glb_hammock-01.%img%
\art\terrain\generic\keep\wall\t_xxx_keep_wall_thin-tall-a.sno
\art\terrain\generic\keep\wall\t_xxx_keep_wall_thick-tall-a.sno
\art\terrain\generic\keep\wall\t_xxx_keep_wall_outside-top-a.sno
\art\terrain\generic\keep\floor\t_xxx_keep_flr_stair-cnvx-a.sno
\art\terrain\generic\keep\floor\t_xxx_keep_flr_04x02-a.sno
\art\terrain\generic\keep\floor\t_xxx_keep_flr_02x02-a.sno
\art\terrain\generic\keep\floor\t_xxx_keep_flr_08x08-a.sno
\art\terrain\generic\keep\corner\t_xxx_keep_cnr_cnvx-tall-a.sno
\art\terrain\generic\keep\floor\t_xxx_keep_flr_04x04-b.sno
\art\terrain\generic\keep\floor\t_xxx_keep_flr_08x04-a.sno
\art\bitmaps\terrain\keep_darkbrick_1\keep\b_t_keep01_keep_wall-win-a.%img%
\art\bitmaps\terrain\keep_darkbrick_1\keep\b_t_keep01_keep_floor-b.%img%
\art\bitmaps\terrain\keep_darkbrick_1\keep\b_t_keep01_keep_pillar-04x04-a.%img%
\art\terrain\generic\keep\floor\t_xxx_keep_flr_stair-04x02-a.sno
\art\bitmaps\terrain\keep_darkbrick_1\keep\b_t_keep01_keep_stair-top.%img%
\art\bitmaps\terrain\keep_darkbrick_1\keep\b_t_keep01_keep_stair-front.%img%
\art\bitmaps\characters\body_armor\type1\b_c_pos_a1_041.%img%
\art\terrain\generic\keep\wall\t_xxx_keep_wall_outside-a.sno
\art\meshes\items\global\m_i_glb_ground-cover-04.asp
\art\bitmaps\items\grass\b_i_grs_ground-cover-01.%img%
\sound\music\s_m_darkforest_03.mp3
\art\terrain\swamp\t_swp_grs1toswp-04x04-c.sno
\art\terrain\swamp\t_swp_grs1toswp-04x04-a.sno
\art\terrain\swamp\t_swp_grs1toswp-08x04-a.sno
\art\bitmaps\terrain\swamp\b_t_swp_grs1toswmp-4c.%img%
\art\terrain\swamp\t_swp_grs1toswp-04x04-b.sno
\art\bitmaps\terrain\swamp\floor\dir.lqd18
\art\bitmaps\terrain\swamp\wall\dir.lqd18
\art\bitmaps\terrain\swamp\river\dir.lqd18
\art\bitmaps\terrain\swamp\b_t_swp_grs1toswmp-4a.%img%
\art\meshes\items\swamp\m_i_swp_bush-07.asp
\art\meshes\items\swamp\m_i_swp_water-cress-03.asp
\art\meshes\items\swamp\m_i_swp_grass-01.asp
\art\bitmaps\terrain\swamp\floor\b_t_swp_flr_04x04-a.%img%
\art\bitmaps\terrain\swamp\wall\b_t_swp_wal_04x04-b.%img%
\art\bitmaps\terrain\swamp\river\b_t_swp_rvr_water-2a-1.%img%
\art\bitmaps\items\swamp\b_i_swp_bush-05.%img%
\art\bitmaps\items\swamp\b_i_swp_grass.%img%
\art\meshes\items\swamp\m_i_swp_grass-03.asp
\art\bitmaps\terrain\swamp\b_t_swp_grs1toswmp-8x4a.%img%
\art\bitmaps\terrain\swamp\b_t_swp_grs1toswmp-4b.%img%
\art\meshes\items\swamp\m_i_swp_reed-06.asp
\art\bitmaps\terrain\swamp\wall\b_t_swp_wal_08x04-a.%img%
\art\bitmaps\gui\in_game\inventory\weapons\staff\b_gui_ig_i_w_stf_106.%img%
\art\bitmaps\gui\in_game\inventory\armor\body_armor\b_gui_ig_i_a_pos_a3_023.%img%
\art\bitmaps\terrain\swamp\wall\b_t_swp_wal_04x04-c.%img%
\art\meshes\items\swamp\m_i_swp_bush-02.asp
\art\meshes\items\swamp\m_i_swp_tree-02.asp
\art\bitmaps\items\swamp\b_i_swp_tree.%img%
\art\meshes\items\swamp\m_i_swp_bush-06.asp
\art\bitmaps\items\swamp\b_i_swp_bush-04.%img%
\art\terrain\swamp\t_swp_brdwlk-dock-04x08-a.sno
\world\ai\jobs\actors\good\job_talk_scholar.skrit
\art\meshes\items\global\m_i_glb_artifact-01.asp
\art\animations\characters\good_b_npc\peasant_m_old\fs0\a_c_gbn_pmo_fs0_di-04.prs
\art\meshes\items\swamp\m_i_swp_tree-08.asp
\art\meshes\items\swamp\m_i_swp_tree-01.asp
\art\bitmaps\characters\good_b_npc\b_c_gbn_pmo-02.%img%
\art\bitmaps\items\swamp\b_i_swp_tree-01.%img%
\art\terrain\swamp\t_swp_h2o-mist-16x16-a.sno
\art\terrain\swamp\t_swp_h2o-16x16-a.sno
\art\terrain\swamp\t_swp_h2o-16x08-a.sno
\art\bitmaps\terrain\swamp\floor\b_t_swp_flr_mist-large-a.%img%
\art\bitmaps\terrain\swamp\floor\b_t_swp_flr_mist-dynamic.%img%
\art\terrain\generic\wall\h2o\t_xxx_wal_h2o_02a-tx-02b-cnvx-thick-r.sno
\art\terrain\swamp\t_swp_brdwlk-dock-04x08-b.sno
\art\meshes\items\swamp\m_i_swp_tree-07.asp
\art\bitmaps\items\swamp\b_i_swp_tree-02.%img%
\art\meshes\weapons\misc\m_w_misc_027.asp
\art\meshes\items\swamp\m_i_swp_bush-01.asp
\art\terrain\swamp\t_swp_h2o-mist-16x08-a.sno
\art\terrain\swamp\t_swp_brdwlk-04x08-a.sno
\art\bitmaps\terrain\swamp\floor\b_t_swp_flr_mist-med-a.%img%
\art\bitmaps\terrain\swamp\b_t_swp_woodplanks-4x8a.%img%
\art\bitmaps\terrain\swamp\b_t_swp_logplain.%img%
\art\bitmaps\terrain\swamp\b_t_swp_logend.%img%
\art\terrain\swamp\t_swp_brdwlk-broken-04x04-b.sno
\art\terrain\swamp\t_swp_brdwlk-3way-04x04-a.sno
\art\terrain\generic\keep\floor\t_xxx_keep_flr_outside-pillar-04x04-a.sno
\art\bitmaps\terrain\keep_ivybrick_1\dir.lqd18
\art\bitmaps\terrain\keep_ivybrick_1\keep\dir.lqd18
\art\terrain\generic\keep\floor\t_xxx_keep_flr_path-08x04-a.sno
\art\bitmaps\terrain\keep_ivybrick_1\keep\b_t_keep04_keep_floor-tx-b.%img%
\art\bitmaps\terrain\keep_ivybrick_1\keep\b_t_keep04_keep_floor-tx-a.%img%
\art\terrain\swamp\t_swp_brdwlk-broken-04x04-a.sno
\art\bitmaps\terrain\swamp\b_t_swp_woodplanks-4a.%img%
\art\bitmaps\terrain\swamp\b_t_swp_woodplanks-4x4b.%img%
\art\terrain\swamp\t_swp_h2o-mist-12x12-a.sno
\art\meshes\items\swamp\m_i_swp_rock-03.asp
\art\bitmaps\items\swamp\b_i_swp_rock-01.%img%
\art\terrain\swamp\t_swp_brdwlk-broken-04x08-b.sno
\art\terrain\swamp\t_swp_for-wal-diag-16-l.sno
\art\terrain\swamp\t_swp_for-wal-cnr-convex-a.sno
\art\bitmaps\armor\boots\b_a_boot_040.%img%
\art\terrain\swamp\t_swp_brdwlk-04x04-a.sno
\art\terrain\swamp\t_swp_for-wal-straight-16-a.sno
\art\bitmaps\terrain\swamp\b_t_swp_for-wall-c.%img%
\world\maps\map_world\regions\df_r1\conversations\dir.lqd18
\art\bitmaps\terrain\swamp\b_t_swp_for-wall-b.%img%
\art\bitmaps\gui\in_game\menus\b_gui_ig_mnu_jnl_quest_16.%img%
\art\bitmaps\items\global\b_i_glb_artifact-01.%img%
\art\bitmaps\gui\in_game\inventory\items\b_gui_ig_i_it_artifact_01.%img%
\art\terrain\swamp\t_swp_brdwlk-broken-04x08-a.sno
\art\terrain\swamp\t_swp_for-wal-straight-08-b.sno
\art\terrain\generic\corner\h2o\t_xxx_cnr_h2o_tee-02a-02b-rmp-ccav-r.sno
\art\terrain\generic\wall\h2o\t_xxx_wal_h2o_02b-thick.sno
\art\bitmaps\terrain\swamp\b_t_swp_for-wall-a.%img%
\art\bitmaps\terrain\swamp\wall\b_t_swp_wal_04x08-a.%img%
\art\bitmaps\terrain\swamp\wall\b_t_swp_wal_08x08-b.%img%
\art\terrain\generic\corner\h2o\t_xxx_cnr_h2o_tee-02a-02a-rmp-cnvx-l.sno
\art\bitmaps\terrain\swamp\wall\b_t_swp_wal_04x08-d.%img%
\art\meshes\items\swamp\m_i_swp_grass-02.asp
\art\terrain\generic\wall\h2o\t_xxx_wal_h2o_02a-tx-02b-cnvx-thick-l.sno
\art\terrain\generic\corner\h2o\t_xxx_cnr_h2o_tee-02a-02b-rmp-cnvx-l.sno
\art\meshes\items\caves\m_i_cav_mushrooms-03.asp
\art\bitmaps\terrain\swamp\wall\b_t_swp_wal_08x08-f.%img%
\art\terrain\generic\corner\h2o\t_xxx_cnr_h2o_02a-tx-02b-cnvx-thick-l.sno
\art\meshes\items\swamp\m_i_swp_tree-03.asp
\art\terrain\swamp\t_swp_for-wal-diag-16-r.sno
\art\terrain\swamp\t_swp_for-wal-diag-08-l.sno
\art\terrain\swamp\t_swp_for-wal-cnr-concave-a.sno
\world\maps\map_world\regions\ds_r1\terrain_nodes\siege_nodes.lnc
\world\maps\map_world\regions\ds_r1\terrain_nodes\dir.lqd18
\world\maps\map_world\regions\ds_r1\objects\dir.lqd18
\art\terrain\generic\floor\h2o\t_xxx_flr_h2o_geyser-08x08-a.sno
\art\meshes\items\swamp\m_i_swp_lilypad-03.asp
\art\terrain\swamp\t_swp_shack-1c.sno
\art\meshes\items\swamp\m_i_swp_roots-01.asp
\art\meshes\items\swamp\m_i_swp_tretch-01.asp
\art\bitmaps\characters\evil_d_monsters\b_c_edm_mn.%img%
\art\bitmaps\items\swamp\b_i_swp_branch.%img%
\art\bitmaps\characters\evil_d_monsters\b_c_edm_tr.%img%
\art\meshes\items\swamp\m_i_swp_rock-04.asp
\art\terrain\swamp\t_swp_shack-1c-roof.sno
\art\meshes\items\global\m_i_glb_bed-fort-03.asp
\art\meshes\items\global\m_i_glb_stool-03.asp
\art\bitmaps\terrain\swamp\b_t_swp_shingles-4a.%img%
\art\bitmaps\terrain\swamp\b_t_swp_mudtograss-4b.%img%
\art\bitmaps\terrain\swamp\b_t_swp_brickbottom-4a.%img%
\art\bitmaps\terrain\swamp\b_t_swp_woodwall.%img%
\art\bitmaps\terrain\swamp\b_t_swp_woodbeam-2x8a.%img%
\art\bitmaps\terrain\swamp\b_t_swp_woodfloor_8a.%img%
\art\bitmaps\items\global\b_i_glb_bed-fort-03.%img%
\art\meshes\items\global\m_i_glb_mushrooms-06.asp
\art\bitmaps\terrain\swamp\floor\b_t_swp_flr_stg-08x08-a.%img%
\art\bitmaps\terrain\swamp\wall\b_t_swp_wal_04x04-a.%img%
\art\terrain\generic\corner\h2o\t_xxx_cnr_h2o_tee-02b-02b-rmp-l.sno
\art\meshes\items\swamp\m_i_swp_tretch-02.asp
\art\bitmaps\characters\evil_d_monsters\b_c_edm_tl-02.%img%
\art\terrain\generic\corner\h2o\t_xxx_cnr_h2o_tee-02b-02b-rmp-r.sno
\art\meshes\items\swamp\m_i_swp_lilypad-02.asp
\art\bitmaps\terrain\swamp\wall\b_t_swp_wal_04x08-e.%img%
\art\meshes\characters\evil_c_monsters\skeleton\m_c_ecm_sk_pos_a0.asp
\art\meshes\items\caves\m_i_cav_mushrooms-01.asp
\art\bitmaps\characters\evil_d_monsters\b_c_edm_sw.%img%
\art\meshes\items\swamp\m_i_swp_roots-02.asp
\art\meshes\items\swamp\m_i_swp_bush-04.asp
\art\bitmaps\items\swamp\b_i_swp_bush-01.%img%
\sound\effects\s_e_ambient_swamp.wav
\sound\music\s_m_darkswamp_01.mp3
\art\terrain\swamp\t_swp_for-wal-straight-08-a.sno
\sound\effects\s_e_die_swamp_stinger.wav
\art\terrain\generic\corner\h2o\t_xxx_cnr_h2o_tee-02a-02b-rmp-ccav-l.sno
\art\terrain\swamp\t_swp_shack-1a.sno
\art\terrain\swamp\t_swp_shack-1a-roof.sno
\art\meshes\items\swamp\m_i_swp_breakable-door.asp
\art\meshes\items\global\m_i_glb_frag-swamp-door-01.asp
\art\meshes\items\global\m_i_glb_frag-swamp-door-02.asp
\art\meshes\items\global\m_i_glb_frag-swamp-door-03.asp
\art\meshes\items\global\m_i_glb_frag-swamp-door-04.asp
\art\bitmaps\terrain\swamp\b_t_swp_brick-4a.%img%
\art\bitmaps\terrain\swamp\b_t_swp_woodplanks-4c.%img%
\art\bitmaps\terrain\swamp\b_t_swp_mudtograss-4a.%img%
\art\bitmaps\items\swamp\b_i_swp_breakable-door.%img%
\art\meshes\items\swamp\m_i_swp_bush-08.asp
\art\animations\items\swamp\a_i_swp_bush-08-still.prs
\art\animations\items\swamp\a_i_swp_bush-08-shake.prs
\sound\effects\s_e_hit_mangler.wav
\art\meshes\items\global\m_i_glb_mist-large-01.asp
\art\bitmaps\items\global\b_i_glb_mist-large-01.%img%
\art\bitmaps\items\global\b_i_glb_mist-dyn.%img%
\art\meshes\characters\evil_d_monsters\larch\m_c_edm_la_pos_1.asp
\art\animations\characters\evil_d_monsters\larch\fs0\a_c_edm_la_fs0_ds.prs
\art\animations\characters\evil_d_monsters\larch\fs0\a_c_edm_la_fs0_wl.prs
\art\animations\characters\evil_d_monsters\larch\fs0\a_c_edm_la_fs0_di.prs
\art\animations\characters\evil_d_monsters\larch\fs0\a_c_edm_la_fs0_at.prs
\art\animations\characters\evil_d_monsters\larch\fs0\a_c_edm_la_fs0_dff.prs
\art\animations\characters\evil_d_monsters\larch\fs0\a_c_edm_la_fs0_dsf.prs
\art\bitmaps\characters\evil_d_monsters\b_c_edm_la-02.%img%
\sound\effects\s_e_call_swamp_slinger.wav
\art\bitmaps\characters\evil_d_monsters\b_c_edm_la-03.%img%
\art\terrain\swamp\t_swp_brdwlk-4way-04x04-a.sno
\sound\effects\s_e_spell_acid_cloud_cast.wav
\art\terrain\swamp\t_swp_brdwlk-break-a.sno
\art\animations\characters\evil_d_monsters\hydrack\fs0\a_c_edm_hy_fs0_at-02.prs
\art\animations\characters\evil_d_monsters\hydrack\fs0\a_c_edm_hy_fs0_dff-02.prs
\sound\effects\s_e_hit_swamp_creature.wav
\sound\effects\s_e_die_swamp_creature.wav
\sound\effects\s_e_spell_summon_02_cast.wav
\art\bitmaps\gui\in_game\inventory\weapons\staff\b_gui_ig_i_w_stf_117.%img%
\art\bitmaps\terrain\swamp\wall\b_t_swp_wal_04x08-c.%img%
\art\terrain\swamp\t_swp_for-wal-diag-08-r.sno
\art\terrain\swamp\t_swp_for-wal-straight-04-a.sno
\art\meshes\items\swamp\m_i_swp_rock-01.asp
\art\meshes\items\global\m_i_glb_ground-cover-01.asp
\art\bitmaps\items\swamp\b_i_swp_ground-cover-01.%img%
\art\terrain\swamp\t_swp_h2o-32x32-a.sno
\art\terrain\swamp\t_swp_shack-1d.sno
\art\terrain\swamp\t_swp_shack-1d-roof.sno
\art\bitmaps\terrain\swamp\b_t_swp_stairs_side.%img%
\sound\effects\s_e_call_hydrack.wav
\art\bitmaps\characters\evil_d_monsters\b_c_edm_hy.%img%
\sound\effects\s_e_dragon_fire.wav
\art\bitmaps\terrain\swamp\path\dir.lqd18
\art\animations\characters\good_a_npc\skeleton\fs0\a_c_gan_sk_fs0_di-02.prs
\art\bitmaps\sfx\b_sfx_splotches_02.%img%
\art\bitmaps\terrain\swamp\path\b_t_swp_pth_04x04-b.%img%
\art\bitmaps\terrain\swamp\path\b_t_swp_pth_04x04-d.%img%
\art\bitmaps\terrain\swamp\path\b_t_swp_pth_08x04-f.%img%
\art\bitmaps\terrain\swamp\path\b_t_swp_pth_08x04-e.%img%
\art\bitmaps\terrain\swamp\path\b_t_swp_pth_04x04-c.%img%
\art\bitmaps\terrain\swamp\path\b_t_swp_pth_04x04-a.%img%
\art\terrain\swamp\t_swp_grave-wall-corner.sno
\art\terrain\swamp\t_swp_grave-wall-straight.sno
\art\meshes\characters\evil_d_monsters\tretch\m_c_edm_tr_pos_1.asp
\art\animations\characters\evil_d_monsters\tretch\fs0\a_c_edm_tr_fs0_ds.prs
\art\animations\characters\evil_d_monsters\tretch\fs0\a_c_edm_tr_fs0_di.prs
\art\animations\characters\evil_d_monsters\tretch\fs0\a_c_edm_tr_fs0_at.prs
\art\animations\characters\evil_d_monsters\tretch\fs0\a_c_edm_tr_fs0_dff.prs
\art\animations\characters\evil_d_monsters\tretch\fs0\a_c_edm_tr_fs0_dsf.prs
\art\meshes\items\swamp\m_i_swp_branch-01.asp
\art\terrain\swamp\t_swp_grave-entrance.sno
\art\meshes\characters\evil_d_monsters\pupod\m_c_edm_pu_pos_1.asp
\art\animations\skrits\random_infinite_loop.skrit
\art\animations\characters\evil_d_monsters\pupod\fs0\a_c_edm_pu_fs0_dsf.prs
\art\meshes\characters\evil_d_monsters\pupod\m_c_edm_pu_pos_2.asp
\art\bitmaps\characters\evil_d_monsters\b_c_edm_pu.%img%
\art\bitmaps\gui\in_game\inventory\weapons\sword\b_gui_ig_i_w_swd_020.%img%
\art\terrain\swamp\t_swp_grave-stones-03.sno
\art\terrain\swamp\t_swp_grave-stones-01.sno
\art\terrain\swamp\t_swp_grave-path.sno
\art\meshes\items\swamp\m_i_swp_cemetery-gate-left.asp
\art\animations\items\swamp\a_i_swp_cemetery-gate-left-open.prs
\art\animations\items\swamp\a_i_swp_cemetery-gate-left-close.prs
\art\meshes\items\swamp\m_i_swp_cemetery-gate-right.asp
\art\animations\items\swamp\a_i_swp_cemetery-gate-right-open.prs
\art\animations\items\swamp\a_i_swp_cemetery-gate-right-close.prs
\art\bitmaps\terrain\swamp\b_t_swp_rockwall.%img%
\art\bitmaps\terrain\swamp\floor\b_t_swp_flr_dtl-08x08-a.%img%
\art\bitmaps\terrain\swamp\b_t_swp_gravepatrh-8c.%img%
\art\bitmaps\items\swamp\b_i_swp_cemetery-gate.%img%
\art\terrain\swamp\t_swp_grave-stones-02.sno
\art\terrain\swamp\t_swp_grave-center.sno
\art\bitmaps\terrain\swamp\b_t_swp_tombstone.%img%
\art\bitmaps\terrain\swamp\b_t_swp_gravepatrh-8d.%img%
\art\bitmaps\terrain\swamp\b_t_swp_gravepatrh-8a.%img%
\art\meshes\items\swamp\m_i_swp_rock-02.asp
\art\bitmaps\terrain\swamp\b_t_swp_statue.%img%
\art\bitmaps\terrain\swamp\b_t_swp_gravepatrh-8b.%img%
\world\maps\map_world\regions\ds_r2\terrain_nodes\siege_nodes.lnc
\world\maps\map_world\regions\ds_r2\terrain_nodes\dir.lqd18
\art\meshes\weapons\sword\m_w_swd_016.asp
\art\meshes\characters\evil_d_monsters\zombie\m_c_edm_zo_pos_2.asp
\art\meshes\items\swamp\m_i_swp_roots-03.asp
\art\terrain\swamp\t_swp_grave-path-cap.sno
\art\bitmaps\terrain\swamp\floor\b_t_swp_flr_dtl-08x08-b.%img%
\art\meshes\items\global\m_i_glb_mist-med-01.asp
\art\bitmaps\terrain\swamp\b_t_swp_gravepatrh-8e.%img%
\art\terrain\swamp\t_swp_chapel-1a.sno
\world\maps\map_world\regions\ds_r2\objects\dir.lqd18
\art\terrain\swamp\t_swp_shack-1d-water.sno
\art\terrain\swamp\t_swp_chapel-1b.sno
\art\meshes\items\global\m_i_glb_door-chapel-02.asp
\art\animations\items\global\a_i_glb_door-chapel-02-open.prs
\art\animations\items\global\a_i_glb_door-chapel-02-close.prs
\art\meshes\items\global\m_i_glb_door-chapel-01.asp
\art\animations\items\global\a_i_glb_door-chapel-01-open.prs
\art\animations\items\global\a_i_glb_door-chapel-01-close.prs
\art\meshes\items\global\m_i_glb_window-chapel.asp
\art\meshes\items\global\m_i_glb_frag-window-chapel-01.asp
\art\meshes\items\global\m_i_glb_frag-window-chapel-02.asp
\art\meshes\items\global\m_i_glb_frag-window-chapel-03.asp
\art\meshes\items\global\m_i_glb_frag-window-chapel-04.asp
\art\meshes\items\global\m_i_glb_frag-window-chapel-05.asp
\art\meshes\items\global\m_i_glb_frag-window-chapel-06.asp
\art\meshes\items\global\m_i_glb_bell-chapel.asp
\sound\effects\s_e_env_churchbell.wav
\art\bitmaps\terrain\swamp\b_t_swp_brickwindow-4a.%img%
\art\bitmaps\terrain\swamp\b_t_swp_brickdoor-4a.%img%
\art\bitmaps\terrain\swamp\b_t_swp_brickwindow-4b.%img%
\art\bitmaps\items\global\b_i_glb_door-chapel-02.%img%
\art\bitmaps\items\global\b_i_glb_window-chapel.%img%
\art\bitmaps\characters\evil_d_monsters\b_c_edm_zo-03.%img%
\art\bitmaps\characters\evil_d_monsters\b_c_edm_ga-03.%img%
\art\bitmaps\characters\evil_d_monsters\b_c_edm_zo-08.%img%
\art\bitmaps\items\global\b_i_glb_bell-chapel.%img%
\art\bitmaps\items\global\b_i_glb_mist-med-01.%img%
\art\terrain\swamp\t_swp_h2o-32x16-a.sno
\art\bitmaps\characters\evil_d_monsters\b_c_edm_zo.%img%
\art\meshes\characters\evil_d_monsters\zombie\m_c_edm_zo_pos_3.asp
\art\bitmaps\characters\evil_d_monsters\b_c_edm_zo-04.%img%
\art\meshes\weapons\mace\m_w_mce_046.asp
\art\meshes\weapons\mace\m_w_mce_047.asp
\art\meshes\items\swamp\m_i_swp_tree-dead-01.asp
\art\bitmaps\terrain\swamp\path\b_t_swp_pth_04x04-e.%img%
\art\bitmaps\terrain\swamp\path\b_t_swp_pth_08x04-b.%img%
\art\terrain\generic\floor\h2o\t_xxx_flr_h2o_geyser-04x04-a.sno
\art\meshes\items\swamp\m_i_swp_lilypad-01.asp
\art\bitmaps\terrain\swamp\floor\b_t_swp_flr_stg-04x04-a.%img%
\art\meshes\items\global\m_i_glb_mist-small-01.asp
\art\bitmaps\items\global\b_i_glb_mist-small-01.%img%
\sound\effects\s_e_hit_dead.wav
\art\terrain\swamp\t_swp_shack-1b.sno
\art\terrain\swamp\t_swp_shack-1b-roof.sno
\world\ai\jobs\actors\good\job_talk_andiemus.skrit
\art\meshes\items\swamp\m_i_swp_branch-07.asp
\art\bitmaps\characters\good_a_heroes\farmboy\b_c_gah_fb_skin_15.%img%
\art\bitmaps\items\swamp\b_i_swp_door-01.%img%
\art\bitmaps\items\swamp\b_i_swp_branch-01.%img%
\art\terrain\swamp\t_swp_brdwlk-2way-04x04-a.sno
\art\bitmaps\terrain\swamp\path\b_t_swp_pth_08x04-d.%img%
\art\terrain\generic\floor\h2o\t_xxx_flr_h2o_08x08-v3.sno
\art\meshes\weapons\staff\m_w_stf_080.asp
\art\meshes\armor\helmets\m_a_hlmt_type43.asp
\art\bitmaps\characters\evil_d_monsters\b_c_edm_sw-02.%img%
\art\meshes\items\swamp\m_i_swp_water-cress-01.asp
\art\meshes\items\swamp\m_i_swp_sludge-pipe.asp
\art\animations\items\swamp\a_i_swp_sludge-pipe-spew-01.prs
\art\bitmaps\items\swamp\b_i_swp_pipe-01.%img%
\art\bitmaps\items\swamp\b_i_swp_pipehole-01.%img%
\art\bitmaps\items\swamp\b_i_swp_pipe-sludge.%img%
\art\bitmaps\items\swamp\b_i_swp_pipe-sludge-dynamic.%img%
\sound\music\s_m_darkswamp_02.mp3
\art\bitmaps\characters\evil_d_monsters\b_c_edm_tl-07.%img%
\art\meshes\items\swamp\m_i_swp_moss-01.asp
\art\meshes\characters\good_b_npc\peasant_m_old\m_c_gbn_pmo_pos_2.asp
\art\meshes\armor\suits\m_a_suit_a5.asp
\art\bitmaps\characters\body_armor\type5\dir.lqd18
\art\meshes\armor\helmets\m_a_hlmt_type13.asp
\art\meshes\armor\helmets\m_a_hlmt_type9.asp
\art\meshes\weapons\misc\m_w_misc_020.asp
\art\meshes\weapons\sword\m_w_swd_033.asp
\art\meshes\weapons\mace\m_w_mce_067.asp
\art\meshes\weapons\axe\m_w_axe_079.asp
\art\meshes\weapons\mace\m_w_mce_071.asp
\art\meshes\weapons\mace\m_w_mce_060.asp
\art\meshes\weapons\axe\m_w_axe_080.asp
\art\meshes\weapons\axe\m_w_axe_090.asp
\art\meshes\weapons\axe\m_w_axe_086.asp
\art\meshes\weapons\bow\m_w_bow_024.asp
\art\meshes\weapons\crossbow\m_w_csb_005.asp
\world\maps\map_world\regions\ds_r2\conversations\dir.lqd18
\art\meshes\items\swamp\m_i_swp_sign-potions.asp
\art\bitmaps\characters\good_b_npc\b_c_gbn_pmo-05.%img%
\art\bitmaps\items\global\b_i_glb_bottle-purple-01.%img%
\art\bitmaps\items\global\b_i_glb_book-magic-14.%img%
\art\bitmaps\items\global\b_i_glb_book-magic-19.%img%
\art\bitmaps\items\swamp\b_i_swp_sign-potions.%img%
\art\terrain\generic\corner\h2o\t_xxx_cnr_h2o_tee-02a-02b-rmp-cnvx-r.sno
\art\meshes\weapons\staff\m_w_stf_081.asp
\art\bitmaps\gui\in_game\inventory\icons\b_gui_ig_i_ic_sp_138_inv.%img%
\art\bitmaps\gui\in_game\inventory\icons\b_gui_ig_i_ic_sp_138.%img%
\sound\effects\s_e_spell_meteor_cast.wav
\sound\effects\s_e_spell_meteor_hit.wav
\sound\voices\s_v_ds_verma1.mp3
\art\bitmaps\gui\in_game\inventory\icons\b_gui_ig_i_ic_c_verma.%img%
\art\bitmaps\gui\in_game\inventory\armor\body_armor\b_gui_ig_i_a_pos_a2_033.%img%
\art\bitmaps\gui\in_game\inventory\armor\body_armor\b_gui_ig_i_a_pos_a3_006.%img%
\art\bitmaps\gui\in_game\inventory\armor\body_armor\b_gui_ig_i_a_pos_a5_020.%img%
\art\bitmaps\gui\in_game\inventory\armor\body_armor\b_gui_ig_i_a_pos_a7_038.%img%
\art\bitmaps\gui\in_game\inventory\armor\body_armor\b_gui_ig_i_a_pos_a5_004.%img%
\art\bitmaps\gui\in_game\inventory\armor\boot\b_gui_ig_i_a_boot_029.%img%
\art\bitmaps\gui\in_game\inventory\armor\body_armor\b_gui_ig_i_a_pos_a7_021.%img%
\sound\effects\s_e_gui_inventory_not_equippable.wav
\sound\voices\s_v_ds_verma2.mp3
\art\terrain\generic\floor\h2o\t_xxx_flr_h2o_04x04-v1.sno
\art\terrain\goblin_inventor\t_gi_entrance-ground.sno
\art\terrain\generic\ruins\t_xxx_ruin_flr-sinkhole-top-a.sno
\art\bitmaps\terrain\swamp\ruins\dir.lqd18
\art\meshes\characters\evil_d_monsters\gobbot\m_c_edm_go_pos_1.asp
\art\meshes\items\global\m_i_glb_frag-gobbot-01.asp
\art\meshes\items\global\m_i_glb_frag-gobbot-02.asp
\art\meshes\items\global\m_i_glb_frag-gobbot-03.asp
\art\meshes\items\global\m_i_glb_frag-gobbot-04.asp
\art\meshes\items\global\m_i_glb_frag-gobbot-05.asp
\art\meshes\items\global\m_i_glb_frag-gobbot-06.asp
\art\meshes\items\global\m_i_glb_frag-gobbot-07.asp
\art\meshes\weapons\misc\m_w_misc_flamethrower.asp
\art\animations\characters\evil_d_monsters\gobbot\fs7\a_c_edm_go_fs7_dfs.prs
\art\animations\characters\evil_d_monsters\gobbot\fs7\a_c_edm_go_fs7_wl.prs
\art\animations\characters\evil_d_monsters\gobbot\fs7\a_c_edm_go_fs7_at.prs
\art\animations\characters\evil_d_monsters\gobbot\fs7\a_c_edm_go_fs7_dff.prs
\art\animations\characters\evil_d_monsters\gobbot\fs7\a_c_edm_go_fs7_ds.prs
\art\bitmaps\terrain\swamp\path\b_t_swp_pth_08x04-c.%img%
\art\bitmaps\characters\evil_d_monsters\b_c_edm_px.%img%
\art\bitmaps\sfx\b_sfx_sparkle01b.%img%
\art\bitmaps\weapons\misc\b_w_misc_flamethrower.%img%
\art\terrain\goblin_inventor\t_gi_entrance-tree.sno
\art\terrain\goblin_inventor\t_gi_entrance-base.sno
\world\maps\map_world\regions\gi_r1\terrain_nodes\siege_nodes.lnc
\art\bitmaps\terrain\goblin_inventor\b_t_gi_entrance-rock.%img%
\world\maps\map_world\regions\gi_r1\terrain_nodes\dir.lqd18
\art\terrain\goblin_inventor\sewer\t_gi_swr_01-1a-entrance.sno
\art\bitmaps\terrain\goblin_inventor\b_t_gi_entrance-ground-3a.%img%
\art\bitmaps\terrain\goblin_inventor\b_t_gi_entrance-ground-3b.%img%
\art\bitmaps\terrain\goblin_inventor\b_t_gi_entrance-ground-3c.%img%
\art\bitmaps\terrain\goblin_inventor\b_t_gi_entrance-ground-3d.%img%
\art\bitmaps\terrain\goblin_inventor\b_t_gi_pipe-1.%img%
\art\bitmaps\terrain\goblin_inventor\b_t_gi_pipe_opening.%img%
\art\bitmaps\terrain\goblin_inventor\b_t_gi_entrance-tree-base.%img%
\art\bitmaps\terrain\goblin_inventor\b_t_gi_entrance-ground-1.%img%
\art\bitmaps\terrain\goblin_inventor\b_t_gi_entrance-ground-2.%img%
\world\maps\map_world\regions\ds_r2a\terrain_nodes\siege_nodes.lnc
\world\maps\map_world\regions\ds_r2a\terrain_nodes\dir.lqd18
\art\terrain\generic\ruins\t_xxx_ruin_flr-sinkhole-ele-a.sno
\art\terrain\generic\ruins\t_xxx_ruin_flr-sinkhole-spacer-a.sno
\art\bitmaps\terrain\swamp\ruins\b_t_swp_ruin_flr-04x04-b.%img%
\art\bitmaps\terrain\goblin_inventor\b_t_gi_entrance-stumpinside.%img%
\art\bitmaps\terrain\goblin_inventor\b_t_gi_entrance-stumptop-1a.%img%
\art\bitmaps\terrain\goblin_inventor\b_t_gi_entrance-bark-1a.%img%
\art\terrain\generic\ruins\t_xxx_ruin_flr-sinkhole-bottom-h2o-a.sno
\world\maps\map_world\regions\ds_r2a\objects\dir.lqd18
\art\terrain\generic\dungeon\floor\h2o\t_xxx_dgn_flr_h2o_pillar-c.sno
\art\terrain\generic\dungeon\floor\h2o\t_xxx_dgn_flr_h2o_stair-cnvx-a.sno
\art\terrain\generic\dungeon\corner\h2o\t_xxx_dgn_cnr_h2o_ex-cnvx-a.sno
\art\meshes\items\global\m_i_glb_statue-broken-10.asp
\art\bitmaps\terrain\dungeon_redbrick_1\dungeon\b_t_dgn06_dgn_h2o-04x04-a.%img%
\art\bitmaps\terrain\dungeon_redbrick_1\dungeon\b_t_dgn06_dgn_pillar-04x04-a.%img%
\art\terrain\generic\dungeon\wall\h2o\t_xxx_dgn_wal_h2o_ex-alcove-a.sno
\art\terrain\generic\dungeon\wall\h2o\t_xxx_dgn_wal_h2o_ex-alcove-b.sno
\art\bitmaps\items\global\b_i_glb_statue-05.%img%
\art\terrain\generic\dungeon\corner\h2o\t_xxx_dgn_cnr_h2o_ex-ccav-a.sno
\art\bitmaps\terrain\dungeon_redbrick_1\dungeon\b_t_dgn06_dgn_wal-04x04-alcv-a.%img%
\art\bitmaps\terrain\dungeon_redbrick_1\dungeon\b_t_dgn06_dgn_wal-04x04-alcv-b.%img%
\world\maps\map_world\regions\gi_r1\objects\dir.lqd18
\art\terrain\goblin_inventor\sewer\t_gi_swr_01-1a.sno
\art\terrain\swamp\t_swp_flr-tx-pine-a.sno
\art\terrain\swamp\t_swp_for-wal-tx-pine-l.sno
\art\terrain\swamp\t_swp_for-wal-tx-pine-r.sno
\art\bitmaps\terrain\swamp\b_t_swp_for-floor-tx-pine-c.%img%
\art\terrain\goblin_inventor\sewer\t_gi_swr_01-1i.sno
\art\terrain\goblin_inventor\sewer\t_gi_swr_01-1b.sno
\art\meshes\items\goblin_inv\m_i_gob_wall-lamp-01.asp
\art\terrain\goblin_inventor\sewer\t_gi_swr_02-1a.sno
\art\terrain\goblin_inventor\sewer\t_gi_swr_01-1c.sno
\art\terrain\goblin_inventor\sewer\t_gi_swr_01-1g.sno
\art\terrain\goblin_inventor\sewer\t_gi_swr_01-1d.sno
\art\meshes\items\goblin_inv\m_i_gob_floor-lamp-01.asp
\art\bitmaps\terrain\swamp\b_t_swp_for-wall-tx-pine-a.%img%
\art\bitmaps\terrain\swamp\b_t_swp_for-floor-tx-pine-b.%img%
\art\bitmaps\terrain\goblin_inventor\b_t_gi_wlk-2-128-1a.%img%
\art\bitmaps\terrain\goblin_inventor\b_t_gi_mtl-1a.%img%
\art\bitmaps\terrain\goblin_inventor\b_t_gi_gear-1a.%img%
\art\bitmaps\terrain\goblin_inventor\b_t_gi_gear-top-1a.%img%
\art\bitmaps\terrain\goblin_inventor\b_t_gi_mtl-trim-1a.%img%
\art\bitmaps\terrain\goblin_inventor\b_t_gi_rock-1a.%img%
\art\bitmaps\sfx\b_sfx_fireball-02.%img%
\art\bitmaps\terrain\goblin_inventor\b_t_gi_fwall-tx-rockwall.%img%
\art\bitmaps\items\goblin_inv\b_i_gob_wall-lamp-01.%img%
\art\bitmaps\terrain\swamp\b_t_swp_for-wall-tx-pine-b.%img%
\art\bitmaps\terrain\swamp\b_t_swp_for-floor-tx-pine-a.%img%
\art\bitmaps\items\goblin_inv\b_i_gob_floor-lamp-01.%img%
\art\terrain\goblin_inventor\sewer\t_gi_swr_01-1j.sno
\art\bitmaps\terrain\goblin_inventor\b_t_gi_threads-1a.%img%
\art\terrain\generic\dungeon\floor\h2o\t_xxx_dgn_flr_h2o_08x08-a.sno
\art\terrain\generic\dungeon\wall\h2o\t_xxx_dgn_wal_h2o_ex-pillar-a.sno
\art\bitmaps\terrain\goblin_inventor\b_t_gi_link-1a.%img%
\sound\effects\s_e_die_copter.wav
\art\terrain\goblin_inventor\sewer\t_gi_swr_01-1e.sno
\art\terrain\goblin_inventor\sewer\t_gi_swr_01-1k.sno
\sound\music\s_m_goblininventor_01.mp3
\art\meshes\characters\evil_a_monsters\goblin_grunt\m_c_eam_ggt_pos_1.asp
\art\animations\characters\evil_a_monsters\goblin_grunt\fs1\a_c_eam_ggt_fs1_dfs.prs
\art\animations\characters\evil_a_monsters\goblin_grunt\fs1\a_c_eam_ggt_fs1_wl.prs
\art\animations\characters\evil_a_monsters\goblin_grunt\fs1\a_c_eam_ggt_fs1_di.prs
\art\animations\characters\evil_a_monsters\goblin_grunt\fs1\a_c_eam_ggt_fs1_at.prs
\art\animations\characters\evil_a_monsters\goblin_grunt\fs1\a_c_eam_ggt_fs1_at-02.prs
\art\animations\characters\evil_a_monsters\goblin_grunt\fs1\a_c_eam_ggt_fs1_dff.prs
\art\terrain\goblin_inventor\sewer\t_gi_swr_01-1f.sno
\art\meshes\items\goblin_inv\m_i_gob_valve-03.asp
\art\animations\items\goblin_inv\a_i_gob_valve-03-close.prs
\art\animations\items\goblin_inv\a_i_gob_valve-03-open.prs
\art\bitmaps\terrain\goblin_inventor\b_t_gi_wlk_90-1a.%img%
\art\terrain\goblin_inventor\sewer\t_gi_swr_02-1b.sno
\art\terrain\goblin_inventor\walkway\t_gi_wlk_3to4-01-1a.sno
\art\meshes\characters\evil_d_monsters\heater\m_c_edm_ht_pos_1.asp
\art\meshes\items\global\m_i_glb_frag-heater-01.asp
\art\meshes\items\global\m_i_glb_frag-heater-02.asp
\art\meshes\items\global\m_i_glb_frag-heater-03.asp
\art\meshes\items\global\m_i_glb_frag-heater-04.asp
\art\meshes\items\global\m_i_glb_frag-heater-05.asp
\art\meshes\items\global\m_i_glb_frag-metal-02.asp
\art\meshes\items\global\m_i_glb_frag-metal-03.asp
\art\meshes\items\global\m_i_glb_frag-metal-04.asp
\art\meshes\items\global\m_i_glb_frag-metal-05.asp
\art\meshes\items\global\m_i_glb_frag-metal-06.asp
\art\animations\characters\evil_d_monsters\heater\fs0\a_c_edm_ht_fs0_ds.prs
\art\animations\characters\evil_d_monsters\heater\fs0\a_c_edm_ht_fs0_wl.prs
\art\animations\characters\evil_d_monsters\heater\fs0\a_c_edm_ht_fs0_at.prs
\art\animations\characters\evil_d_monsters\heater\fs0\a_c_edm_ht_fs0_dff.prs
\art\animations\characters\evil_d_monsters\heater\fs0\a_c_edm_ht_fs0_dsf.prs
\art\bitmaps\terrain\goblin_inventor\b_t_gi_rails-1b.%img%
\art\bitmaps\characters\evil_a_monsters\b_c_eam_ggt.%img%
\art\bitmaps\characters\evil_a_monsters\b_c_eam_ggd.%img%
\art\bitmaps\terrain\goblin_inventor\b_t_gi_wlk_1-trim-1a.%img%
\art\bitmaps\terrain\goblin_inventor\b_t_gi_wlk_1-128-1a.%img%
\art\bitmaps\terrain\goblin_inventor\b_t_gi_rock-tx-dirt.%img%
\art\bitmaps\terrain\goblin_inventor\b_t_gi_wood-path.%img%
\art\bitmaps\terrain\goblin_inventor\b_t_gi_railpost.%img%
\art\bitmaps\terrain\goblin_inventor\b_t_gi_pipe-2.%img%
\art\bitmaps\items\goblin_inv\b_i_gob_valve-03.%img%
\art\bitmaps\characters\evil_d_monsters\b_c_edm_ht-static.%img%
\art\bitmaps\characters\evil_d_monsters\b_c_edm_ht-dynamic.%img%
\art\bitmaps\terrain\goblin_inventor\b_t_gi_elevator-platform.%img%
\art\terrain\goblin_inventor\sewer\t_gi_swr_01-1h.sno
\art\bitmaps\terrain\goblin_inventor\b_t_gi_wlk_1-128-cnr-1a.%img%
\sound\effects\s_e_env_valve_small.wav
\sound\effects\s_e_env_platform_metal_sliding_start.wav
\sound\effects\s_e_env_platform_metal_sliding_stop.wav
\sound\effects\s_e_hit_goblin.wav
\sound\effects\s_e_die_goblin.wav
\art\terrain\goblin_inventor\sewer\t_gi_swr_03-1a.sno
\art\bitmaps\terrain\goblin_inventor\b_t_gi_factory-wall-b.%img%
\sound\effects\s_e_call_mechanoid_big.wav
\art\terrain\goblin_inventor\sewer\t_gi_swr_04-1a.sno
\art\meshes\characters\evil_d_monsters\picker\m_c_edm_pr_pos_1.asp
\art\meshes\items\global\m_i_glb_frag-picker-01.asp
\art\meshes\items\global\m_i_glb_frag-picker-02.asp
\art\meshes\items\global\m_i_glb_frag-picker-03.asp
\art\meshes\items\global\m_i_glb_frag-picker-04.asp
\art\meshes\items\global\m_i_glb_frag-picker-05.asp
\art\animations\characters\evil_d_monsters\picker\fs0\a_c_edm_pr_fs0_ds.prs
\art\animations\characters\evil_d_monsters\picker\fs0\a_c_edm_pr_fs0_wl.prs
\art\animations\characters\evil_d_monsters\picker\fs0\a_c_edm_pr_fs0_di.prs
\art\animations\characters\evil_d_monsters\picker\fs0\a_c_edm_pr_fs0_at.prs
\art\animations\characters\evil_d_monsters\picker\fs0\a_c_edm_pr_fs0_at-02.prs
\art\animations\characters\evil_d_monsters\picker\fs0\a_c_edm_pr_fs0_dff.prs
\art\animations\characters\evil_d_monsters\picker\fs0\a_c_edm_pr_fs0_dsf.prs
\art\meshes\items\goblin_inv\m_i_gob_barrel-02.asp
\art\meshes\items\goblin_inv\m_i_gob_box-shipping-01.asp
\art\meshes\items\goblin_inv\m_i_gob_frag-box-shipping-01.asp
\art\meshes\items\goblin_inv\m_i_gob_frag-box-shipping-02.asp
\art\meshes\items\goblin_inv\m_i_gob_frag-box-shipping-03.asp
\art\meshes\items\goblin_inv\m_i_gob_frag-box-shipping-04.asp
\art\meshes\items\goblin_inv\m_i_gob_frag-box-shipping-05.asp
\art\meshes\items\goblin_inv\m_i_gob_barrel-01.asp
\art\meshes\items\goblin_inv\m_i_gob_boiler-01.asp
\sound\effects\s_e_attack_heater.wav
\art\meshes\items\goblin_inv\m_i_gob_pipe-03.asp
\art\bitmaps\terrain\goblin_inventor\b_t_gi_redbeam.%img%
\art\bitmaps\terrain\goblin_inventor\b_t_gi_brickspport.%img%
\art\bitmaps\terrain\goblin_inventor\b_t_gi_dirt-2.%img%
\art\bitmaps\terrain\goblin_inventor\b_t_gi_pipe-big-2.%img%
\art\bitmaps\characters\evil_d_monsters\b_c_edm_pr-02.%img%
\art\bitmaps\items\goblin_inv\b_i_gob_barrel-exp.%img%
\art\bitmaps\items\goblin_inv\b_i_gob_box-shipping-01.%img%
\sound\effects\s_e_die_proxo.wav
\art\terrain\goblin_inventor\sewer\t_gi_swr_04-1b.sno
\art\terrain\goblin_inventor\sewer\t_gi_swr_04-1c.sno
\art\terrain\goblin_inventor\sewer\t_gi_swr_05-1a.sno
\art\meshes\items\goblin_inv\m_i_gob_pipe-02.asp
\art\bitmaps\terrain\goblin_inventor\b_t_gi_gasring-1a.%img%
\sound\effects\s_e_call_mechanoid_small.wav
\sound\effects\s_e_break_wood.wav
\art\terrain\goblin_inventor\sewer\t_gi_swr_05-1d.sno
\art\terrain\goblin_inventor\sewer\t_gi_swr_05-1b.sno
\art\terrain\goblin_inventor\sewer\t_gi_swr_05-1e.sno
\art\terrain\goblin_inventor\sewer\t_gi_swr_05-1g.sno
\art\meshes\weapons\misc\m_w_misc_lightning_gun.asp
\art\terrain\goblin_inventor\sewer\t_gi_swr_05-1c.sno
\art\bitmaps\weapons\misc\b_w_misc_lightning_gun.%img%
\art\terrain\goblin_inventor\sewer\t_gi_swr_05-1f.sno
\art\meshes\items\goblin_inv\m_i_gob_valve-02.asp
\art\animations\items\goblin_inv\a_i_gob_valve-02-open.prs
\art\animations\items\goblin_inv\a_i_gob_valve-02-close.prs
\art\bitmaps\terrain\goblin_inventor\b_t_gi_wall-steel1.%img%
\art\bitmaps\armor\boots\b_a_boot_026.%img%
\art\terrain\goblin_inventor\sewer\t_gi_swr_02-1c.sno
\sound\effects\s_e_minigun_lightning.wav
\art\terrain\goblin_inventor\sewer\t_gi_swr_06-1a.sno
\art\terrain\goblin_inventor\sewer\t_gi_swr_06-1b.sno
\world\maps\map_world\regions\gi_r4\terrain_nodes\siege_nodes.lnc
\world\maps\map_world\regions\gi_r4\terrain_nodes\dir.lqd18
\art\terrain\goblin_inventor\sewer\t_gi_swr_06-1a-top-front.sno
\art\terrain\goblin_inventor\sewer\t_gi_swr_06-1a-girders.sno
\art\terrain\goblin_inventor\sewer\t_gi_swr_07-a.sno
\art\meshes\items\goblin_inv\m_i_gob_door-04.asp
\art\animations\items\goblin_inv\a_i_gob_door-04-open.prs
\art\animations\items\goblin_inv\a_i_gob_door-04-close.prs
\art\meshes\characters\evil_d_monsters\blaster\m_c_edm_bl_pos_1.asp
\art\meshes\items\global\m_i_glb_frag-blaster-01.asp
\art\meshes\items\global\m_i_glb_frag-blaster-02.asp
\art\meshes\items\global\m_i_glb_frag-blaster-03.asp
\art\meshes\items\global\m_i_glb_frag-blaster-04.asp
\art\meshes\items\global\m_i_glb_frag-blaster-05.asp
\art\animations\characters\evil_d_monsters\blaster\fs0\a_c_edm_bl_fs0_ds.prs
\art\animations\characters\evil_d_monsters\blaster\fs0\a_c_edm_bl_fs0_wl.prs
\art\animations\characters\evil_d_monsters\blaster\fs0\a_c_edm_bl_fs0_at.prs
\art\animations\characters\evil_d_monsters\blaster\fs0\a_c_edm_bl_fs0_dff.prs
\art\animations\characters\evil_d_monsters\blaster\fs0\a_c_edm_bl_fs0_dsf.prs
\art\meshes\items\goblin_inv\m_i_gob_door-04-r.asp
\art\animations\items\goblin_inv\a_i_gob_door-04-r-open.prs
\art\animations\items\goblin_inv\a_i_gob_door-04-r-close.prs
\art\bitmaps\terrain\goblin_inventor\b_t_gi_flr-metal-8x8.%img%
\art\bitmaps\items\goblin_inv\b_i_gob_door-03.%img%
\art\bitmaps\characters\evil_d_monsters\b_c_edm_bl-static.%img%
\art\bitmaps\characters\evil_d_monsters\b_c_edm_bl-dynamic.%img%
\art\bitmaps\terrain\goblin_inventor\b_t_gi_nut-plate.%img%
\world\maps\map_world\regions\gi_r4\objects\dir.lqd18
\art\terrain\goblin_inventor\wall\t_gi_wal_08-tx-roc-08-b-l.sno
\art\terrain\goblin_inventor\floor\t_gi_flr_dirt-08x04-a.sno
\art\terrain\goblin_inventor\floor\t_gi_flr_dirt-04x04-a.sno
\art\terrain\goblin_inventor\corner\t_gi_cnr_08-ccav-a.sno
\art\terrain\goblin_inventor\wall\t_gi_wal_08-a.sno
\art\terrain\goblin_inventor\sewer\t_gi_swr_07-a-top.sno
\art\terrain\goblin_inventor\sewer\t_gi_swr_06-1a-top-back.sno
\art\terrain\goblin_inventor\t_gi_cap-swr-07-a.sno
\sound\effects\s_e_spell_bomb_cast.wav
\art\terrain\goblin_inventor\floor\t_gi_flr_08x08-a.sno
\art\bitmaps\terrain\goblin_inventor\b_t_gi_factory-wall-a.%img%
\art\terrain\goblin_inventor\wall\t_gi_wal_08-tx-roc-08-a-r.sno
\art\terrain\goblin_inventor\floor\t_gi_flr_04x08-a.sno
\art\bitmaps\terrain\goblin_inventor\wall\dir.lqd18
\art\bitmaps\terrain\goblin_inventor\b_t_gi_ground-dirt2a.%img%
\art\bitmaps\terrain\goblin_inventor\b_t_gi_ground-dirt2b.%img%
\art\terrain\goblin_inventor\floor\t_gi_flr_dirt-08x08-a.sno
\art\terrain\goblin_inventor\t_gi_cap-08x08-a.sno
\art\terrain\goblin_inventor\floor\t_gi_flr_dirt-04x04-c.sno
\art\bitmaps\terrain\goblin_inventor\wall\b_t_gi_wal_08x08-b.%img%
\sound\effects\s_e_spell_bomb_hit.wav
\art\terrain\goblin_inventor\wall\t_gi_wal_08-tx-roc-08-a-l.sno
\art\terrain\goblin_inventor\floor\t_gi_flr_dirt-04x04-d.sno
\art\terrain\goblin_inventor\floor\t_gi_flr_dirt-04x04-f.sno
\art\terrain\goblin_inventor\corner\t_gi_cnr_08-cnvx-a.sno
\art\terrain\goblin_inventor\corner\t_gi_cnr_tee-08-04-04-r.sno
\art\terrain\goblin_inventor\wall\t_gi_wal_04-a.sno
\art\bitmaps\terrain\goblin_inventor\wall\b_t_gi_wal_08x08-c.%img%
\art\bitmaps\terrain\goblin_inventor\wall\b_t_gi_wal_08x08-d.%img%
\art\bitmaps\terrain\goblin_inventor\b_t_gi_ground-dirt3b.%img%
\art\terrain\goblin_inventor\gadgets\t_gi_gad_flr_wpipes-08-1a-l.sno
\art\bitmaps\terrain\goblin_inventor\b_t_gi_ground-dirt4a.%img%
\art\terrain\goblin_inventor\t_gi_rot-arch-8-a.sno
\art\terrain\goblin_inventor\wall\t_gi_wal_08-tx-roc-08-b-r.sno
\art\terrain\goblin_inventor\floor\t_gi_flr_04x04-a.sno
\art\terrain\goblin_inventor\corner\t_gi_cnr_04-ccav-b.sno
\art\terrain\goblin_inventor\wall\t_gi_wal_04-tx-roc-04-a-r.sno
\art\terrain\goblin_inventor\corner\t_gi_cnr_04-cnvx-b.sno
\art\terrain\goblin_inventor\wall\t_gi_wal_12-tx-roc-12-a-r.sno
\art\terrain\goblin_inventor\corner\t_gi_cnr_tee-04-04-08-r-a.sno
\art\terrain\goblin_inventor\walkway\t_gi_wlk_rail-1a.sno
\art\terrain\goblin_inventor\walkway\t_gi_wlk_rail-cnvx-b.sno
\art\terrain\goblin_inventor\floor\t_gi_flr_trap-2-a.sno
\art\terrain\goblin_inventor\corner\t_gi_cnr_12-ccav-b.sno
\art\terrain\goblin_inventor\t_gi_rot-arch-8-a-door-top.sno
\art\bitmaps\terrain\goblin_inventor\b_t_gi_archway-01.%img%
\art\bitmaps\terrain\goblin_inventor\b_t_gi_pipe-2-trim.%img%
\art\bitmaps\terrain\goblin_inventor\wall\b_t_gi_wal_04x04-c.%img%
\art\bitmaps\terrain\goblin_inventor\wall\b_t_gi_wal_08x04-a.%img%
\art\terrain\goblin_inventor\gadgets\t_gi_gad_flr_column-1a.sno
\art\terrain\goblin_inventor\floor\t_gi_flr_dirt-04x04-e.sno
\art\terrain\goblin_inventor\wall\t_gi_wal_12-a.sno
\art\terrain\goblin_inventor\walkway\t_gi_wlk_rail-cap-r.sno
\art\bitmaps\terrain\goblin_inventor\b_t_gi_metal-red.%img%
\art\terrain\goblin_inventor\walkway\t_gi_wlk_rail-cap-l.sno
\art\terrain\goblin_inventor\floor\t_gi_flr_trap-2-b.sno
\art\terrain\goblin_inventor\wall\t_gi_wal_04-tx-roc-04-a-l.sno
\art\meshes\characters\evil_d_monsters\proxo\m_c_edm_px_pos_1.asp
\world\ai\jobs\common\job_attack_object_suicide_bomb.skrit
\art\meshes\items\global\m_i_glb_frag-proxo-01.asp
\art\meshes\items\global\m_i_glb_frag-proxo-02.asp
\art\meshes\items\global\m_i_glb_frag-proxo-03.asp
\art\meshes\items\global\m_i_glb_frag-proxo-04.asp
\art\meshes\items\global\m_i_glb_frag-proxo-05.asp
\art\meshes\items\global\m_i_glb_frag-proxo-06.asp
\art\bitmaps\terrain\goblin_inventor\wall\b_t_gi_wal_04x08-a.%img%
\art\bitmaps\terrain\goblin_inventor\b_t_gi_trapdoor-plate.%img%
\art\bitmaps\items\goblin_inv\b_i_gob_box-shipping-02.%img%
\art\terrain\goblin_inventor\corner\t_gi_cnr_04-ccav-a.sno
\sound\music\s_m_goblininventor_02.mp3
\art\terrain\goblin_inventor\corner\t_gi_cnr_tee-04-04-08-l-a.sno
\art\terrain\goblin_inventor\corner\t_gi_cnr_12-cnvx-b.sno
\art\meshes\items\goblin_inv\m_i_gob_pipe-04.asp
\art\terrain\goblin_inventor\corner\t_gi_cnr_08-ccav-b.sno
\art\terrain\goblin_inventor\walkway\t_gi_wlk_rail-ccav-b.sno
\art\meshes\characters\evil_d_monsters\copter\m_c_edm_cp_pos_1.asp
\art\meshes\items\global\m_i_glb_frag-copter-01.asp
\art\meshes\items\global\m_i_glb_frag-copter-02.asp
\art\meshes\items\global\m_i_glb_frag-copter-03.asp
\art\meshes\items\global\m_i_glb_frag-copter-04.asp
\art\meshes\items\global\m_i_glb_frag-copter-05.asp
\art\animations\characters\evil_d_monsters\copter\fs0\a_c_edm_cp_fs0_ds.prs
\art\animations\characters\evil_d_monsters\copter\fs0\a_c_edm_cp_fs0_fl.prs
\art\animations\characters\evil_d_monsters\copter\fs0\a_c_edm_cp_fs0_dsf.prs
\art\animations\characters\evil_d_monsters\copter\fs0\a_c_edm_cp_fs0_at.prs
\art\animations\characters\evil_d_monsters\copter\fs0\a_c_edm_cp_fs0_dff.prs
\art\terrain\goblin_inventor\corner\t_gi_cnr_08-cnvx-b.sno
\art\terrain\goblin_inventor\gadgets\t_gi_gad_wal_cmp-08-thin.sno
\art\terrain\goblin_inventor\gadgets\t_gi_gad_wal_fan-8x8-a.sno
\art\terrain\goblin_inventor\corner\t_gi_cnr_tee-08-04-12-l-b.sno
\art\terrain\goblin_inventor\corner\t_gi_cnr_tee-08-04-12-r-b.sno
\art\terrain\goblin_inventor\gadgets\t_gi_gad_wal_vents-08-a.sno
\art\terrain\goblin_inventor\gadgets\t_gi_gad_wal_cmp-fan-a.sno
\art\terrain\goblin_inventor\walkway\t_gi_wlk_rail-2-cap-l.sno
\art\bitmaps\terrain\goblin_inventor\b_t_gi_wlk_grate-4x4.%img%
\art\bitmaps\terrain\goblin_inventor\b_t_gi_fan-4x4.%img%
\art\terrain\goblin_inventor\pipe\t_gi_pipe_air_cap-b.sno
\art\bitmaps\terrain\goblin_inventor\b_t_gi_ballfan.%img%
\art\bitmaps\terrain\goblin_inventor\b_t_gi_fan-8x8.%img%
\art\terrain\goblin_inventor\walkway\t_gi_wlk_rail-2-cap-r.sno
\art\terrain\goblin_inventor\pipe\t_gi_pipe_air-c.sno
\art\animations\characters\evil_d_monsters\proxo\fs0\a_c_edm_px_fs0_ds.prs
\art\animations\characters\evil_d_monsters\proxo\fs0\a_c_edm_px_fs0_wl.prs
\art\animations\characters\evil_d_monsters\proxo\fs0\a_c_edm_px_fs0_at.prs
\art\animations\characters\evil_d_monsters\proxo\fs0\a_c_edm_px_fs0_dff.prs
\art\animations\characters\evil_d_monsters\proxo\fs0\a_c_edm_px_fs0_dsf.prs
\art\bitmaps\terrain\goblin_inventor\b_t_gi_pipe-2-bolts.%img%
\art\terrain\goblin_inventor\wall\t_gi_wal_12-tx-roc-12-a-l.sno
\art\terrain\goblin_inventor\floor\t_gi_flr_8x8-detail-gr-a.sno
\art\terrain\goblin_inventor\gadgets\t_gi_gad_flr_wpipes-08-1a-r.sno
\art\meshes\items\goblin_inv\m_i_gob_tesla-coil-01.asp
\art\meshes\items\goblin_inv\m_i_gob_frag-tesla-coil-01.asp
\art\meshes\items\goblin_inv\m_i_gob_frag-tesla-coil-02.asp
\art\meshes\items\goblin_inv\m_i_gob_frag-tesla-coil-03.asp
\art\meshes\items\goblin_inv\m_i_gob_frag-tesla-coil-04.asp
\art\meshes\items\goblin_inv\m_i_gob_frag-tesla-coil-05.asp
\art\meshes\items\goblin_inv\m_i_gob_frag-tesla-coil-06.asp
\art\animations\skrits\coil_spin.skrit
\art\animations\items\goblin_inv\a_i_gob_tesla-coil-01-rotate.prs
\art\animations\items\goblin_inv\a_i_gob_dff.prs
\art\meshes\items\goblin_inv\m_i_gob_tesla-coil-broken-01.asp
\art\bitmaps\items\goblin_inv\b_i_gob_tesla-coil-01.%img%
\art\terrain\goblin_inventor\gadgets\t_gi_gad_closet-04-b.sno
\art\terrain\goblin_inventor\gadgets\t_gi_gad_closet-b.sno
\art\terrain\goblin_inventor\gadgets\t_gi_gad_closet-dor-b.sno
\art\bitmaps\terrain\goblin_inventor\b_t_gi_wal-dor-04x08-a.%img%
\art\bitmaps\terrain\goblin_inventor\b_t_gi_warn-16x128.%img%
\art\terrain\goblin_inventor\corner\t_gi_cnr_tee-08-04-04-l.sno
\world\maps\map_world\regions\gi_r5\terrain_nodes\siege_nodes.lnc
\world\maps\map_world\regions\gi_r5\terrain_nodes\dir.lqd18
\world\maps\map_world\regions\gi_r5\objects\dir.lqd18
\art\terrain\goblin_inventor\t_gi_rot-cnr-12-a.sno
\art\terrain\goblin_inventor\t_gi_cap-rot-arch-8-a.sno
\art\meshes\items\goblin_inv\m_i_gob_door-01.asp
\art\animations\items\goblin_inv\a_i_gob_door-01-open.prs
\art\animations\items\goblin_inv\a_i_gob_door-01-close.prs
\art\meshes\items\goblin_inv\m_i_gob_door-01-r.asp
\art\animations\items\goblin_inv\a_i_gob_door-01-r-open.prs
\art\animations\items\goblin_inv\a_i_gob_door-01-r-close.prs
\art\bitmaps\items\goblin_inv\b_i_gob_door-01.%img%
\art\terrain\goblin_inventor\t_gi_cap-02x04-a.sno
\art\terrain\goblin_inventor\t_gi_cap-08x04-a.sno
\art\terrain\goblin_inventor\t_gi_rot-wal-12-a.sno
\art\bitmaps\terrain\goblin_inventor\b_t_gi_ground-dirt3a.%img%
\art\terrain\goblin_inventor\t_gi_cap-04x04-a.sno
\art\terrain\goblin_inventor\t_gi_cap-02x02-a.sno
\art\terrain\goblin_inventor\t_gi_rot-spacer.sno
\art\meshes\items\goblin_inv\m_i_gob_lever-01.asp
\art\animations\items\goblin_inv\a_i_gob_lever-01-pull.prs
\art\animations\items\goblin_inv\a_i_gob_lever-01-push.prs
\art\bitmaps\characters\evil_d_monsters\b_c_edm_pr-03.%img%
\art\bitmaps\items\goblin_inv\b_i_gob_lever-01.%img%
\art\terrain\goblin_inventor\gadgets\t_gi_gad_closet-08-b.sno
\world\maps\map_world\regions\gi_r11\terrain_nodes\siege_nodes.lnc
\world\maps\map_world\regions\gi_r11\terrain_nodes\dir.lqd18
\art\meshes\items\goblin_inv\m_i_gob_gear-03.asp
\art\terrain\goblin_inventor\gadgets\t_gi_gad_wal_cbelt-08-1a.sno
\art\meshes\items\goblin_inv\m_i_gob_barrel-03.asp
\world\maps\map_world\regions\gi_r11\objects\dir.lqd18
\art\terrain\goblin_inventor\gadgets\t_gi_gad_flr_cbelt-2a.sno
\art\meshes\characters\evil_d_monsters\perforator\m_c_edm_pf_pos_1.asp
\art\meshes\items\global\m_i_glb_frag-perforator-01.asp
\art\meshes\items\global\m_i_glb_frag-perforator-02.asp
\art\meshes\items\global\m_i_glb_frag-perforator-03.asp
\art\meshes\items\global\m_i_glb_frag-perforator-04.asp
\art\meshes\items\global\m_i_glb_frag-perforator-05.asp
\art\animations\characters\evil_d_monsters\perforator\fs0\a_c_edm_pf_fs0_ds.prs
\art\animations\characters\evil_d_monsters\perforator\fs0\a_c_edm_pf_fs0_wl.prs
\art\animations\characters\evil_d_monsters\perforator\fs0\a_c_edm_pf_fs0_at.prs
\art\animations\characters\evil_d_monsters\perforator\fs0\a_c_edm_pf_fs0_dff.prs
\art\animations\characters\evil_d_monsters\perforator\fs0\a_c_edm_pf_fs0_dsf.prs
\sound\effects\s_e_env_motors.wav
\sound\effects\s_e_env_conveyer.wav
\art\bitmaps\terrain\goblin_inventor\b_t_gi_convbelt_side-f1.%img%
\art\bitmaps\terrain\goblin_inventor\b_t_gi_convbelt_side-f2.%img%
\art\bitmaps\terrain\goblin_inventor\b_t_gi_convbelt_side-f3.%img%
\art\bitmaps\terrain\goblin_inventor\b_t_gi_convbelt.%img%
\art\bitmaps\characters\evil_d_monsters\b_c_edm_pf.%img%
\art\bitmaps\items\goblin_inv\b_i_gob_barrel-01.%img%
\art\terrain\goblin_inventor\t_gi_rot-1-a.sno
\sound\effects\s_e_spell_lightning_blast_cast.wav
\art\terrain\goblin_inventor\gadgets\t_gi_gad_closet-08-a.sno
\art\bitmaps\terrain\goblin_inventor\wall\b_t_gi_wal_08x08-a.%img%
\art\terrain\goblin_inventor\gadgets\t_gi_gad_closet-a.sno
\art\terrain\goblin_inventor\gadgets\t_gi_gad_closet-dor-a.sno
\art\terrain\goblin_inventor\gadgets\t_gi_gad_flr_cbelt-end-1b.sno
\art\bitmaps\terrain\goblin_inventor\b_t_gi_wal-dor-04x04-a.%img%
\art\terrain\goblin_inventor\corner\t_gi_cnr_04-cnvx-a.sno
\art\terrain\goblin_inventor\gadgets\t_gi_gad_flr_wpipe-04-1a.sno
\art\meshes\items\goblin_inv\m_i_gob_boiler-02.asp
\art\terrain\goblin_inventor\corner\t_gi_cnr_tee-04-08-12-l-a.sno
\art\terrain\goblin_inventor\corner\t_gi_cnr_tee-04-08-12-r-a.sno
\art\terrain\goblin_inventor\gadgets\t_gi_gad_wal_wpipes-04-a.sno
\art\terrain\goblin_inventor\corner\t_gi_cnr_tee-04-04-08-r-b.sno
\art\terrain\goblin_inventor\floor\t_gi_flr_tank-22-a.sno
\sound\music\s_m_goblininventor_03.mp3
\sound\effects\s_e_env_lever_metal_elaborate.wav
\art\terrain\goblin_inventor\gadgets\t_gi_gad_wal_cmp-cap-a.sno
\art\terrain\goblin_inventor\gadgets\t_gi_gad_wal_cbelt-08-1b.sno
\art\terrain\goblin_inventor\corner\t_gi_cnr_tee-04-04-08-l-b.sno
\art\terrain\goblin_inventor\floor\t_gi_flr_04x04-b.sno
\art\terrain\goblin_inventor\gadgets\t_gi_gad_flr_cbelt-cnr-1b.sno
\art\terrain\goblin_inventor\gadgets\t_gi_gad_flr_cbelt-1a.sno
\art\terrain\goblin_inventor\walkway\t_gi_wlk_rail-1b.sno
\art\terrain\goblin_inventor\gadgets\t_gi_gad_flr_cbelt-end-1a.sno
\art\meshes\items\goblin_inv\m_i_gob_box-shipping-02.asp
\art\bitmaps\items\goblin_inv\b_i_gob_box-shipping-03.%img%
\art\terrain\generic\scaffolding\t_xxx_scaff_tx-topwall-a.sno
\art\bitmaps\terrain\goblin_inventor\scaffolding\dir.lqd18
\world\maps\map_world\regions\gi_r5a\terrain_nodes\siege_nodes.lnc
\art\animations\items\ice\a_i_ice_chest-close.prs
\world\maps\map_world\regions\gi_r5a\terrain_nodes\dir.lqd18
\art\terrain\generic\scaffolding\t_xxx_scaff_straight-short-nonsupport-a.sno
\art\bitmaps\terrain\goblin_inventor\scaffolding\b_t_gi_scaff_grate-a.%img%
\art\bitmaps\terrain\goblin_inventor\scaffolding\b_t_gi_scaff_trim-a.%img%
\art\bitmaps\terrain\goblin_inventor\scaffolding\b_t_gi_scaff_railing-a.%img%
\sound\music\s_m_goblininventor_05.mp3
\art\bitmaps\terrain\goblin_inventor\scaffolding\b_t_gi_scaff_post-banded-a.%img%
\art\bitmaps\terrain\goblin_inventor\wall\b_t_gi_wal_08x08-f.%img%
\art\terrain\generic\ramp\t_xxx_rmp_ctx-04-r.sno
\art\terrain\dungeon_2\side\t_dgn02_side_door-int-tx-gen-b.sno
\art\bitmaps\terrain\dungeon_2\dir.lqd18
\art\terrain\dungeon_2\side\t_dgn02_side_rubble-ccav.sno
\world\maps\map_world\regions\gi_r5a\objects\dir.lqd18
\art\terrain\generic\dungeon\t_xxx_dgn_cap-vertical-04x08-a.sno
\art\terrain\dungeon_2\side\t_dgn02_side_door-int-tx-gen-b-sides.sno
\art\terrain\dungeon_2\side\t_dgn02_side_door-int-tx-gen-b-top.sno
\art\terrain\dungeon_2\side\t_dgn02_side_flr-04x04-c.sno
\art\terrain\dungeon_2\floor\t_dgn02_flr_04x04-v0.sno
\art\terrain\dungeon_2\side\t_dgn02_side_cap-04x08.sno
\art\meshes\items\castle\m_i_csl_door-dungeon-07.asp
\art\animations\items\castle\a_i_csl_door-dungeon-07-open.prs
\art\animations\items\castle\a_i_csl_door-dungeon-07-close.prs
\art\bitmaps\terrain\dungeon_2\b_t_dgn02_flr1.%img%
\art\bitmaps\terrain\dungeon_2\b_t_dgn02_w1-4x4.%img%
\art\bitmaps\terrain\dungeon_2\b_t_dgn02_trim1-2x1.%img%
\art\bitmaps\terrain\dungeon_2\b_t_dgn02_f1-trim1-2x1.%img%
\art\bitmaps\terrain\dungeon_2\b_t_dgn02_stone-plain.%img%
\art\bitmaps\terrain\dungeon_2\b_t_dgn02_side-trims.%img%
\art\bitmaps\terrain\dungeon_2\b_t_dgn02_side-wall-a.%img%
\art\bitmaps\items\castle\b_i_csl_door-dungeon-07.%img%
\art\terrain\dungeon_2\corner\t_dgn02_cnr_04a-cnvx-v0.sno
\art\terrain\dungeon_2\side\t_dgn02_side_flr-04x04-f.sno
\art\terrain\dungeon_2\side\t_dgn02_side_rubble-trench-a.sno
\art\terrain\dungeon_2\t_dgn02_cap-04x08.sno
\art\terrain\dungeon_2\t_dgn02_cap-08x08.sno
\art\terrain\dungeon_2\side\t_dgn02_side_flr-04x04-h.sno
\art\terrain\dungeon_2\side\t_dgn02_side_rubble-wall-a.sno
\art\bitmaps\terrain\dungeon_2\b_t_dgn02_demon.%img%
\art\bitmaps\terrain\dungeon_2\b_t_dgn02_side-rubble.%img%
\art\terrain\dungeon_2\side\t_dgn02_side_rubble-trench-cnvx.sno
\art\terrain\dungeon_2\side\t_dgn02_side_flr-04x08-a.sno
\art\bitmaps\armor\shields\b_a_shd_094.%img%
\sound\effects\s_e_gui_put_down_swish.wav
\sound\effects\s_e_minigun_fire.wav
\art\terrain\goblin_inventor\pipe\t_gi_pipe_air-b.sno
\art\terrain\goblin_inventor\pipe\t_gi_pipe_flr_cap-e.sno
\art\terrain\goblin_inventor\pipe\t_gi_pipe_air_cnr-d-l.sno
\art\terrain\goblin_inventor\pipe\t_gi_pipe_air-a.sno
\art\terrain\goblin_inventor\pipe\t_gi_pipe_flr-a.sno
\art\terrain\goblin_inventor\gadgets\t_gi_gad_wal_plat-12x32-a.sno
\art\terrain\goblin_inventor\pipe\t_gi_pipe_flr_cnr-tee-c_r.sno
\art\terrain\goblin_inventor\pipe\t_gi_pipe_flr_cnr-tee-c_l.sno
\art\terrain\goblin_inventor\gadgets\t_gi_gad_plat-a.sno
\art\bitmaps\terrain\goblin_inventor\b_t_gi_threads-1b.%img%
\art\bitmaps\terrain\goblin_inventor\b_t_gi_nut-plate-1a.%img%
\art\bitmaps\terrain\goblin_inventor\b_t_gi_mtl-128-a.%img%
\art\bitmaps\terrain\goblin_inventor\b_t_gi_mtl-warn-1a.%img%
\art\bitmaps\terrain\goblin_inventor\b_t_gi_lift-plate-1a.%img%
\art\terrain\goblin_inventor\pipe\t_gi_pipe_flr_cap-a.sno
\art\terrain\goblin_inventor\pipe\t_gi_pipe_air_cnr-c-l.sno
\art\terrain\goblin_inventor\pipe\t_gi_pipe_air_cnr-a-r.sno
\sound\music\s_m_goblininventor_04.mp3
\art\bitmaps\characters\body_armor\type7\b_c_pos_a7_034.%img%
\art\meshes\weapons\misc\m_w_misc_grenadelauncher.asp
\art\bitmaps\weapons\misc\b_w_misc_grenadelauncher.%img%
\world\maps\map_world\regions\gi_r10\terrain_nodes\siege_nodes.lnc
\world\maps\map_world\regions\gi_r10\terrain_nodes\dir.lqd18
\art\terrain\goblin_inventor\t_gi_cap-rot-arch-8-b.sno
\sound\effects\s_e_env_gears_metal_large.wav
\world\maps\map_world\regions\gi_r10\objects\dir.lqd18
\art\terrain\dungeon_2\wall\t_dgn02_wal_backface-04x08.sno
\art\terrain\goblin_inventor\pipe\t_gi_pipe_flr_cnr-a-l.sno
\art\terrain\goblin_inventor\pipe\t_gi_pipe_flr_cnr-a-r.sno
\art\terrain\goblin_inventor\pipe\t_gi_pipe_flr_cnr-b.sno
\art\terrain\goblin_inventor\gadgets\t_gi_gad_closet-04-a.sno
\art\terrain\goblin_inventor\pipe\t_gi_pipe_flr_cap-b.sno
\art\bitmaps\gui\in_game\inventory\weapons\bow\b_gui_ig_i_w_bow_104.%img%
\art\terrain\goblin_inventor\door\t_gi_dor_4-a.sno
\art\terrain\goblin_inventor\corner\t_gi_cnr_dbl-90-04-r.sno
\art\terrain\goblin_inventor\corner\t_gi_cnr_dbl-90-04-l.sno
\art\terrain\goblin_inventor\pipe\t_gi_pipe_flr-b.sno
\art\terrain\goblin_inventor\pipe\t_gi_pipe_flr_cnr-tee-a-r.sno
\art\terrain\goblin_inventor\t_gi_cap-dor-4-a.sno
\art\terrain\goblin_inventor\door\t_gi_dor_4-a-door-top.sno
\art\terrain\goblin_inventor\pipe\t_gi_pipe_flr_cnr-tee-a-l.sno
\art\meshes\items\goblin_inv\m_i_gob_door-02.asp
\art\animations\items\goblin_inv\a_i_gob_door-02-open.prs
\art\animations\items\goblin_inv\a_i_gob_door-02-close.prs
\art\meshes\items\goblin_inv\m_i_gob_door-02-r.asp
\art\animations\items\goblin_inv\a_i_gob_door-02-r-open.prs
\art\animations\items\goblin_inv\a_i_gob_door-02-r-close.prs
\art\meshes\items\goblin_inv\m_i_gob_gear-01.asp
\art\animations\skrits\rotate_object2.skrit
\art\animations\skrits\rotate_object.skrit
\art\bitmaps\items\goblin_inv\b_i_gob_door-02.%img%
\art\bitmaps\items\goblin_inv\b_i_gob_gear-01.%img%
\art\terrain\goblin_inventor\pipe\t_gi_pipe_air_cnr-d-r.sno
\art\terrain\goblin_inventor\corner\t_gi_cnr_tee-08-04-12-r-a.sno
\sound\music\s_m_goblininventor_08.mp3
\art\bitmaps\decals\b_d_formation_unocc.%img%
\art\bitmaps\decals\b_d_formation_leader.%img%
\art\terrain\goblin_inventor\lift\t_gi_lift_flr-1-a.sno
\art\terrain\goblin_inventor\lift\t_gi_lift_plate-1-a.sno
\art\terrain\goblin_inventor\lift\t_gi_lift_1-a.sno
\art\terrain\generic\scaffolding\t_xxx_scaff_stairs-a.sno
\world\maps\map_world\regions\gi_r10a\terrain_nodes\siege_nodes.lnc
\world\maps\map_world\regions\gi_r10a\terrain_nodes\dir.lqd18
\art\bitmaps\terrain\dwarven_mine_1\scaffolding\dir.lqd18
\art\bitmaps\terrain\goblin_inventor\scaffolding\b_t_gi_scaff_wood-basic-a.%img%
\world\maps\map_world\regions\gi_r10a\objects\dir.lqd18
\art\terrain\generic\scaffolding\t_xxx_scaff_straight-short-a.sno
\art\bitmaps\terrain\dwarven_mine_1\scaffolding\b_t_dm01_scaff_grate-a.%img%
\art\bitmaps\terrain\dwarven_mine_1\scaffolding\b_t_dm01_scaff_trim-a.%img%
\art\bitmaps\terrain\dwarven_mine_1\scaffolding\b_t_dm01_scaff_railing-a.%img%
\art\bitmaps\terrain\dwarven_mine_1\scaffolding\b_t_dm01_scaff_wood-basic-a.%img%
\art\terrain\generic\scaffolding\t_xxx_scaff_tee-a.sno
\art\bitmaps\terrain\dwarven_mine_1\scaffolding\b_t_dm01_scaff_post-banded-a.%img%
\art\terrain\generic\scaffolding\t_xxx_scaff_corner-a.sno
\art\terrain\generic\scaffolding\t_xxx_scaff_support-a.sno
\sound\effects\s_e_env_elevator_pneumatic_start.wav
\sound\effects\s_e_env_elevator_pneumatic_stop.wav
\art\terrain\goblin_inventor\pipe\t_gi_pipe_air_cnr-c-r.sno
\art\terrain\goblin_inventor\pipe\t_gi_pipe_flr_cap-d.sno
\art\terrain\goblin_inventor\pipe\t_gi_pipe_h20-a.sno
\art\terrain\goblin_inventor\floor\t_gi_flr_grate-a-cover.sno
\art\bitmaps\terrain\dungeon_roundstone_1\dungeon\b_t_dgn04_dgn_h2o-01x04-a.%img%
\art\bitmaps\terrain\dungeon_roundstone_1\dungeon\b_t_dgn04_dgn_h2o-01x04-dynamic.%img%
\art\bitmaps\terrain\goblin_inventor\b_t_gi_trench-grate.%img%
\art\meshes\weapons\misc\m_w_misc_minigun_dragon.asp
\art\animations\skrits\minigun_rotate.skrit
\art\bitmaps\weapons\misc\b_w_misc_minigun_dragon.%img%
\art\terrain\goblin_inventor\gadgets\t_gi_gad_wal_cmp-04-thin.sno
\art\bitmaps\characters\body_armor\type7\b_c_pos_a7_031.%img%
\world\maps\map_world\regions\gi_r3\terrain_nodes\siege_nodes.lnc
\world\maps\map_world\regions\gi_r3\terrain_nodes\dir.lqd18
\world\maps\map_world\regions\gi_r3\objects\dir.lqd18
\art\terrain\goblin_inventor\corner\t_gi_cnr_dbl-u-08.sno
\art\terrain\goblin_inventor\door\t_gi_dor_8-a.sno
\art\terrain\goblin_inventor\wall\t_gi_wal_dbl-08-a.sno
\art\terrain\goblin_inventor\door\t_gi_dor_8-a-top.sno
\art\terrain\goblin_inventor\t_gi_cap-dor-8-a.sno
\art\terrain\goblin_inventor\corner\t_gi_cnr_12-ccav-a.sno
\art\bitmaps\armor\gauntlets\b_a_gntl_041.%img%
\art\terrain\goblin_inventor\pipe\t_gi_pipe_flr_cap-f.sno
\art\terrain\goblin_inventor\pipe\t_gi_pipe_air_cnr-a-l.sno
\art\terrain\goblin_inventor\walkway\t_gi_wlk_04x04-a.sno
\art\terrain\goblin_inventor\floor\t_gi_flr_sup-08-b.sno
\sound\music\s_m_goblininventor_06.mp3
\art\terrain\goblin_inventor\corner\t_gi_cnr_12-cnvx-a.sno
\art\terrain\goblin_inventor\floor\t_gi_flr_detail-rock.sno
\art\terrain\goblin_inventor\floor\t_gi_flr_sup-08-a.sno
\art\terrain\goblin_inventor\pipe\t_gi_pipe_air_cnr-b.sno
\art\terrain\dungeon_2\side\t_dgn02_side_door-int-tx-gen-c.sno
\art\terrain\crypt_1\cover\t_cry01_covr_r-15x15.sno
\art\terrain\dungeon_2\side\t_dgn02_side_wall-fountain-a.sno
\art\terrain\dungeon_2\floor\t_dgn02_flr_04x08-v0.sno
\art\terrain\goblin_inventor\walkway\t_gi_wlk_04x08-a.sno
\art\meshes\items\castle\m_i_csl_door-dungeon-06.asp
\art\animations\items\castle\a_i_csl_door-dungeon-06-open.prs
\art\animations\items\castle\a_i_csl_door-dungeon-06-close.prs
\art\meshes\weapons\misc\m_w_misc_pickaxe.asp
\art\bitmaps\terrain\dungeon_2\b_t_dgn02_side-wall-details.%img%
\art\bitmaps\terrain\dungeon_2\b_t_dgn02_side-post.%img%
\art\bitmaps\terrain\goblin_inventor\b_t_gi_rock-3b.%img%
\art\bitmaps\items\castle\b_i_csl_door-dungeon-06.%img%
\art\meshes\items\goblin_inv\m_i_gob_nut.asp
\art\meshes\items\goblin_inv\m_i_gob_bolt.asp
\art\bitmaps\items\goblin_inv\b_i_gob_nutbolt.%img%
\art\terrain\goblin_inventor\wall\t_gi_wal_dbl-04-a.sno
\art\terrain\goblin_inventor\wall\t_gi_wal_04-trench2a-cap.sno
\art\terrain\goblin_inventor\trench\t_gi_trench_2a.sno
\art\terrain\goblin_inventor\trench\t_gi_trench_ccav-1a.sno
\art\meshes\characters\evil_b_bosses\goblin_inventor\m_c_ebb_gi_pos_1.asp
\art\animations\characters\evil_b_bosses\goblin_inventor\fs0\a_c_ebb_gi_fs0_ds.prs
\art\animations\characters\evil_b_bosses\goblin_inventor\fs0\a_c_ebb_gi_fs0_wl.prs
\art\animations\characters\evil_b_bosses\goblin_inventor\fs0\a_c_ebb_gi_fs0_dsf.prs
\art\animations\characters\evil_b_bosses\goblin_inventor\fs0\a_c_ebb_gi_fs0_dff.prs
\art\animations\characters\evil_b_bosses\goblin_inventor\fs0\a_c_ebb_gi_fs0_dsf-02.prs
\art\animations\characters\evil_b_bosses\goblin_inventor\fs0\a_c_ebb_gi_fs0_dsf-03.prs
\art\bitmaps\characters\evil_b_bosses\b_c_ebb_gi.%img%
\art\terrain\goblin_inventor\gadgets\t_gi_gad_flr-cplate-a.sno
\art\terrain\goblin_inventor\floor\t_gi_flr_trap-4-a.sno
\art\terrain\goblin_inventor\trench\t_gi_trench_grate-a.sno
\art\terrain\goblin_inventor\trench\t_gi_trench_grate-cnr.sno
\art\terrain\goblin_inventor\gadgets\t_gi_gad_flr-cplate-b.sno
\art\terrain\goblin_inventor\floor\t_gi_flr_trap-4-c.sno
\art\meshes\items\goblin_inv\m_i_gob_tesla-coil-03.asp
\art\animations\items\goblin_inv\a_i_gob_tesla-coil-03-rotate.prs
\art\meshes\items\goblin_inv\m_i_gob_tesla-coil-broken-03.asp
\art\meshes\characters\evil_b_bosses\goblin_robo_suit\m_c_ebb_grs_pos_1.asp
\world\ai\jobs\actors\evil\brain_rbs_legs.skrit
\art\meshes\characters\evil_b_bosses\goblin_robo_suit\m_c_ebb_grs_torso_1.asp
\world\ai\jobs\actors\evil\job_attack_torso.skrit
\world\ai\jobs\actors\evil\brain_rbs_torso.skrit
\art\meshes\items\global\m_i_glb_frag-robo-suit-01.asp
\art\meshes\items\global\m_i_glb_frag-robo-suit-03.asp
\art\meshes\items\global\m_i_glb_frag-robo-suit-04.asp
\art\meshes\items\global\m_i_glb_frag-robo-suit-10.asp
\art\meshes\items\global\m_i_glb_frag-robo-suit-12.asp
\art\meshes\items\global\m_i_glb_frag-robo-suit-13.asp
\art\meshes\items\global\m_i_glb_frag-robo-suit-14.asp
\art\meshes\items\global\m_i_glb_frag-robo-suit-15.asp
\art\meshes\items\global\m_i_glb_frag-robo-suit-16.asp
\art\meshes\items\global\m_i_glb_frag-robo-suit-17.asp
\art\meshes\items\global\m_i_glb_frag-robo-suit-20.asp
\art\meshes\characters\evil_b_bosses\goblin_robo_suit\m_c_ebb_grs_minigun_1.asp
\world\ai\jobs\actors\evil\brain_rbs_minigun.skrit
\art\meshes\items\global\m_i_glb_frag-robo-suit-06.asp
\art\meshes\items\global\m_i_glb_frag-robo-suit-07.asp
\art\meshes\items\global\m_i_glb_frag-robo-suit-08.asp
\art\meshes\characters\evil_b_bosses\goblin_robo_suit\m_c_ebb_grs_flamethrower_1.asp
\world\ai\jobs\actors\evil\brain_rbs_flamethrower.skrit
\art\meshes\items\global\m_i_glb_frag-robo-suit-02.asp
\art\meshes\characters\evil_b_bosses\goblin_robo_suit\m_c_ebb_grs_lightninggun_1.asp
\world\ai\jobs\actors\evil\brain_rbs_lightning.skrit
\art\meshes\items\global\m_i_glb_frag-robo-suit-18.asp
\art\meshes\items\global\m_i_glb_frag-robo-suit-19.asp
\art\meshes\items\global\m_i_glb_frag-robo-suit-21.asp
\art\meshes\items\global\m_i_glb_frag-robo-suit-05.asp
\art\meshes\items\global\m_i_glb_frag-robo-suit-09.asp
\art\meshes\items\global\m_i_glb_frag-robo-suit-11.asp
\art\meshes\weapons\mace\m_w_mce_055.asp
\art\meshes\weapons\bow\m_w_bow_031.asp
\art\animations\characters\evil_b_bosses\goblin_robo_suit\fs0\a_c_ebb_grs_fs0_dfs.prs
\art\animations\characters\evil_b_bosses\goblin_robo_suit\fs0\a_c_ebb_grs_fs0_wl.prs
\art\animations\characters\evil_b_bosses\goblin_robo_suit\fs0\a_c_ebb_grs_fs0_di.prs
\art\animations\characters\evil_b_bosses\goblin_robo_suit\fs0\a_c_ebb_grs_fs0_dff.prs
\art\animations\characters\evil_b_bosses\goblin_robo_suit\fs0\a_c_ebb_grs_fs0_dff-2.prs
\art\animations\characters\evil_b_bosses\goblin_robo_suit\fs0\a_c_ebb_grs_fs0_rv.prs
\art\terrain\goblin_inventor\gadgets\t_gi_gad_staff-plate-a.sno
\art\terrain\goblin_inventor\gadgets\t_gi_gad_staff-top-ball-a.sno
\art\meshes\weapons\staff\m_w_stf_014.asp
\art\bitmaps\weapons\staff\dir.lqd18
\art\bitmaps\terrain\goblin_inventor\b_t_gi_staff-platform.%img%
\art\bitmaps\weapons\staff\b_w_stf_merik.%img%
\art\bitmaps\sfx\b_sfx_armor_fireshot.%img%
\art\terrain\goblin_inventor\gadgets\t_gi_gad_staff-cord-a.sno
\art\terrain\goblin_inventor\gadgets\t_gi_gad_staff-chain-a.sno
\art\bitmaps\terrain\goblin_inventor\b_t_gi_chain.%img%
\art\terrain\goblin_inventor\wall\t_gi_wal_08-trench2a-cap.sno
\art\terrain\goblin_inventor\t_gi_exit-ele-base.sno
\sound\music\s_m_goblininventor_09.mp3
\world\maps\map_world\regions\gi_r3_b\terrain_nodes\siege_nodes.lnc
\art\terrain\goblin_inventor\t_gi_exit-ele.sno
\art\terrain\goblin_inventor\t_gi_cap-ele-base.sno
\world\maps\map_world\regions\gi_r3_b\terrain_nodes\dir.lqd18
\art\terrain\goblin_inventor\t_gi_exit-ele-base-door-top.sno
\art\terrain\goblin_inventor\t_gi_exit-ele-shaft.sno
\art\meshes\items\goblin_inv\m_i_gob_door-05.asp
\art\animations\items\goblin_inv\a_i_gob_door-05-open.prs
\art\animations\items\goblin_inv\a_i_gob_door-05-close.prs
\art\meshes\items\goblin_inv\m_i_gob_door-05-r.asp
\art\animations\items\goblin_inv\a_i_gob_door-05-r-open.prs
\art\animations\items\goblin_inv\a_i_gob_door-05-r-close.prs
\art\bitmaps\items\goblin_inv\b_i_gob_door-05.%img%
\sound\effects\s_e_fidget_goblin_inv_teleport.wav
\world\maps\map_world\regions\gi_r3\conversations\dir.lqd18
\sound\voices\s_v_gi_inventor1.mp3
\art\bitmaps\characters\evil_b_bosses\b_c_ebb_grs.%img%
\art\animations\skrits\robo_suit_torso.skrit
\art\animations\characters\evil_b_bosses\goblin_robo_suit\a_c_ebb_grs_torso_dfs.prs
\art\animations\characters\evil_b_bosses\goblin_robo_suit\a_c_ebb_grs_torso_at.prs
\art\animations\skrits\robo_suit_minigun.skrit
\art\animations\skrits\robo_suit_flamethrower.skrit
\art\animations\skrits\robo_suit_lightning.skrit
\sound\effects\s_e_move_robosuit_step.wav
\sound\effects\s_e_spell_burnbody_cast.wav
\sound\effects\s_e_die_tesla_coil.wav
\art\bitmaps\items\goblin_inv\b_i_gob_tesla-coil-broken.%img%
\art\terrain\goblin_inventor\t_gi_exit-ele-top.sno
\art\bitmaps\terrain\goblin_inventor\b_t_gi_exit-wall-a.%img%
\world\maps\map_world\regions\gi_r3_b\objects\dir.lqd18
\art\meshes\items\global\m_i_glb_dead_gobbot.asp
\art\bitmaps\terrain\abandoned_cave_1\wall\b_t_abc01_wal_04x08-a.%img%
\sound\effects\s_e_die_robo_suit.wav
\art\bitmaps\characters\body_armor\type7\b_c_pos_a7_023.%img%
\art\bitmaps\armor\helmets\b_a_hlmt_037.%img%
\sound\music\s_m_goblininventor_10.mp3
\sound\voices\s_v_gi_inventor2.mp3
\art\bitmaps\gui\in_game\inventory\weapons\mace\b_gui_ig_i_w_mce_089.%img%
\art\bitmaps\gui\in_game\inventory\weapons\bow\b_gui_ig_i_w_bow_130.%img%
\art\bitmaps\gui\in_game\inventory\armor\helmet\b_gui_ig_i_a_hlmt_037.%img%
\art\bitmaps\gui\in_game\inventory\icons\b_gui_ig_i_ic_sp_110_inv.%img%
\art\bitmaps\gui\in_game\inventory\icons\b_gui_ig_i_ic_sp_110.%img%
\art\bitmaps\gui\in_game\inventory\weapons\staff\b_gui_ig_i_w_stf_014.%img%
\sound\effects\s_e_env_chains_pulley.wav
\sound\effects\s_e_nis_goblin_inv_staff_powerdown.wav
\art\bitmaps\gui\in_game\inventory\icons\b_gui_ig_i_ic_stf_005.%img%
\art\bitmaps\terrain\abandoned_cave_1\floor\b_t_abc01_flr_stg-04x04-a.%img%
\art\bitmaps\terrain\abandoned_cave_1\wall\b_t_abc01_wal_08x08-a.%img%
\art\bitmaps\terrain\abandoned_cave_1\floor\b_t_abc01_flr_stg-08x08-c.%img%
\sound\music\s_m_goblininventor_07.mp3
\world\maps\map_world\regions\gi_r3_b\conversations\dir.lqd18
\sound\voices\s_v_chapter_4.mp3
\world\maps\map_world\regions\tr_r1\terrain_nodes\siege_nodes.lnc
\world\maps\map_world\regions\tr_r1\terrain_nodes\dir.lqd18
\art\bitmaps\terrain\abandoned_cave_1\b_t_abc01_ele-platform-04x04.%img%
\world\maps\map_world\regions\tr_r1\objects\dir.lqd18
\art\terrain\seashore_1\t_sea01_sand-tx-grs-08x04-c.sno
\art\terrain\seashore_1\t_sea01_sand-tx-grs-04x04-c.sno
\art\terrain\seashore_1\t_sea01_sand-08x04-a.sno
\art\meshes\items\global\m_i_glb_grass-beach-02.asp
\art\bitmaps\terrain\seashore_1\b_t_sea01_sand-tx-grs-4x4-c.%img%
\art\terrain\seashore_1\t_sea01_sand-04x04-a.sno
\art\terrain\seashore_1\t_sea01_sand-tx-grs-04x04-e.sno
\art\terrain\seashore_1\t_sea01_sand-tx-grs-08x04-f.sno
\art\terrain\seashore_1\t_sea01_sand-wet-08x04-d.sno
\art\terrain\seashore_1\t_sea01_sand-wet-08x04-c.sno
\art\terrain\seashore_1\t_sea01_sand-tx-grs-08x04-e.sno
\art\meshes\items\global\m_i_glb_tide-rock-02.asp
\art\meshes\items\global\m_i_glb_grass-beach-01.asp
\art\meshes\items\global\m_i_glb_tree-sequoia-01.asp
\art\meshes\items\global\m_i_glb_tree-hemlock-01.asp
\art\terrain\seashore_1\t_sea01_sand-wet-08x04-f.sno
\art\terrain\seashore_1\t_sea01_sand-wet-04x04-e.sno
\art\terrain\seashore_1\t_sea01_seashore-a.sno
\art\terrain\seashore_1\t_sea01_sand-wet-04x04-b.sno
\art\terrain\seashore_1\t_sea01_sand-wet-04x04-c.sno
\art\terrain\seashore_1\t_sea01_water.sno
\art\terrain\seashore_1\t_sea01_seashore-barrier-8a.sno
\art\terrain\seashore_1\t_sea01_sand-tx-grs-04x04-b.sno
\art\meshes\characters\neutral_ambients\seagull\m_c_na_sg_pos_1.asp
\art\animations\characters\neutral_ambients\seagull\fs0\a_c_na_sg_fs0_ds.prs
\art\animations\characters\neutral_ambients\seagull\fs0\a_c_na_sg_fs0_fl.prs
\art\animations\characters\neutral_ambients\seagull\fs0\a_c_na_sg_fs0_fl-02.prs
\art\animations\characters\neutral_ambients\seagull\fs0\a_c_na_sg_fs0_fl-03.prs
\art\meshes\characters\neutral_ambients\crab\m_c_na_cb_pos_1.asp
\art\animations\characters\neutral_ambients\crab\fs0\a_c_na_cb_fs0_ds.prs
\art\animations\characters\neutral_ambients\crab\fs0\a_c_na_cb_fs0_wl.prs
\art\animations\characters\neutral_ambients\crab\fs0\a_c_na_cb_fs0_di.prs
\art\animations\characters\neutral_ambients\crab\fs0\a_c_na_cb_fs0_dff.prs
\art\animations\characters\neutral_ambients\crab\fs0\a_c_na_cb_fs0_dsf.prs
\art\animations\characters\neutral_ambients\crab\fs0\a_c_na_cb_fs0_dsf-02.prs
\art\animations\characters\neutral_ambients\crab\fs0\a_c_na_cb_fs0_dsf-03.prs
\art\meshes\items\global\m_i_glb_seashells-04.asp
\art\meshes\items\global\m_i_glb_seashells-01.asp
\art\meshes\items\global\m_i_glb_shore-debris-01.asp
\art\meshes\items\global\m_i_glb_seashells-03.asp
\art\meshes\items\global\m_i_glb_seashells-05.asp
\art\meshes\items\global\m_i_glb_shore-debris-02.asp
\art\meshes\items\global\m_i_glb_shore-debris-03.asp
\art\meshes\items\global\m_i_glb_seaweed-02.asp
\art\meshes\items\global\m_i_glb_tide-rock-03.asp
\art\meshes\items\global\m_i_glb_seaweed-03.asp
\art\meshes\items\global\m_i_glb_tide-rock-01.asp
\art\meshes\items\global\m_i_glb_seashells-02.asp
\art\meshes\items\global\m_i_glb_seaweed-01.asp
\art\meshes\items\global\m_i_glb_pilings-02.asp
\art\meshes\items\global\m_i_glb_pilings-03.asp
\art\meshes\items\global\m_i_glb_pilings-04.asp
\art\meshes\items\global\m_i_glb_pilings-07.asp
\art\meshes\items\global\m_i_glb_pilings-06.asp
\art\meshes\items\global\m_i_glb_pilings-05.asp
\art\bitmaps\terrain\seashore_1\b_t_sea01_sand-4x4-a.%img%
\sound\effects\s_e_env_seagulls.wav
\art\bitmaps\items\global\b_i_glb_grass-beach.%img%
\art\bitmaps\terrain\seashore_1\b_t_sea01_sand-tx-grs-8x4-c.%img%
\sound\effects\s_e_env_ocean.wav
\art\bitmaps\terrain\seashore_1\b_t_sea01_sand-tx-grs-4x4-e.%img%
\art\bitmaps\terrain\seashore_1\b_t_sea01_sand-tx-grs-8x4-f.%img%
\art\bitmaps\terrain\seashore_1\b_t_sea01_sand-tx-wet-8x4-c.%img%
\art\bitmaps\terrain\seashore_1\b_t_sea01_sand-tx-wet-8x4-d.%img%
\art\bitmaps\items\global\b_i_glb_tide-rock-01.%img%
\art\bitmaps\items\grass\b_i_grs_tree-sequoia.%img%
\art\bitmaps\items\grass\b_i_grs_tree-hemlock.%img%
\art\bitmaps\terrain\seashore_1\b_t_sea01_sand-tx-wet-8x4-f.%img%
\art\bitmaps\terrain\seashore_1\b_t_sea01_sand-tx-wet-4x4-e.%img%
\art\bitmaps\terrain\seashore_1\b_t_sea01_seashore.%img%
\art\bitmaps\terrain\seashore_1\b_t_sea01_h2o-1.%img%
\art\bitmaps\terrain\seashore_1\b_t_sea01_h2o-2.%img%
\art\bitmaps\terrain\seashore_1\b_t_sea01_h2o-3.%img%
\art\bitmaps\terrain\seashore_1\b_t_sea01_h2o-4.%img%
\art\bitmaps\terrain\seashore_1\b_t_sea01_h2o-5.%img%
\art\bitmaps\terrain\seashore_1\b_t_sea01_h2o-6.%img%
\art\bitmaps\terrain\seashore_1\b_t_sea01_h2o-7.%img%
\art\bitmaps\terrain\seashore_1\b_t_sea01_h2o-8.%img%
\art\bitmaps\terrain\seashore_1\b_t_sea01_h2o-9.%img%
\art\bitmaps\terrain\seashore_1\b_t_sea01_seabottom.%img%
\art\bitmaps\terrain\seashore_1\b_t_sea01_sand-tx-wet-4x4-c.%img%
\art\bitmaps\terrain\seashore_1\b_t_sea01_seashore-barrier-water-a.%img%
\art\bitmaps\terrain\seashore_1\b_t_sea01_seashore-barrier-water-b.%img%
\art\bitmaps\terrain\seashore_1\b_t_sea01_seashore-barrier-wall.%img%
\art\bitmaps\terrain\seashore_1\b_t_sea01_sand-tx-wet-4x4-b.%img%
\art\bitmaps\terrain\seashore_1\b_t_sea01_sand-tx-grs-4x4-b.%img%
\art\bitmaps\characters\neutral_ambients\b_c_na_sg.%img%
\art\bitmaps\characters\neutral_ambients\b_c_na_cb.%img%
\art\bitmaps\characters\evil_d_monsters\b_c_edm_mn-03.%img%
\art\bitmaps\terrain\seashore_1\b_t_sea01_sand-tx-grs-8x4-e.%img%
\art\terrain\seashore_1\t_sea01_sand-wet-08x04-e.sno
\art\bitmaps\items\global\b_i_glb_seashells-01.%img%
\art\bitmaps\items\global\b_i_glb_shore-debris-01.%img%
\art\bitmaps\items\global\b_i_glb_seaweed-02.%img%
\art\bitmaps\items\global\b_i_glb_seaweed-03.%img%
\art\bitmaps\items\global\b_i_glb_seaweed-01.%img%
\art\bitmaps\items\global\b_i_glb_pilings.%img%
\art\bitmaps\decals\b_d_seaweed-02.%img%
\art\bitmaps\terrain\seashore_1\b_t_sea01_sand-tx-wet-8x4-e.%img%
\sound\effects\s_e_env_door_gi_exit.wav
\ui\interfaces\chapters\chapter_5\dir.lqd18
\art\bitmaps\gui\nis\b_gui_nis_ch05.%img%
\art\terrain\generic\ruins\t_xxx_ruin_support-08x08-a.sno
\sound\music\s_m_templeruins_02.mp3
\art\terrain\generic\ruins\t_xxx_ruin_flr-08x04-a.sno
\art\bitmaps\characters\evil_d_monsters\b_c_edm_sm-02.%img%
\art\meshes\items\global\m_i_glb_tree-sequoia-02.asp
\art\terrain\seashore_1\t_sea01_sand-wet-04x04-a.sno
\art\bitmaps\terrain\seashore_1\b_t_sea01_sand-wet-4x4-a.%img%
\world\maps\map_world\regions\tr_r2\terrain_nodes\siege_nodes.lnc
\world\maps\map_world\regions\tr_r2\terrain_nodes\dir.lqd18
\art\bitmaps\terrain\forest_sequoia\dir.lqd18
\art\bitmaps\terrain\forest_sequoia\forest\dir.lqd18
\art\bitmaps\terrain\forest_sequoia\floor\dir.lqd18
\sound\music\s_m_templeruins_01.mp3
\art\terrain\generic\path\t_xxx_pth_08x04-j.sno
\world\maps\map_world\regions\tr_r2\objects\dir.lqd18
\art\bitmaps\terrain\forest_sequoia\path\dir.lqd18
\art\terrain\generic\path\t_xxx_pth_02b-thick.sno
\art\bitmaps\terrain\forest_sequoia\floor\b_t_for02_flr_04x04-a.%img%
\art\bitmaps\terrain\forest_sequoia\wall\dir.lqd18
\art\bitmaps\terrain\forest_sequoia\forest\b_t_for02_for_wall-c.%img%
\art\bitmaps\terrain\forest_sequoia\forest\b_t_for02_for_foliage.%img%
\art\bitmaps\terrain\forest_sequoia\forest\b_t_for02_for_wall-b.%img%
\art\bitmaps\terrain\forest_sequoia\path\b_t_for02_pth_04x04-c.%img%
\art\bitmaps\terrain\forest_sequoia\forest\b_t_for02_for_wall-a.%img%
\art\bitmaps\terrain\forest_sequoia\ruins\dir.lqd18
\art\bitmaps\terrain\forest_sequoia\path\b_t_for02_pth_08x04-f.%img%
\art\bitmaps\terrain\forest_sequoia\path\b_t_for02_pth_08x08-i.%img%
\art\bitmaps\terrain\forest_sequoia\path\b_t_for02_pth_04x04-b.%img%
\art\bitmaps\terrain\forest_sequoia\path\b_t_for02_pth_04x04-e.%img%
\art\bitmaps\terrain\forest_sequoia\wall\b_t_for02_wal_04x04-b.%img%
\art\bitmaps\terrain\forest_sequoia\wall\b_t_for02_wal_08x04-a.%img%
\art\meshes\characters\evil_c_monsters\cyclops\m_c_ecm_cy_pos_1.asp
\art\animations\characters\evil_c_monsters\cyclops\fs0\a_c_ecm_cy_fs0_ds.prs
\art\animations\characters\evil_c_monsters\cyclops\fs1\a_c_ecm_cy_fs1_ds.prs
\art\animations\characters\evil_c_monsters\cyclops\fs0\a_c_ecm_cy_fs0_wl.prs
\art\animations\characters\evil_c_monsters\cyclops\fs1\a_c_ecm_cy_fs1_wl.prs
\art\animations\characters\evil_c_monsters\cyclops\fs0\a_c_ecm_cy_fs0_di.prs
\art\animations\characters\evil_c_monsters\cyclops\fs1\a_c_ecm_cy_fs1_di.prs
\art\animations\characters\evil_c_monsters\cyclops\fs0\a_c_ecm_cy_fs0_at.prs
\art\animations\characters\evil_c_monsters\cyclops\fs0\a_c_ecm_cy_fs0_at-02.prs
\art\animations\characters\evil_c_monsters\cyclops\fs0\a_c_ecm_cy_fs0_dff.prs
\art\animations\characters\evil_c_monsters\cyclops\fs1\a_c_ecm_cy_fs1_at.prs
\art\animations\characters\evil_c_monsters\cyclops\fs1\a_c_ecm_cy_fs1_at-02.prs
\art\animations\characters\evil_c_monsters\cyclops\fs1\a_c_ecm_cy_fs1_dff.prs
\art\bitmaps\characters\evil_c_monsters\b_c_ecm_cy.%img%
\art\bitmaps\terrain\forest_sequoia\path\b_t_for02_pth_08x04-e.%img%
\art\bitmaps\terrain\forest_sequoia\path\b_t_for02_pth_04x04-d.%img%
\art\bitmaps\terrain\forest_sequoia\ruins\b_t_for02_ruin_flr-04x04-pillar-a.%img%
\art\bitmaps\terrain\forest_sequoia\ruins\b_t_for02_ruin_wall-04x04-a.%img%
\art\bitmaps\terrain\forest_sequoia\ruins\b_t_for02_ruin_wall-04x04-b.%img%
\art\bitmaps\terrain\forest_sequoia\ruins\b_t_for02_ruin_wall-08x04-detail-a.%img%
\art\bitmaps\terrain\forest_sequoia\ruins\b_t_for02_ruin_flr-04x04-b.%img%
\art\bitmaps\characters\evil_d_monsters\b_c_edm_la.%img%
\art\bitmaps\terrain\forest_sequoia\path\b_t_for02_pth_08x04-d.%img%
\art\bitmaps\terrain\forest_sequoia\path\b_t_for02_pth_08x04-j.%img%
\art\bitmaps\terrain\forest_sequoia\path\b_t_for02_pth_08x04-a.%img%
\art\bitmaps\terrain\forest_sequoia\path\b_t_for02_pth_08x04-c.%img%
\art\terrain\generic\ruins\t_xxx_ruin_block-04x04-c.sno
\art\bitmaps\terrain\forest_sequoia\ruins\b_t_for02_ruin_flr-04x04-a.%img%
\art\bitmaps\characters\evil_d_monsters\b_c_edm_la-06.%img%
\art\bitmaps\terrain\forest_sequoia\river\dir.lqd18
\art\bitmaps\terrain\forest_sequoia\ruins\b_t_for02_ruin_wall-04x04-c.%img%
\sound\music\s_m_templeruins_03.mp3
\art\meshes\items\grass\m_i_grs_cattail-01.asp
\art\bitmaps\terrain\forest_sequoia\river\b_t_for02_rvr_water-2a-1.%img%
\art\bitmaps\terrain\forest_sequoia\river\b_t_for02_rvr_water-2a-2.%img%
\art\bitmaps\terrain\forest_sequoia\river\b_t_for02_rvr_water-2a-3.%img%
\art\bitmaps\terrain\forest_sequoia\river\b_t_for02_rvr_water-2a-4.%img%
\sound\effects\s_e_hit_cyclops.wav
\sound\effects\s_e_die_cyclops.wav
\art\meshes\items\global\m_i_glb_tree-oak-02.asp
\art\meshes\items\grass\m_i_grs_bush-09.asp
\art\bitmaps\items\grass\b_i_grs_tree-oak.%img%
\art\bitmaps\items\grass\b_i_grs_bush-09.%img%
\art\terrain\grass_1\houses\t_grs01_houses_generic-flr-a-stone.sno
\art\bitmaps\terrain\forest_sequoia\ruins\b_t_for02_ruin_wall-02x02-detail-a.%img%
\art\meshes\items\grass\m_i_grs_bush-05.asp
\art\bitmaps\terrain\forest_sequoia\wall\b_t_for02_wal_04x04-c.%img%
\art\bitmaps\items\grass\b_i_grs_bush-05.%img%
\art\terrain\grass_1\houses\t_grs01_houses_generic-a-roof-shingle.sno
\art\terrain\grass_1\houses\t_grs01_houses_generic-flr-a-stone-door-top.sno
\world\ai\jobs\actors\good\job_talk_gregor.skrit
\art\meshes\items\global\m_i_glb_tree-oak-01.asp
\art\meshes\items\desert\m_i_des_rug-05.asp
\art\bitmaps\terrain\forest_sequoia\path\b_t_for02_pth_04x04-a.%img%
\art\bitmaps\terrain\grass_1\b_t_grs01_house-boards.%img%
\art\bitmaps\items\desert\b_i_des_rug-05.%img%
\sound\effects\s_e_hit_larch.wav
\sound\effects\s_e_die_larch.wav
\art\meshes\armor\shields\m_a_shd_27.asp
\art\meshes\weapons\staff\m_w_stf_066.asp
\art\meshes\weapons\mace\m_w_mce_054.asp
\art\meshes\weapons\axe\m_w_axe_083.asp
\art\meshes\weapons\hammer\m_w_hmr_015.asp
\art\meshes\weapons\staff\m_w_stf_082.asp
\art\meshes\weapons\misc\m_w_misc_scythe-001.asp
\art\meshes\weapons\crossbow\m_w_csb_006.asp
\world\maps\map_world\regions\tr_r2\conversations\dir.lqd18
\art\meshes\armor\helmets\m_a_hlmt_type39.asp
\art\bitmaps\decals\b_d_rug-06.%img%
\art\bitmaps\characters\good_a_heroes\farmboy\b_c_gah_fb_skin_33.%img%
\art\bitmaps\characters\body_armor\type1\b_c_pos_a1_073.%img%
\art\bitmaps\armor\helmets\b_a_hlmt_039.%img%
\art\bitmaps\items\grass\b_i_grs_door-02-queensmen.%img%
\art\bitmaps\terrain\forest_sequoia\path\b_t_for02_pth_04x04-g.%img%
\art\meshes\items\global\m_i_glb_chest-of-drawers-01.asp
\art\bitmaps\decals\b_d_rug-05.%img%
\art\bitmaps\items\castle\b_i_csl_chest-03.%img%
\art\meshes\weapons\club\m_w_clb_006.asp
\art\bitmaps\terrain\forest_sequoia\floor\b_t_for02_flr_dtl-08x08-a.%img%
\art\bitmaps\terrain\forest_sequoia\path\b_t_for02_pth_04x04-f.%img%
\art\meshes\items\global\m_i_glb_growth-falloff.asp
\art\bitmaps\items\grass\b_i_grs_growth-falloff.%img%
\art\bitmaps\gui\in_game\inventory\icons\b_gui_ig_i_ic_mce_003.%img%
\world\maps\map_world\regions\tr_r3\terrain_nodes\siege_nodes.lnc
\world\maps\map_world\regions\tr_r3\terrain_nodes\dir.lqd18
\sound\voices\s_v_tr_thayne1.mp3
\art\bitmaps\gui\in_game\inventory\icons\b_gui_ig_i_ic_c_thayne.%img%
\art\bitmaps\gui\in_game\inventory\armor\body_armor\b_gui_ig_i_a_pos_a2_036.%img%
\art\bitmaps\gui\in_game\inventory\armor\body_armor\b_gui_ig_i_a_pos_a5_002.%img%
\art\bitmaps\gui\in_game\inventory\armor\body_armor\b_gui_ig_i_a_pos_a1_022.%img%
\art\bitmaps\gui\in_game\inventory\armor\boot\b_gui_ig_i_a_boot_009.%img%
\sound\voices\s_v_tr_thayne2.mp3
\sound\effects\s_e_hit_steelblunt_med1.wav
\world\maps\map_world\regions\tr_r3\objects\dir.lqd18
\world\maps\map_world\regions\wd_r1\terrain_nodes\siege_nodes.lnc
\world\maps\map_world\regions\wd_r1\terrain_nodes\dir.lqd18
\world\maps\map_world\regions\wd_r1\objects\dir.lqd18
\art\terrain\generic\dungeon\wall\t_xxx_dgn_wal_ex-breakwal-thin-a.sno
\art\bitmaps\terrain\dungeon_roundstone-wet_1\dir.lqd18
\art\bitmaps\terrain\dungeon_roundstone-wet_1\dungeon\dir.lqd18
\art\bitmaps\terrain\dungeon_roundstone-wet_1\dungeon\b_t_dgn12_dgn_wal-04x04-b.%img%
\art\bitmaps\terrain\dungeon_roundstone-wet_1\dungeon\b_t_dgn12_dgn_flr-04x04-a.%img%
\art\bitmaps\terrain\dungeon_roundstone-wet_1\dungeon\b_t_dgn12_dgn_flr-04x04-b.%img%
\art\bitmaps\terrain\dungeon_roundstone-wet_1\dungeon\b_t_dgn12_dgn_stair-top.%img%
\art\bitmaps\terrain\dungeon_roundstone-wet_1\dungeon\b_t_dgn12_dgn_stair-front.%img%
\art\bitmaps\terrain\dungeon_roundstone-wet_1\dungeon\b_t_dgn12_dgn_h2o-04x04-a.%img%
\art\bitmaps\terrain\dungeon_roundstone-wet_1\dungeon\b_t_dgn12_dgn_wal-a-tx-b-02x04-a.%img%
\art\terrain\generic\dungeon\corner\h2o\t_xxx_dgn_cnr_h2o_ex-cnvx-c.sno
\art\terrain\generic\dungeon\wall\h2o\t_xxx_dgn_wal_h2o_ex-thick-a.sno
\art\bitmaps\terrain\dungeon_roundstone-wet_1\dungeon\b_t_dgn12_dgn_wal-04x04-a.%img%
\art\meshes\items\global\m_i_glb_shelf-01.asp
\art\meshes\items\global\m_i_glb_wall-breakable.asp
\art\meshes\items\global\m_i_glb_roots-07.asp
\art\meshes\items\global\m_i_glb_roots-03.asp
\art\bitmaps\items\global\b_i_glb_roots-01.%img%
\art\terrain\generic\dungeon\corner\h2o\t_xxx_dgn_cnr_h2o_ex-ccav-c.sno
\art\bitmaps\terrain\forest_sequoia\path\b_t_for02_pth_08x04-b.%img%
\art\bitmaps\characters\evil_d_monsters\b_c_edm_dl-04.%img%
\art\terrain\generic\dungeon\wall\h2o\t_xxx_dgn_wal_h2o_archway-b.sno
\art\meshes\items\global\m_i_glb_door-gendungeon-01.asp
\art\animations\items\global\a_i_glb_door-gendungeon-01-open.prs
\art\animations\items\global\a_i_glb_door-gendungeon-01-close.prs
\art\meshes\items\global\m_i_glb_roots-01.asp
\art\bitmaps\terrain\dungeon_roundstone-wet_1\dungeon\b_t_dgn12_dgn_wal-04x04-arch-a.%img%
\art\bitmaps\items\global\b_i_glb_door-gendungeon-03.%img%
\art\meshes\characters\evil_d_monsters\unguis\m_c_edm_ug_pos_1.asp
\art\animations\characters\evil_d_monsters\unguis\fs0\a_c_edm_ug_fs0_ds.prs
\art\animations\characters\evil_d_monsters\unguis\fs0\a_c_edm_ug_fs0_dfs.prs
\art\animations\characters\evil_d_monsters\unguis\fs0\a_c_edm_ug_fs0_di.prs
\art\animations\characters\evil_d_monsters\unguis\fs0\a_c_edm_ug_fs0_at.prs
\art\animations\characters\evil_d_monsters\unguis\fs0\a_c_edm_ug_fs0_at-02.prs
\art\animations\characters\evil_d_monsters\unguis\fs0\a_c_edm_ug_fs0_dff.prs
\art\animations\characters\evil_d_monsters\unguis\fs0\a_c_edm_ug_fs0_rv.prs
\art\meshes\items\global\m_i_glb_roots-02.asp
\art\meshes\items\global\m_i_glb_roots-06.asp
\art\bitmaps\terrain\dungeon_roundstone-wet_1\dungeon\b_t_dgn12_dgn_pillar-04x04-a.%img%
\art\terrain\generic\dungeon\floor\h2o\t_xxx_dgn_flr_h2o_hole-deep-cncv-a.sno
\art\meshes\characters\evil_d_monsters\shrack\m_c_edm_shk_pos_1.asp
\art\animations\characters\evil_d_monsters\shrack\fs0\a_c_edm_shk_fs0_dfs.prs
\art\animations\characters\evil_d_monsters\shrack\fs0\a_c_edm_shk_fs0_wl.prs
\art\animations\characters\evil_d_monsters\shrack\fs0\a_c_edm_shk_fs0_di.prs
\art\animations\characters\evil_d_monsters\shrack\fs0\a_c_edm_shk_fs0_at.prs
\art\animations\characters\evil_d_monsters\shrack\fs0\a_c_edm_shk_fs0_at-02.prs
\art\animations\characters\evil_d_monsters\shrack\fs0\a_c_edm_shk_fs0_dff.prs
\art\animations\characters\evil_d_monsters\shrack\fs0\a_c_edm_shk_fs0_dff-02.prs
\art\meshes\items\global\m_i_glb_roots-05.asp
\art\bitmaps\characters\evil_d_monsters\b_c_edm_shk.%img%
\art\bitmaps\characters\evil_d_monsters\b_c_edm_dl-05.%img%
\art\meshes\items\global\m_i_glb_roots-04.asp
\art\terrain\generic\dungeon\wall\h2o\t_xxx_dgn_wal_h2o_ex-secretwal-thin-a.sno
\art\terrain\generic\dungeon\wall\t_xxx_dgn_wal_ex-secretdoor-thin-a.sno
\art\terrain\generic\dungeon\corner\h2o\t_xxx_dgn_cnr_h2o_ex-cnvx-d.sno
\art\terrain\generic\dungeon\stair\h2o\t_xxx_dgn_stair_h2o_ex-b.sno
\art\meshes\weapons\staff\m_w_stf_077.asp
\art\bitmaps\characters\evil_d_monsters\b_c_edm_dl-06.%img%
\art\terrain\generic\dungeon\corner\t_xxx_dgn_cnr_ex-cnvx-d.sno
\art\terrain\generic\dungeon\floor\t_xxx_dgn_flr_pillar-b.sno
\art\terrain\generic\dungeon\floor\h2o\t_xxx_dgn_flr_h2o_stair-cncv-b.sno
\art\terrain\generic\dungeon\wall\t_xxx_dgn_wal_ex-pillar-a.sno
\art\terrain\generic\dungeon\floor\h2o\t_xxx_dgn_flr_h2o_stair-thick-a.sno
\art\terrain\generic\dungeon\floor\h2o\t_xxx_dgn_flr_h2o_stair-deep-cncv-b.sno
\art\terrain\generic\dungeon\floor\h2o\t_xxx_dgn_flr_h2o_stair-deep-cnvx-a.sno
\art\meshes\items\global\m_i_glb_roots-08.asp
\art\bitmaps\gui\in_game\inventory\icons\b_gui_ig_i_ic_sp_034_inv.%img%
\sound\music\s_m_waterdungeon_01.mp3
\art\terrain\custom_dungeon_1\water_dungeon\t_cd01_wd_stairway-a.sno
\art\terrain\custom_dungeon_1\water_dungeon\t_cd01_wd_wal-grate-a.sno
\art\terrain\custom_dungeon_1\water_dungeon\t_cd01_wd_flr-08x04-a.sno
\art\bitmaps\characters\evil_d_monsters\b_c_edm_dg-02.%img%
\art\terrain\custom_dungeon_1\water_dungeon\t_cd01_wd_wal-cnvx-a.sno
\art\terrain\custom_dungeon_1\water_dungeon\t_cd01_wd_wal-thin-a.sno
\art\terrain\custom_dungeon_1\water_dungeon\t_cd01_wd_wal-grate-door-a.sno
\art\bitmaps\terrain\forest_sequoia\path\b_t_for02_pth_08x08-j.%img%
\sound\effects\s_e_hit_dark_lunger.wav
\art\bitmaps\characters\evil_d_monsters\b_c_edm_ug.%img%
\art\terrain\custom_dungeon_1\water_dungeon\t_cd01_wd_deep-hole-cncv-a.sno
\art\terrain\custom_dungeon_1\water_dungeon\t_cd01_wd_wal-cncv-a.sno
\art\terrain\custom_dungeon_1\water_dungeon\t_cd01_wd_flr-04x04-a.sno
\art\terrain\custom_dungeon_1\water_dungeon\t_cd01_wd_stair-cncx-a.sno
\art\terrain\custom_dungeon_1\water_dungeon\t_cd01_wd_deep-hole-cnvx-a.sno
\art\bitmaps\terrain\forest_sequoia\wall\b_t_for02_wal_04x04-a.%img%
\art\terrain\custom_dungeon_1\water_dungeon\t_cd01_wd_deep-hole-04x04-a.sno
\art\terrain\custom_dungeon_1\water_dungeon\t_cd01_wd_deep-hole-08x04-a.sno
\art\terrain\custom_dungeon_1\water_dungeon\t_cd01_wd_stair-08x04-a.sno
\art\terrain\custom_dungeon_1\water_dungeon\t_cd01_wd_stair-floor-a.sno
\art\terrain\custom_dungeon_1\water_dungeon\t_cd01_wd_stair-04x04-a.sno
\art\terrain\generic\dungeon\floor\h2o\t_xxx_dgn_flr_h2o_deep-04x04-a.sno
\sound\music\s_m_templeruins_04.mp3
\art\meshes\characters\evil_c_monsters\wraith\m_c_ecm_wr_pos_1.asp
\art\meshes\items\global\m_i_glb_frag-wraith-01.asp
\art\meshes\items\global\m_i_glb_frag-wraith-02.asp
\art\meshes\items\global\m_i_glb_frag-wraith-03.asp
\art\meshes\items\global\m_i_glb_frag-wraith-04.asp
\art\meshes\items\global\m_i_glb_frag-wraith-05.asp
\art\meshes\items\global\m_i_glb_frag-wraith-06.asp
\art\meshes\items\global\m_i_glb_frag-wraith-08.asp
\art\animations\characters\evil_c_monsters\wraith\fs0\a_c_ecm_wr_fs0_dfs.prs
\art\animations\characters\evil_c_monsters\wraith\fs0\a_c_ecm_wr_fs0_wl.prs
\art\animations\characters\evil_c_monsters\wraith\fs0\a_c_ecm_wr_fs0_di.prs
\art\animations\characters\evil_c_monsters\wraith\fs0\a_c_ecm_wr_fs0_at.prs
\art\animations\characters\evil_c_monsters\wraith\fs0\a_c_ecm_wr_fs0_at-02.prs
\art\animations\characters\evil_c_monsters\wraith\fs0\a_c_ecm_wr_fs0_at-03.prs
\art\animations\characters\evil_c_monsters\wraith\fs0\a_c_ecm_wr_fs0_at-04.prs
\art\animations\characters\evil_c_monsters\wraith\fs0\a_c_ecm_wr_fs0_at-05.prs
\art\animations\characters\evil_c_monsters\wraith\fs0\a_c_ecm_wr_fs0_dff.prs
\art\animations\characters\evil_c_monsters\wraith\fs0\a_c_ecm_wr_fs0_ds.prs
\art\animations\characters\evil_c_monsters\wraith\fs0\a_c_ecm_wr_fs0_up.prs
\art\meshes\characters\evil_c_monsters\wraith\m_c_ecm_wr_pos_2.asp
\art\meshes\items\global\m_i_glb_frag-wraith-07.asp
\art\animations\characters\evil_c_monsters\wraith\fs3\a_c_ecm_wr_fs3_dfs.prs
\art\animations\characters\evil_c_monsters\wraith\fs3\a_c_ecm_wr_fs3_wl.prs
\art\animations\characters\evil_c_monsters\wraith\fs3\a_c_ecm_wr_fs3_di.prs
\art\animations\characters\evil_c_monsters\wraith\fs3\a_c_ecm_wr_fs3_at.prs
\art\animations\characters\evil_c_monsters\wraith\fs3\a_c_ecm_wr_fs3_at-02.prs
\art\animations\characters\evil_c_monsters\wraith\fs3\a_c_ecm_wr_fs3_dff.prs
\art\animations\characters\evil_c_monsters\wraith\fs3\a_c_ecm_wr_fs3_dff-02.prs
\art\animations\characters\evil_c_monsters\wraith\fs3\a_c_ecm_wr_fs3_ds.prs
\art\animations\characters\evil_c_monsters\wraith\fs3\a_c_ecm_wr_fs3_up.prs
\art\bitmaps\characters\evil_c_monsters\b_c_ecm_wr.%img%
\art\meshes\armor\helmets\m_a_hlmt_type40.asp
\art\bitmaps\characters\evil_c_monsters\b_c_ecm_wr-05.%img%
\art\meshes\items\grass\m_i_grs_grass-07.asp
\art\terrain\generic\ruins\t_xxx_ruin_block-04x04-a.sno
\art\terrain\generic\ruins\t_xxx_ruin_pillar-c.sno
\art\terrain\fury_den\t_fd01_entrance-5.sno
\art\bitmaps\terrain\fury_den_1\dir.lqd18
\art\terrain\fury_den\t_fd01_entrance-6.sno
\art\terrain\fury_den\t_fd01_entrance-4.sno
\sound\effects\s_e_call_wraith.wav
\art\terrain\fury_den\t_fd01_entrance-3.sno
\art\terrain\fury_den\t_fd01_entrance-2.sno
\art\terrain\fury_den\t_fd01_entrance-1.sno
\art\meshes\items\grass\m_i_grs_grass-08.asp
\art\bitmaps\terrain\fury_den_1\b_t_fd01_stone.%img%
\art\bitmaps\terrain\fury_den_1\b_t_fd01_thinbrick.%img%
\art\bitmaps\terrain\fury_den_1\b_t_fd01_thickbrick.%img%
\art\bitmaps\terrain\fury_den_1\b_t_fd01_pillar.%img%
\art\bitmaps\terrain\fury_den_1\b_t_fd01_stairfront.%img%
\art\bitmaps\terrain\fury_den_1\b_t_fd01_stonegrass-01.%img%
\art\bitmaps\terrain\fury_den_1\b_t_fd01_stair-01.%img%
\art\bitmaps\terrain\fury_den_1\b_t_fd01_brickgrass-01.%img%
\art\bitmaps\characters\evil_d_monsters\b_c_edm_dk-02.%img%
\sound\effects\s_e_die_wraith.wav
\art\bitmaps\gui\in_game\inventory\weapons\axe\b_gui_ig_i_w_axe_167.%img%
\art\bitmaps\armor\helmets\b_a_hlmt_040.%img%
\art\bitmaps\gui\in_game\inventory\armor\helmet\b_gui_ig_i_a_hlmt_040.%img%
\world\maps\map_world\regions\fd_r1\terrain_nodes\siege_nodes.lnc
\art\terrain\fury_den\t_fd01_entrance-9.sno
\world\maps\map_world\regions\fd_r1\terrain_nodes\dir.lqd18
\art\terrain\fury_den\t_fd01_entrance-8.sno
\art\terrain\fury_den\t_fd01_entrance-7.sno
\art\bitmaps\terrain\cave_1\dir.lqd18
\art\bitmaps\terrain\cave_1\wall\dir.lqd18
\art\bitmaps\terrain\cave_1\floor\dir.lqd18
\art\bitmaps\terrain\fury_den_1\b_t_fd01_carvewall.%img%
\art\bitmaps\terrain\fury_den_1\b_t_fd01_arch.%img%
\world\maps\map_world\regions\fd_r1\objects\dir.lqd18
\art\bitmaps\terrain\cave_1\path\dir.lqd18
\art\bitmaps\terrain\fury_den_1\b_t_fd01_entrance-floor-01.%img%
\art\bitmaps\terrain\cave_1\wall\b_t_cav01_wal_08x08-d.%img%
\art\bitmaps\terrain\cave_1\floor\b_t_cav01_flr_04x04-a.%img%
\art\bitmaps\terrain\fury_den_1\b_t_fd01_floordetail-01.%img%
\art\bitmaps\armor\gauntlets\b_a_gntl_044.%img%
\art\meshes\characters\good_a_heroes\farmboy\helmets\m_c_gah_fb_hlmt_type40.asp
\art\bitmaps\gui\in_game\inventory\armor\gauntlet\b_gui_ig_i_a_gntl_044.%img%
\art\bitmaps\terrain\grass_1\ruins\b_t_grs01_ruin_wall-02x02-detail-a.%img%
\art\bitmaps\terrain\cave_1\wall\b_t_cav01_wal_08x08-c.%img%
\art\bitmaps\terrain\cave_1\ruins\dir.lqd18
\art\meshes\items\desert\m_i_des_firepit-dragon.asp
\art\bitmaps\terrain\cave_1\path\b_t_cav01_pth_04x04-c.%img%
\art\bitmaps\terrain\cave_1\path\b_t_cav01_pth_08x04-b.%img%
\art\bitmaps\terrain\cave_1\wall\b_t_cav01_wal_08x08-b.%img%
\art\bitmaps\items\desert\b_i_des_firepit-dragon.%img%
\art\meshes\items\desert\m_i_des_pot-clay-01.asp
\art\meshes\items\global\m_i_glb_frag-pots-clay-04.asp
\art\meshes\items\global\m_i_glb_frag-pots-clay-05.asp
\art\meshes\items\desert\m_i_des_pot-clay-05.asp
\art\meshes\items\global\m_i_glb_frag-pots-clay-03.asp
\art\meshes\items\desert\m_i_des_pot-clay-02.asp
\art\meshes\items\global\m_i_glb_frag-pots-clay-02.asp
\art\meshes\items\desert\m_i_des_pot-clay-03.asp
\art\meshes\items\global\m_i_glb_frag-pots-clay-01.asp
\art\meshes\items\desert\m_i_des_pot-clay-04.asp
\art\bitmaps\terrain\cave_1\wall\b_t_cav01_wal_04x08-a.%img%
\art\bitmaps\terrain\cave_1\path\b_t_cav01_pth_04x04-b.%img%
\art\bitmaps\terrain\cave_1\wall\b_t_cav01_wal_08x04-a.%img%
\art\bitmaps\terrain\cave_1\ruins\b_t_cav01_ruin_flr-04x04-pillar-a.%img%
\art\bitmaps\terrain\cave_1\ruins\b_t_cav01_ruin_wall-04x04-a.%img%
\art\bitmaps\terrain\cave_1\ruins\b_t_cav01_ruin_wall-04x04-b.%img%
\art\bitmaps\terrain\cave_1\ruins\b_t_cav01_ruin_wall-08x04-detail-a.%img%
\art\bitmaps\terrain\cave_1\ruins\b_t_cav01_ruin_flr-04x04-a.%img%
\art\bitmaps\terrain\cave_1\ruins\b_t_cav01_ruin_flr-04x04-b.%img%
\art\bitmaps\terrain\cave_1\wall\b_t_cav01_wal_04x04-c.%img%
\art\bitmaps\items\desert\b_i_des_pot-clay-01.%img%
\art\bitmaps\items\desert\b_i_des_pot-clay-05.%img%
\art\bitmaps\items\desert\b_i_des_pot-clay-02.%img%
\art\bitmaps\items\desert\b_i_des_pot-clay-03.%img%
\art\bitmaps\items\desert\b_i_des_pot-clay-04.%img%
\art\animations\characters\evil_c_monsters\wraith\fs6\a_c_ecm_wr_fs6_dfs.prs
\art\animations\characters\evil_c_monsters\wraith\fs6\a_c_ecm_wr_fs6_wl.prs
\art\animations\characters\evil_c_monsters\wraith\fs6\a_c_ecm_wr_fs6_di.prs
\art\animations\characters\evil_c_monsters\wraith\fs6\a_c_ecm_wr_fs6_at.prs
\art\animations\characters\evil_c_monsters\wraith\fs6\a_c_ecm_wr_fs6_dff.prs
\art\bitmaps\terrain\cave_1\path\b_t_cav01_pth_08x04-h.%img%
\art\bitmaps\terrain\cave_1\path\b_t_cav01_pth_04x04-a.%img%
\sound\music\s_m_spiderdungeon_01.mp3
\art\bitmaps\terrain\cave_1\wall\b_t_cav01_wal_08x08-f.%img%
\sound\effects\s_e_env_fury_teeth_chatter.wav
\art\terrain\generic\path\t_xxx_pth_08x08-e.sno
\art\bitmaps\terrain\cave_1\path\b_t_cav01_pth_08x08-e.%img%
\art\bitmaps\terrain\cave_1\path\b_t_cav01_pth_08x08-b.%img%
\art\meshes\characters\evil_d_monsters\googore_grub\m_c_edm_gb_pos_1.asp
\art\meshes\items\global\m_i_glb_frag-googore-grub-01.asp
\art\meshes\items\global\m_i_glb_frag-googore-grub-02.asp
\art\meshes\items\global\m_i_glb_frag-googore-grub-03.asp
\art\meshes\items\global\m_i_glb_frag-googore-grub-04.asp
\art\meshes\items\global\m_i_glb_frag-googore-grub-05.asp
\art\animations\characters\evil_d_monsters\googore_grub\fs0\a_c_edm_gb_fs0_dfs.prs
\art\animations\characters\evil_d_monsters\googore_grub\fs0\a_c_edm_gb_fs0_wl.prs
\art\animations\characters\evil_d_monsters\googore_grub\fs0\a_c_edm_gb_fs0_wl-02.prs
\art\animations\characters\evil_d_monsters\googore_grub\fs0\a_c_edm_gb_fs0_di.prs
\art\animations\characters\evil_d_monsters\googore_grub\fs0\a_c_edm_gb_fs0_at.prs
\art\animations\characters\evil_d_monsters\googore_grub\fs0\a_c_edm_gb_fs0_at-02.prs
\art\animations\characters\evil_d_monsters\googore_grub\fs0\a_c_edm_gb_fs0_dff.prs
\art\animations\characters\evil_d_monsters\googore_grub\fs0\a_c_edm_gb_fs0_dff-02.prs
\art\bitmaps\characters\evil_d_monsters\b_c_edm_gb.%img%
\art\meshes\items\caves\m_i_cav_pot-02.asp
\art\bitmaps\items\caves\b_i_cav_pot-02.%img%
\art\terrain\fury_den\t_fd01_flr-hole-01-a.sno
\art\bitmaps\terrain\desert_canyon_1\dir.lqd18
\art\meshes\characters\evil_b_bosses\fury\m_c_ebb_fy_pos_1.asp
\art\meshes\items\global\m_i_glb_frag-fury-01.asp
\art\meshes\items\global\m_i_glb_frag-fury-02.asp
\art\meshes\items\global\m_i_glb_frag-fury-03.asp
\art\meshes\items\global\m_i_glb_frag-fury-04.asp
\art\meshes\items\global\m_i_glb_frag-fury-05.asp
\art\meshes\items\global\m_i_glb_frag-fury-06.asp
\art\meshes\items\global\m_i_glb_frag-fury-07.asp
\art\meshes\items\global\m_i_glb_frag-fury-08.asp
\art\animations\characters\evil_b_bosses\fury\fs0\a_c_ebb_fy_fs0_fl-02.prs
\art\animations\characters\evil_b_bosses\fury\fs0\a_c_ebb_fy_fs0_fl.prs
\art\animations\characters\evil_b_bosses\fury\fs0\a_c_ebb_fy_fs0_di.prs
\art\animations\characters\evil_b_bosses\fury\fs0\a_c_ebb_fy_fs0_at.prs
\art\animations\characters\evil_b_bosses\fury\fs0\a_c_ebb_fy_fs0_dff.prs
\art\animations\characters\evil_b_bosses\fury\fs0\a_c_ebb_fy_fs0_at-02.prs
\art\animations\characters\evil_b_bosses\fury\fs0\a_c_ebb_fy_fs0_at-03.prs
\art\animations\characters\evil_b_bosses\fury\fs0\a_c_ebb_fy_fs0_at-04.prs
\art\animations\characters\evil_b_bosses\fury\fs0\a_c_ebb_fy_fs0_at-05.prs
\art\animations\characters\evil_b_bosses\fury\fs0\a_c_ebb_fy_fs0_at-06.prs
\art\animations\characters\evil_b_bosses\fury\fs0\a_c_ebb_fy_fs0_at-07.prs
\art\animations\characters\evil_b_bosses\fury\fs0\a_c_ebb_fy_fs0_dsf.prs
\art\animations\characters\evil_b_bosses\fury\fs0\a_c_ebb_fy_fs0_rv.prs
\art\bitmaps\terrain\cave_1\path\b_t_cav01_pth_04x04-e.%img%
\art\bitmaps\characters\evil_b_bosses\b_c_ebb_fy.%img%
\art\bitmaps\terrain\desert_canyon_1\b_t_dc01_drglair-flr-8x8-a.%img%
\art\bitmaps\terrain\cave_1\floor\b_t_cav01_flr_dtl-08x08-b.%img%
\art\terrain\generic\ruins\t_xxx_ruin_wall-08x04-b.sno
\art\terrain\generic\ruins\t_xxx_ruin_arch-a.sno
\art\animations\characters\evil_c_monsters\wraith\fs0\a_c_ecm_wr_fs0_mg.prs
\art\animations\characters\evil_c_monsters\wraith\fs0\a_c_ecm_wr_fs0_mg-02.prs
\art\bitmaps\terrain\cave_1\path\b_t_cav01_pth_08x04-g.%img%
\art\bitmaps\terrain\cave_1\path\b_t_cav01_pth_08x04-c.%img%
\art\terrain\generic\ruins\t_xxx_ruin_sunken-pit-08x08-a.sno
\art\meshes\weapons\sword\m_w_swd_048.asp
\art\meshes\characters\evil_d_monsters\googore\m_c_edm_gg_pos_1.asp
\art\animations\characters\evil_d_monsters\googore\fs0\a_c_edm_gg_fs0_dfs.prs
\art\animations\characters\evil_d_monsters\googore\fs0\a_c_edm_gg_fs0_rv.prs
\art\animations\characters\evil_d_monsters\googore\fs0\a_c_edm_gg_fs0_di.prs
\art\animations\characters\evil_d_monsters\googore\fs0\a_c_edm_gg_fs0_at.prs
\art\animations\characters\evil_d_monsters\googore\fs0\a_c_edm_gg_fs0_dff.prs
\art\animations\characters\evil_d_monsters\googore\fs0\a_c_edm_gg_fs0_at-02.prs
\art\animations\characters\evil_d_monsters\googore\fs0\a_c_edm_gg_fs0_ds.prs
\art\meshes\items\caves\m_i_cav_fury-bone-arm-03.asp
\art\bitmaps\terrain\cave_1\ruins\b_t_cav01_ruin_wall-04x04-c.%img%
\art\bitmaps\terrain\cave_1\ruins\b_t_cav01_ruin_arch-04x04-a.%img%
\art\bitmaps\items\caves\b_i_cav_fury-bone.%img%
\art\bitmaps\terrain\cave_1\path\b_t_cav01_pth_04x04-d.%img%
\sound\effects\s_e_die_googore_grub.wav
\art\meshes\items\caves\m_i_cav_fury-bone-jaw.asp
\art\bitmaps\characters\evil_d_monsters\b_c_edm_gg.%img%
\art\bitmaps\terrain\cave_1\floor\b_t_cav01_flr_dtl-08x08-a.%img%
\art\bitmaps\terrain\cave_1\wall\b_t_cav01_wal_04x08-b.%img%
\art\bitmaps\terrain\cave_1\path\b_t_cav01_pth_08x08-c.%img%
\art\bitmaps\terrain\cave_1\path\b_t_cav01_pth_08x04-f.%img%
\sound\effects\s_e_call_fury.wav
\art\bitmaps\terrain\cave_1\wall\b_t_cav01_wal_08x08-e.%img%
\art\meshes\items\caves\m_i_cav_pot-01.asp
\art\meshes\weapons\mace\m_w_mce_057.asp
\art\bitmaps\items\caves\b_i_cav_pot-01.%img%
\art\bitmaps\sfx\b_sfx_blood_004.%img%
\art\bitmaps\sfx\b_sfx_blood_006.%img%
\art\bitmaps\terrain\cave_1\wall\b_t_cav01_wal_08x08-h.%img%
\art\bitmaps\terrain\cave_1\path\b_t_cav01_pth_08x08-a.%img%
\art\bitmaps\terrain\cave_1\ruins\b_t_cav01_ruin_wall-02x02-detail-a.%img%
\art\bitmaps\terrain\cave_1\path\b_t_cav01_pth_08x08-d.%img%
\art\meshes\items\caves\m_i_cav_fury-bone-arm-01.asp
\art\meshes\weapons\staff\m_w_stf_044.asp
\sound\music\s_m_furyden_02.mp3
\art\bitmaps\characters\evil_c_monsters\b_c_ecm_wr-06.%img%
\sound\effects\s_e_spell_fury_zap_01_cast.wav
\sound\effects\s_e_env_shrine_health.wav
\sound\effects\s_e_hit_fury.wav
\art\bitmaps\characters\body_armor\type7\b_c_pos_a7_038.%img%
\art\bitmaps\characters\body_armor\type7\b_c_pos_a7_044.%img%
\art\terrain\fury_den\t_fd01_bwall-01-a.sno
\art\terrain\fury_den\t_fd01_bfloor-01-a.sno
\art\terrain\fury_den\t_fd01_brdg-01-a.sno
\art\terrain\fury_den\t_fd01_dfloor-01-b.sno
\art\bitmaps\terrain\desert_canyon_1\b_t_dc01_drglair-wal-8x8-a.%img%
\art\terrain\fury_den\t_fd01_dfloor-01-a.sno
\art\terrain\fury_den\t_fd01_bwall-01-b.sno
\art\terrain\fury_den\t_fd01_brdg-01-b.sno
\art\terrain\fury_den\t_fd01_den-01.sno
\art\meshes\items\caves\m_i_cav_body-stone-06.asp
\art\bitmaps\items\caves\b_i_cav_body-stone-06.%img%
\art\terrain\fury_den\t_fd01_bfloor-02-a.sno
\art\terrain\fury_den\t_fd01_brdg-02-b.sno
\art\meshes\armor\shields\m_a_shd_12.asp
\art\meshes\items\caves\m_i_cav_body-stone-08.asp
\art\bitmaps\items\caves\b_i_cav_body-stone-08.%img%
\art\terrain\fury_den\t_fd01_bwall-02-b.sno
\art\terrain\fury_den\t_fd01_bwall-02-a.sno
\art\terrain\fury_den\t_fd01_brdg-02-a.sno
\sound\effects\s_e_spell_fury_spin.wav
\sound\effects\s_e_spell_fury_spit_cast.wav
\art\bitmaps\sfx\b_sfx_033.%img%
\sound\effects\s_e_spell_fury_gas_cast.wav
\sound\effects\s_e_spell_fury_slam_hit.wav
\art\bitmaps\armor\shields\b_a_shd_051.%img%
\art\bitmaps\characters\body_armor\type7\b_c_pos_a7_022.%img%
\art\bitmaps\armor\boots\b_a_boot_053.%img%
\art\bitmaps\gui\in_game\inventory\armor\boot\b_gui_ig_i_a_boot_083.%img%
\art\bitmaps\gui\in_game\inventory\armor\shield\b_gui_ig_i_a_shd_051.%img%
\art\terrain\fury_den\t_fd01_exit-back-base.sno
\art\bitmaps\terrain\cave_1\wall\b_t_cav01_wal_08x08-a.%img%
\world\maps\map_world\regions\cf_r1\terrain_nodes\siege_nodes.lnc
\art\terrain\fury_den\t_fd01_exit-back-side.sno
\world\maps\map_world\regions\cf_r1\terrain_nodes\dir.lqd18
\art\terrain\fury_den\t_fd01_exit-back-top.sno
\art\bitmaps\terrain\fury_den_1\b_t_fd01_exitcave-sidewall-trans.%img%
\art\terrain\fury_den\t_fd01_exit-front-base.sno
\art\bitmaps\terrain\grass_2\dir.lqd18
\art\bitmaps\terrain\grass_2\wall\dir.lqd18
\art\bitmaps\terrain\fury_den_1\b_t_fd01_exitcave-tunnel-trans.%img%
\world\maps\map_world\regions\cf_r1\objects\dir.lqd18
\art\bitmaps\terrain\grass_2\path\dir.lqd18
\art\bitmaps\terrain\grass_2\floor\dir.lqd18
\art\terrain\fury_den\t_fd01_exit-front-side.sno
\art\terrain\fury_den\t_fd01_exit-front-top.sno
\art\bitmaps\terrain\grass_2\wall\b_t_grs02_wal_08x08-c.%img%
\art\bitmaps\terrain\grass_2\wall\b_t_grs02_wal_08x08-d.%img%
\art\bitmaps\terrain\fury_den_1\b_t_fd01_exitcave-ext-floor.%img%
\art\bitmaps\terrain\grass_2\wall\b_t_grs02_wal_08x08-a.%img%
\art\bitmaps\terrain\grass_2\floor\b_t_grs02_flr_04x04-a.%img%
\art\bitmaps\terrain\grass_2\path\b_t_grs02_pth_04x04-c.%img%
\art\bitmaps\terrain\grass_2\floor\b_t_grs02_flr_dtl-08x08-a.%img%
\art\bitmaps\terrain\grass_2\wall\b_t_grs02_wal_08x08-b.%img%
\art\bitmaps\terrain\grass_2\floor\b_t_grs02_flr_brdr-strght-04x04-a.%img%
\art\meshes\items\desert\m_i_des_bush-05.asp
\art\bitmaps\terrain\grass_2\path\b_t_grs02_pth_08x04-f.%img%
\art\bitmaps\terrain\grass_2\floor\b_t_grs02_flr_brdr-strght-08x04-a.%img%
\art\bitmaps\terrain\grass_2\path\b_t_grs02_pth_08x04-c.%img%
\art\bitmaps\terrain\grass_2\floor\b_t_grs02_flr_brdr-cnr-04x04-a.%img%
\art\bitmaps\items\desert\b_i_des_bush-05.%img%
\art\bitmaps\terrain\grass_2\path\b_t_grs02_pth_04x04-b.%img%
\world\ai\jobs\actors\good\job_talk_boryev.skrit
\art\bitmaps\terrain\grass_2\wall\b_t_grs02_wal_08x04-a.%img%
\art\bitmaps\terrain\grass_2\wall\b_t_grs02_wal_04x08-a.%img%
\art\bitmaps\terrain\grass_2\wall\b_t_grs02_wal_04x04-c.%img%
\art\bitmaps\terrain\grass_2\wall\b_t_grs02_wal_04x04-b.%img%
\art\bitmaps\characters\good_a_heroes\farmboy\b_c_gah_fb_skin_29.%img%
\art\bitmaps\characters\body_armor\type3\b_c_pos_a3_025.%img%
\art\meshes\items\desert\m_i_des_tree-pine-01.asp
\art\meshes\items\desert\m_i_des_tree-pine-02.asp
\art\bitmaps\items\desert\b_i_des_tree-pine.%img%
\art\bitmaps\armor\boots\b_a_boot_029.%img%
\art\bitmaps\characters\body_armor\type7\b_c_pos_a7_042.%img%
\art\meshes\characters\evil_d_monsters\krugdog\m_c_edm_kd_pos_sk.asp
\art\bitmaps\characters\evil_d_monsters\b_c_edm_kd-sk.%img%
\sound\music\s_m_fortkroth_01.mp3
\art\bitmaps\terrain\grass_2\wall\b_t_grs02_wal_04x08-e.%img%
\art\meshes\characters\evil_c_monsters\skeleton\m_c_ecm_sk_pos_a3.asp
\art\meshes\characters\evil_c_monsters\skeleton\m_c_ecm_sk_pos_a5.asp
\art\bitmaps\terrain\grass_2\path\b_t_grs02_pth_08x04-b.%img%
\art\bitmaps\characters\body_armor\type5\b_c_pos_a5_001.%img%
\art\bitmaps\armor\shields\b_a_shd_109.%img%
\world\maps\map_world\regions\cf_r1\conversations\dir.lqd18
\sound\voices\s_v_cf_boryev1.mp3
\sound\voices\s_v_cf_boryev4.mp3
\art\meshes\characters\evil_c_monsters\skeleton\m_c_ecm_sk_pos_a4.asp
\art\bitmaps\characters\body_armor\type4\b_c_pos_a4_010.%img%
\art\bitmaps\characters\body_armor\type5\b_c_pos_a5_019.%img%
\art\bitmaps\characters\body_armor\type4\b_c_pos_a4_004.%img%
\art\bitmaps\terrain\grass_2\path\b_t_grs02_pth_04x04-a.%img%
\art\meshes\armor\suits\m_a_suit_a6.asp
\art\bitmaps\characters\body_armor\type6\dir.lqd18
\art\bitmaps\terrain\grass_2\path\b_t_grs02_pth_08x04-e.%img%
\art\bitmaps\characters\body_armor\type5\b_c_pos_a5_026.%img%
\art\bitmaps\characters\body_armor\type5\b_c_pos_a5_021.%img%
\art\bitmaps\characters\body_armor\type5\b_c_pos_a5_004.%img%
\art\bitmaps\characters\body_armor\type3\b_c_pos_a3_026.%img%
\art\meshes\items\global\m_i_glb_sign-fortress-kroth.asp
\art\bitmaps\terrain\grass_2\path\b_t_grs02_pth_08x08-b.%img%
\art\bitmaps\items\global\b_i_glb_sign-fortress-kroth.%img%
\art\meshes\characters\evil_c_monsters\skeleton\m_c_ecm_sk_pos_a2.asp
\art\bitmaps\characters\body_armor\type2\b_c_pos_a2_017.%img%
\art\bitmaps\characters\body_armor\type5\b_c_pos_a5_020.%img%
\art\bitmaps\terrain\grass_2\wall\b_t_grs02_wal_08x08-f.%img%
\art\bitmaps\terrain\grass_2\path\b_t_grs02_pth_04x04-e.%img%
\art\bitmaps\terrain\grass_2\path\b_t_grs02_pth_04x04-d.%img%
\art\meshes\items\global\m_i_glb_gresh-pathspike.asp
\art\meshes\items\global\m_i_glb_frag-gresh-pathspike-01.asp
\art\meshes\items\global\m_i_glb_frag-gresh-pathspike-02.asp
\art\meshes\items\global\m_i_glb_frag-gresh-pathspike-03.asp
\art\meshes\items\global\m_i_glb_frag-gresh-pathspike-04.asp
\art\meshes\items\global\m_i_glb_frag-gresh-pathspike-05.asp
\art\animations\items\global\a_i_glb_gresh-pathspike-up.prs
\art\meshes\items\global\m_i_glb_dead_droog-01.asp
\art\bitmaps\characters\evil_a_monsters\b_c_eam_dga.%img%
\art\terrain\generic\wall\t_xxx_wal_cave-tx-abc-base-front-a.sno
\art\bitmaps\terrain\grass_2\floor\b_t_grs02_flr_dtl-08x08-b.%img%
\world\maps\map_world\regions\cf_r1a\terrain_nodes\siege_nodes.lnc
\world\maps\map_world\regions\cf_r1a\terrain_nodes\dir.lqd18
\art\terrain\generic\wall\t_xxx_wal_cave-tx-abc-sides-front-a.sno
\art\terrain\generic\wall\t_xxx_wal_cave-tx-abc-top-front-a.sno
\art\terrain\generic\wall\t_xxx_wal_cave-tx-abc-base-back-a.sno
\art\bitmaps\terrain\grass_2\b_t_grs02_abc-portal-flr-a.%img%
\art\bitmaps\terrain\grass_2\b_t_grs02_abc-portal-tx-wall-04x04-a.%img%
\sound\effects\s_e_hit_skeleton.wav
\art\bitmaps\characters\body_armor\type6\b_c_pos_a6_005.%img%
\art\bitmaps\gui\in_game\inventory\armor\body_armor\b_gui_ig_i_a_pos_a6_005.%img%
\art\bitmaps\terrain\grass_2\b_t_grs02_abc-portal-tx-wall-04x04-b.%img%
\art\meshes\characters\good_a_heroes\farmboy\m_c_gah_fb_pos_a6.asp
\world\maps\map_world\regions\cf_r1a\objects\dir.lqd18
\art\terrain\generic\wall\t_xxx_wal_cave-tx-abc-sides-back-a.sno
\art\terrain\generic\wall\t_xxx_wal_cave-tx-abc-top-back-a.sno
\art\meshes\weapons\axe\m_w_axe_091.asp
\art\terrain\grass_2\t_grs02_bonepile-a.sno
\art\meshes\items\desert\m_i_des_bones-femur.asp
\art\meshes\characters\evil_a_monsters\seck_commander\m_c_eam_sc_pos_1.asp
\world\ai\jobs\actors\evil\job_talk_gresh.skrit
\art\animations\characters\evil_a_monsters\seck\fs0\a_c_eam_sk_fs0_dfs.prs
\art\animations\characters\evil_a_monsters\seck\fs1\a_c_eam_sk_fs1_dfs.prs
\art\animations\characters\evil_a_monsters\seck\fs2\a_c_eam_sk_fs2_dfs.prs
\art\animations\characters\evil_a_monsters\seck\fs6\a_c_eam_sk_fs6_dfs.prs
\art\animations\characters\evil_a_monsters\seck\fs0\a_c_eam_sk_fs0_rl.prs
\art\animations\characters\evil_a_monsters\seck\fs1\a_c_eam_sk_fs1_rl.prs
\art\animations\characters\evil_a_monsters\seck\fs2\a_c_eam_sk_fs2_rl.prs
\art\animations\characters\evil_a_monsters\seck\fs6\a_c_eam_sk_fs6_rl.prs
\art\animations\characters\evil_a_monsters\seck\fs0\a_c_eam_sk_fs0_di.prs
\art\animations\characters\evil_a_monsters\seck\fs1\a_c_eam_sk_fs1_di.prs
\art\animations\characters\evil_a_monsters\seck\fs2\a_c_eam_sk_fs2_di.prs
\art\animations\characters\evil_a_monsters\seck\fs6\a_c_eam_sk_fs6_di.prs
\art\animations\characters\evil_a_monsters\seck\fs0\a_c_eam_sk_fs0_at.prs
\art\animations\characters\evil_a_monsters\seck\fs0\a_c_eam_sk_fs0_at-02.prs
\art\animations\characters\evil_a_monsters\seck\fs0\a_c_eam_sk_fs0_dff.prs
\art\animations\characters\evil_a_monsters\seck\fs1\a_c_eam_sk_fs1_at.prs
\art\animations\characters\evil_a_monsters\seck\fs1\a_c_eam_sk_fs1_at-02.prs
\art\animations\characters\evil_a_monsters\seck\fs1\a_c_eam_sk_fs1_dff.prs
\art\animations\characters\evil_a_monsters\seck\fs2\a_c_eam_sk_fs2_at.prs
\art\animations\characters\evil_a_monsters\seck\fs2\a_c_eam_sk_fs2_at-02.prs
\art\animations\characters\evil_a_monsters\seck\fs2\a_c_eam_sk_fs2_dff.prs
\art\animations\characters\evil_a_monsters\seck\fs6\a_c_eam_sk_fs6_at.prs
\art\animations\characters\evil_a_monsters\seck\fs6\a_c_eam_sk_fs6_at-02.prs
\art\animations\characters\evil_a_monsters\seck\fs6\a_c_eam_sk_fs6_dff.prs
\art\animations\characters\evil_a_monsters\seck\fs0\a_c_eam_sk_fs0_mg.prs
\art\animations\characters\evil_a_monsters\seck\fs0\a_c_eam_sk_fs0_mg-02.prs
\art\animations\characters\evil_a_monsters\seck\fs0\a_c_eam_sk_fs0_dsf-03.prs
\art\animations\characters\evil_a_monsters\seck\fs0\a_c_eam_sk_fs0_dsf-02.prs
\art\animations\characters\evil_a_monsters\seck\fs0\a_c_eam_sk_fs0_ds.prs
\art\meshes\items\castle\m_i_csl_skulls-04.asp
\art\bitmaps\items\desert\b_i_des_bones.%img%
\art\bitmaps\terrain\grass_2\b_t_grs02_bonepile-a.%img%
\art\bitmaps\characters\evil_a_monsters\b_c_eam_sc.%img%
\art\bitmaps\terrain\grass_2\wall\b_t_grs02_wal_04x08-b.%img%
\art\meshes\items\desert\m_i_des_rock-07.asp
\art\meshes\items\global\m_i_glb_dead_droog-02.asp
\art\bitmaps\terrain\grass_2\path\b_t_grs02_pth_08x04-d.%img%
\art\bitmaps\items\desert\b_i_des_rock.%img%
\art\bitmaps\characters\evil_a_monsters\b_c_eam_dgg.%img%
\sound\effects\s_e_hit_krug_dog.wav
\art\meshes\items\global\m_i_glb_barrier-03.asp
\art\bitmaps\terrain\grass_2\path\b_t_grs02_pth_08x04-a.%img%
\art\bitmaps\terrain\grass_2\river\dir.lqd18
\sound\music\s_m_fortkroth_03.mp3
\art\terrain\captured_fort\t_cf_fort-d3.sno
\art\bitmaps\terrain\captured_fort\dir.lqd18
\art\meshes\items\desert\m_i_des_reed-02.asp
\art\meshes\items\global\m_i_glb_body-burned-02.asp
\art\bitmaps\terrain\grass_2\river\b_t_grs02_rvr_water-2a-1.%img%
\art\bitmaps\terrain\grass_2\river\b_t_grs02_rvr_water-2a-2.%img%
\art\bitmaps\terrain\grass_2\river\b_t_grs02_rvr_water-2a-3.%img%
\art\bitmaps\terrain\grass_2\river\b_t_grs02_rvr_water-2a-4.%img%
\art\bitmaps\terrain\grass_2\path\b_t_grs02_pth_08x04-h.%img%
\art\bitmaps\items\global\b_i_glb_body-burned-01.%img%
\art\meshes\items\desert\m_i_des_reed-01.asp
\sound\voices\s_v_cf_gresh2.mp3
\art\bitmaps\items\global\b_i_glb_gresh-pathspike.%img%
\sound\effects\s_e_call_seck.wav
\sound\effects\s_e_spell_fireball_cast.wav
\sound\effects\s_e_spell_fireball_hit.wav
\sound\effects\s_e_spell_gresh_animate.wav
\art\terrain\captured_fort\t_cf_fort-c3.sno
\art\terrain\captured_fort\t_cf_fort-d4.sno
\art\terrain\captured_fort\t_cf_fort-d2.sno
\art\meshes\characters\good_a_npc\dwarf\m_c_gan_df_pos_a3.asp
\art\meshes\characters\good_a_npc\dwarf\boots\m_c_gan_df_boot_type1_a.asp
\art\meshes\characters\good_a_npc\dwarf\gauntlets\m_c_gan_df_gntl_type1_a.asp
\art\meshes\characters\good_a_npc\dwarf\helmets\m_c_gan_df_hlmt_type20.asp
\art\meshes\items\global\m_i_glb_barrier-02.asp
\art\meshes\items\desert\m_i_des_reed-03.asp
\art\bitmaps\terrain\captured_fort\b_t_cf_logwall.%img%
\art\bitmaps\terrain\captured_fort\b_t_cf_logplain.%img%
\art\bitmaps\terrain\captured_fort\b_t_cf_logend.%img%
\art\bitmaps\terrain\captured_fort\b_t_cf_floorboards.%img%
\art\bitmaps\terrain\captured_fort\b_t_cf_logbark.%img%
\art\bitmaps\terrain\captured_fort\b_t_cf_boulderwall.%img%
\art\bitmaps\terrain\captured_fort\b_t_cf_skull.%img%
\art\bitmaps\terrain\captured_fort\b_t_cf_rockbottom.%img%
\art\bitmaps\terrain\captured_fort\b_t_cf_dirtgrass-03.%img%
\sound\effects\s_e_hit_seck.wav
\sound\effects\s_e_die_seck.wav
\art\bitmaps\characters\body_armor\type5\b_c_pos_a5_013.%img%
\art\terrain\captured_fort\t_cf_fort-c2.sno
\art\terrain\captured_fort\t_cf_fort-d1.sno
\art\terrain\captured_fort\t_cf_fort-c4.sno
\art\terrain\captured_fort\t_cf_fort-d5.sno
\art\terrain\captured_fort\t_cf_fort-tower.sno
\art\bitmaps\terrain\captured_fort\b_t_cf_thatch.%img%
\art\bitmaps\terrain\grass_2\b_t_grs02_floor-burnt-04x04-a.%img%
\art\bitmaps\terrain\grass_2\b_t_grs02_floor-burnt-grass-04x04-b.%img%
\art\bitmaps\terrain\grass_2\b_t_grs02_floor-burnt-grass-04x04-c.%img%
\art\bitmaps\terrain\captured_fort\b_t_cf_logwall-burnt.%img%
\art\bitmaps\terrain\grass_2\b_t_grs02_floor-burnt-grass-04x04-a.%img%
\art\bitmaps\gui\in_game\inventory\armor\body_armor\b_gui_ig_i_a_pos_a5_013.%img%
\art\bitmaps\gui\in_game\inventory\weapons\sword\b_gui_ig_i_w_swd_042.%img%
\art\terrain\captured_fort\t_cf_fort-c5.sno
\art\terrain\captured_fort\t_cf_fort-c1.sno
\art\bitmaps\terrain\grass_2\b_t_grs02_wal-08x04-burnt-a.%img%
\art\bitmaps\terrain\captured_fort\b_t_cf_ladder.%img%
\art\terrain\captured_fort\t_cf_fort-b1.sno
\art\terrain\captured_fort\t_cf_fort-b2.sno
\art\terrain\captured_fort\t_cf_fort-b3.sno
\art\terrain\captured_fort\t_cf_fort-b4.sno
\art\terrain\captured_fort\t_cf_fort-c4-roof.sno
\art\terrain\captured_fort\t_cf_fort-b5.sno
\world\ai\jobs\actors\good\job_talk_tarish.skrit
\art\meshes\characters\good_a_heroes\farmboy\helmets\m_c_gah_fb_hlmt_head-03.asp
\world\ai\jobs\actors\good\job_talk_magus.skrit
\art\meshes\items\global\m_i_glb_table-stump.asp
\art\meshes\items\desert\m_i_des_bush-02.asp
\art\meshes\items\castle\m_i_csl_cage-02.asp
\art\meshes\items\desert\m_i_des_bush-01.asp
\art\meshes\items\desert\m_i_des_bush-03.asp
\art\bitmaps\terrain\captured_fort\b_t_cf_rockbottom-burnt.%img%
\art\bitmaps\terrain\grass_2\b_t_grs02_floor-burnt-dirt-04x04-a.%img%
\art\bitmaps\terrain\captured_fort\b_t_cf_dirtgrass-01.%img%
\art\bitmaps\terrain\captured_fort\b_t_cf_thatch-burnt.%img%
\art\bitmaps\terrain\grass_2\b_t_grs02_floor-burnt-dirt-04x04-c.%img%
\art\bitmaps\terrain\grass_2\b_t_grs02_floor-burnt-dirt-04x04-d.%img%
\art\bitmaps\decals\b_d_drygrass-a.%img%
\art\bitmaps\terrain\captured_fort\b_t_cf_dirtgrass-02.%img%
\art\bitmaps\characters\body_armor\type1\b_c_pos_a1_036.%img%
\art\bitmaps\characters\good_a_heroes\farmboy\b_c_gah_fb_skin_38.%img%
\art\bitmaps\characters\good_a_heroes\farmboy\b_c_gah_fb_skin_39.%img%
\art\bitmaps\characters\body_armor\type1\b_c_pos_a1_074.%img%
\art\bitmaps\characters\good_a_heroes\farmboy\b_c_gah_fb_skin_40.%img%
\art\bitmaps\characters\body_armor\type1\b_c_pos_a1_075.%img%
\art\bitmaps\items\global\b_i_glb_table-stump.%img%
\art\bitmaps\items\desert\b_i_des_bush.%img%
\art\bitmaps\items\castle\b_i_csl_cage-02.%img%
\art\terrain\captured_fort\t_cf_fort-a1.sno
\art\terrain\captured_fort\t_cf_fort-tower-plug.sno
\art\terrain\captured_fort\t_cf_fort-a2.sno
\art\terrain\captured_fort\t_cf_fort-b2-roof.sno
\art\terrain\captured_fort\t_cf_fort-a3.sno
\art\terrain\captured_fort\t_cf_fort-a5.sno
\art\terrain\captured_fort\t_cf_fort-a4.sno
\art\terrain\captured_fort\t_cf_fort-b4-roof.sno
\art\meshes\armor\helmets\m_a_hlmt_type25.asp
\art\meshes\armor\helmets\m_a_hlmt_type24.asp
\art\meshes\armor\helmets\m_a_hlmt_type3.asp
\art\meshes\weapons\axe\m_w_axe_058.asp
\art\meshes\weapons\staff\m_w_stf_072.asp
\world\ai\jobs\actors\good\job_talk_rhut.skrit
\sound\voices\s_v_chapter_5.mp3
\art\meshes\characters\good_a_npc\dwarf\m_c_gan_df_pos_a5.asp
\art\meshes\weapons\axe\m_w_axe_057.asp
\world\ai\jobs\actors\good\job_talk_dhoge.skrit
\art\meshes\items\global\m_i_glb_barrel-open.asp
\art\meshes\items\global\m_i_glb_barrel-lid.asp
\art\bitmaps\characters\good_a_heroes\farmboy\b_c_gah_fb_skin_20.%img%
\art\bitmaps\characters\body_armor\type2\b_c_pos_a2_052.%img%
\art\bitmaps\characters\good_a_npc\dwarf\b_c_gan_df_skin_10.%img%
\art\bitmaps\characters\body_armor\type5\b_c_pos_a5_002.%img%
\art\bitmaps\armor\boots\b_a_boot_008.%img%
\art\bitmaps\characters\good_b_npc\b_c_gbn_bk-02.%img%
\sound\music\s_m_fortkroth_02.mp3
\art\terrain\captured_fort\t_cf_fort-a3-stair1.sno
\art\terrain\captured_fort\t_cf_fort-a3-roof.sno
\art\meshes\items\global\m_i_glb_door-fort-01.asp
\art\animations\items\global\a_i_glb_door-fort-01-open.prs
\art\animations\items\global\a_i_glb_door-fort-01-close.prs
\art\meshes\items\global\m_i_glb_door-fort-01-r.asp
\art\animations\items\global\a_i_glb_door-fort-01-r-open.prs
\art\animations\items\global\a_i_glb_door-fort-01-r-close.prs
\art\bitmaps\terrain\captured_fort\b_t_cf_stairwall.%img%
\art\bitmaps\terrain\captured_fort\b_t_cf_stair-entrance.%img%
\art\bitmaps\items\global\b_i_glb_door-fort-01.%img%
\world\maps\map_world\regions\path2dc\terrain_nodes\siege_nodes.lnc
\world\maps\map_world\regions\path2dc\terrain_nodes\dir.lqd18
\art\terrain\captured_fort\t_cf_fort-a3-stair2.sno
\art\bitmaps\terrain\desert_canyon_1\floor\dir.lqd18
\art\bitmaps\terrain\desert_canyon_1\wall\dir.lqd18
\art\terrain\generic\corner\h2o\t_xxx_cnr_h2o_tee-hal-hal-08-r.sno
\world\maps\map_world\regions\path2dc\objects\dir.lqd18
\art\bitmaps\terrain\desert_canyon_1\path\dir.lqd18
\art\meshes\items\desert\m_i_des_rock-01.asp
\art\bitmaps\terrain\captured_fort\b_t_cf_landingwall.%img%
\art\bitmaps\terrain\desert_canyon_1\floor\b_t_dc01_flr_04x04-a.%img%
\art\bitmaps\terrain\desert_canyon_1\wall\b_t_dc01_wal_08x04-a.%img%
\art\bitmaps\terrain\captured_fort\b_t_cf_stair-exit.%img%
\art\bitmaps\terrain\desert_canyon_1\path\b_t_dc01_pth_04x04-b.%img%
\sound\voices\s_v_cf_dhoge1.mp3
\sound\voices\s_v_cf_dhoge2.mp3
\sound\voices\s_v_cf_jardaranz1.mp3
\art\bitmaps\gui\in_game\inventory\icons\b_gui_ig_i_ic_c_magus.%img%
\art\bitmaps\gui\in_game\inventory\icons\b_gui_ig_i_ic_sp_117_inv.%img%
\art\bitmaps\gui\in_game\inventory\icons\b_gui_ig_i_ic_sp_051_inv.%img%
\art\bitmaps\gui\in_game\inventory\icons\b_gui_ig_i_ic_sp_050_inv.%img%
\art\bitmaps\gui\in_game\inventory\icons\b_gui_ig_i_ic_sp_049_inv.%img%
\art\bitmaps\gui\in_game\inventory\icons\b_gui_ig_i_ic_sp_133_inv.%img%
\art\bitmaps\gui\in_game\inventory\icons\b_gui_ig_i_ic_sp_047_inv.%img%
\art\bitmaps\gui\in_game\inventory\icons\b_gui_ig_i_ic_sp_115_inv.%img%
\art\bitmaps\gui\in_game\inventory\icons\b_gui_ig_i_ic_sp_113_inv.%img%
\art\bitmaps\gui\in_game\inventory\icons\b_gui_ig_i_ic_sp_130_inv.%img%
\art\bitmaps\gui\in_game\inventory\icons\b_gui_ig_i_ic_sp_048_inv.%img%
\art\bitmaps\gui\in_game\inventory\icons\b_gui_ig_i_ic_sp_162_inv.%img%
\art\bitmaps\gui\in_game\inventory\icons\b_gui_ig_i_ic_sp_161_inv.%img%
\art\bitmaps\gui\in_game\inventory\icons\b_gui_ig_i_ic_sp_046_inv.%img%
\art\bitmaps\gui\in_game\inventory\icons\b_gui_ig_i_ic_sp_111_inv.%img%
\art\bitmaps\gui\in_game\inventory\icons\b_gui_ig_i_ic_sp_042_inv.%img%
\art\bitmaps\gui\in_game\inventory\icons\b_gui_ig_i_ic_sp_127_inv.%img%
\art\bitmaps\gui\in_game\inventory\icons\b_gui_ig_i_ic_sp_040_inv.%img%
\art\bitmaps\gui\in_game\inventory\icons\b_gui_ig_i_ic_sp_036_inv.%img%
\art\bitmaps\gui\in_game\inventory\icons\b_gui_ig_i_ic_sp_031_inv.%img%
\art\bitmaps\gui\in_game\inventory\icons\b_gui_ig_i_ic_sp_124_inv.%img%
\art\bitmaps\gui\in_game\inventory\icons\b_gui_ig_i_ic_sp_105_inv.%img%
\art\bitmaps\gui\in_game\inventory\icons\b_gui_ig_i_ic_sp_033_inv.%img%
\art\bitmaps\gui\in_game\inventory\icons\b_gui_ig_i_ic_sp_112_inv.%img%
\art\bitmaps\gui\in_game\inventory\icons\b_gui_ig_i_ic_sp_016_inv.%img%
\art\bitmaps\gui\in_game\inventory\icons\b_gui_ig_i_ic_sp_109_inv.%img%
\sound\voices\s_v_cf_jardaranz3.mp3
\art\bitmaps\terrain\desert_canyon_1\path\b_t_dc01_pth_08x04-b.%img%
\art\bitmaps\terrain\desert_canyon_1\wall\b_t_dc01_wal_04x04-c.%img%
\art\meshes\items\desert\m_i_des_log-02.asp
\art\bitmaps\items\desert\b_i_des_log.%img%
\sound\voices\s_v_greet_male_startled.mp3
\art\bitmaps\gui\in_game\menus\b_gui_ig_mnu_jnl_chapter_05.%img%
\ui\interfaces\chapters\chapter_6\dir.lqd18
\art\bitmaps\gui\nis\b_gui_nis_ch06.%img%
\art\meshes\items\desert\m_i_des_brush.asp
\art\meshes\items\desert\m_i_des_rock-06.asp
\art\bitmaps\terrain\desert_canyon_1\wall\b_t_dc01_wal_08x08-a.%img%
\sound\music\s_m_desertcanyons_01.mp3
\art\bitmaps\terrain\desert_canyon_1\wall\b_t_dc01_wal_08x08-c.%img%
\art\bitmaps\terrain\desert_canyon_1\path\b_t_dc01_pth_08x04-e.%img%
\art\bitmaps\terrain\desert_canyon_1\path\b_t_dc01_pth_04x04-e.%img%
\art\bitmaps\terrain\desert_canyon_1\path\b_t_dc01_pth_04x04-c.%img%
\art\bitmaps\items\desert\b_i_des_brush-pile.%img%
\art\bitmaps\terrain\desert_canyon_1\wall\b_t_dc01_wal_08x08-d.%img%
\art\bitmaps\terrain\desert_canyon_1\path\b_t_dc01_pth_08x04-g.%img%
\art\bitmaps\terrain\desert_canyon_1\wall\b_t_dc01_wal_04x08-a.%img%
\art\meshes\items\desert\m_i_des_rock-05.asp
\art\bitmaps\terrain\desert_canyon_1\wall\b_t_dc01_wal_08x08-f.%img%
\art\meshes\characters\evil_a_monsters\droog\m_c_eam_dg_pos_1.asp
\art\meshes\weapons\sword\m_w_swd_059.asp
\art\animations\characters\evil_a_monsters\droog\fs0\a_c_eam_dg_fs0_ds.prs
\art\animations\characters\evil_a_monsters\droog\fs1\a_c_eam_dg_fs1_ds.prs
\art\animations\characters\evil_a_monsters\droog\fs6\a_c_eam_dg_fs6_ds.prs
\art\animations\characters\evil_a_monsters\droog\fs0\a_c_eam_dg_fs0_wl.prs
\art\animations\characters\evil_a_monsters\droog\fs1\a_c_eam_dg_fs1_wl.prs
\art\animations\characters\evil_a_monsters\droog\fs6\a_c_eam_dg_fs6_wl.prs
\art\animations\characters\evil_a_monsters\droog\fs0\a_c_eam_dg_fs0_di.prs
\art\animations\characters\evil_a_monsters\droog\fs1\a_c_eam_dg_fs1_di.prs
\art\animations\characters\evil_a_monsters\droog\fs6\a_c_eam_dg_fs6_di.prs
\art\animations\characters\evil_a_monsters\droog\fs0\a_c_eam_dg_fs0_at.prs
\art\animations\characters\evil_a_monsters\droog\fs0\a_c_eam_dg_fs0_at-02.prs
\art\animations\characters\evil_a_monsters\droog\fs0\a_c_eam_dg_fs0_at-03.prs
\art\animations\characters\evil_a_monsters\droog\fs0\a_c_eam_dg_fs0_dff.prs
\art\animations\characters\evil_a_monsters\droog\fs1\a_c_eam_dg_fs1_at.prs
\art\animations\characters\evil_a_monsters\droog\fs1\a_c_eam_dg_fs1_at-02.prs
\art\animations\characters\evil_a_monsters\droog\fs1\a_c_eam_dg_fs1_at-03.prs
\art\animations\characters\evil_a_monsters\droog\fs1\a_c_eam_dg_fs1_dff.prs
\art\animations\characters\evil_a_monsters\droog\fs6\a_c_eam_dg_fs6_at.prs
\art\animations\characters\evil_a_monsters\droog\fs6\a_c_eam_dg_fs6_at-02.prs
\art\animations\characters\evil_a_monsters\droog\fs6\a_c_eam_dg_fs6_at-03.prs
\art\animations\characters\evil_a_monsters\droog\fs6\a_c_eam_dg_fs6_dff.prs
\art\animations\characters\evil_a_monsters\droog\fs0\a_c_eam_dg_fs0_mg.prs
\art\animations\characters\evil_a_monsters\droog\fs1\a_c_eam_dg_fs1_mg.prs
\art\animations\characters\evil_a_monsters\droog\fs0\a_c_eam_dg_fs0_dsf-02.prs
\art\animations\characters\evil_a_monsters\droog\fs0\a_c_eam_dg_fs0_dsf-03.prs
\art\animations\characters\evil_a_monsters\droog\fs0\a_c_eam_dg_fs0_rv.prs
\art\bitmaps\terrain\desert_canyon_1\wall\b_t_dc01_wal_08x08-b.%img%
\art\bitmaps\terrain\desert_canyon_1\path\b_t_dc01_pth_08x04-c.%img%
\art\meshes\weapons\bow\m_w_bow_038.asp
\art\bitmaps\terrain\desert_canyon_1\wall\b_t_dc01_wal_08x08-g.%img%
\sound\effects\s_e_call_droog.wav
\art\terrain\desert_canyon\t_dc01_skull-dgn-front-base-a.sno
\art\bitmaps\terrain\dungeon_greymarble_1\dir.lqd18
\art\bitmaps\terrain\dungeon_greymarble_1\dungeon\dir.lqd18
\art\meshes\items\desert\m_i_des_log-03.asp
\art\bitmaps\terrain\desert_canyon_1\floor\b_t_dc01_flr_dtl-08x08-b.%img%
\art\terrain\desert_canyon\t_dc01_skull-dgn-front-top-a.sno
\art\terrain\desert_canyon\t_dc01_skull-dgn-back-base-a.sno
\art\meshes\items\desert\m_i_des_rock-02.asp
\art\bitmaps\terrain\dungeon_greymarble_1\dungeon\b_t_dgn08_dgn_flr-04x04-a.%img%
\art\bitmaps\terrain\dungeon_greymarble_1\dungeon\b_t_dgn08_dgn_wal-04x04-a.%img%
\art\bitmaps\terrain\dungeon_greymarble_1\dungeon\b_t_dgn08_dgn_wal-04x04-b.%img%
\sound\effects\s_e_hit_droog_grunt.wav
\sound\effects\s_e_die_droog_grunt.wav
\world\maps\map_world\regions\hs_r1\terrain_nodes\siege_nodes.lnc
\world\maps\map_world\regions\hs_r1\terrain_nodes\dir.lqd18
\art\terrain\desert_canyon\t_dc01_skull-dgn-back-sides-a.sno
\art\terrain\desert_canyon\t_dc01_skull-dgn-jaw-a.sno
\art\terrain\desert_canyon\t_dc01_skull-dgn-back-top-a.sno
\art\terrain\desert_canyon\t_dc01_skull-dgn-back-sides-b.sno
\art\terrain\generic\dungeon\t_xxx_dgn_cap-diag-a.sno
\art\bitmaps\terrain\desert_canyon_1\wall\b_t_dc01_wal_04x04-a.%img%
\art\bitmaps\terrain\dungeon_greymarble_1\dungeon\b_t_dgn08_dgn_flr-04x04-b.%img%
\world\maps\map_world\regions\hs_r1\objects\dir.lqd18
\art\meshes\items\global\m_i_glb_dead_knight-02.asp
\art\meshes\items\global\m_i_glb_dead_knight-03.asp
\art\bitmaps\terrain\dungeon_greymarble_1\dungeon\b_t_dgn08_dgn_wal-04x04-arch-a.%img%
\art\bitmaps\terrain\dungeon_greymarble_1\dungeon\b_t_dgn08_dgn_pillar-04x04-a.%img%
\art\bitmaps\characters\body_armor\type3\b_c_pos_a3_015.%img%
\art\meshes\items\desert\m_i_des_rock-04.asp
\art\bitmaps\terrain\desert_canyon_1\wall\b_t_dc01_wal_08x04-b.%img%
\art\bitmaps\terrain\desert_canyon_1\wall\b_t_dc01_wal_04x08-b.%img%
\art\terrain\generic\dungeon\corner\t_xxx_dgn_cnr_ex-cncv-pipe-a.sno
\art\terrain\generic\dungeon\floor\t_xxx_dgn_flr_pillar-a.sno
\art\bitmaps\terrain\dungeon_greymarble_1\dungeon\b_t_dgn08_dgn_wal-a-tx-b-02x04-a.%img%
\art\bitmaps\terrain\dungeon_greymarble_1\dungeon\b_t_dgn08_dgn_h2o-01x04-a.%img%
\art\bitmaps\terrain\dungeon_greymarble_1\dungeon\b_t_dgn08_dgn_h2o-01x04-dynamic.%img%
\art\bitmaps\terrain\desert_canyon_1\floor\b_t_dc01_flr_dtl-08x08-a.%img%
\art\terrain\generic\wall\t_xxx_wal_cave-split-12-back-base.sno
\world\maps\map_world\regions\dc_r0\terrain_nodes\siege_nodes.lnc
\world\maps\map_world\regions\dc_r0\terrain_nodes\dir.lqd18
\art\terrain\generic\wall\t_xxx_wal_cave-split-12-back-sides.sno
\art\terrain\generic\wall\t_xxx_wal_cave-split-12-back-top.sno
\world\maps\map_world\regions\dc_r0\objects\dir.lqd18
\art\terrain\generic\ledge\t_xxx_ledg_24-cnr-ccav-t.sno
\art\bitmaps\terrain\desert_canyon_1\floor\b_t_dc01_flr_brdr-strght-04x04-a.%img%
\art\terrain\generic\ledge\t_xxx_ledg_24-cnr-cnvx-t.sno
\art\terrain\generic\ledge\t_xxx_ledg_24-cnr-ccav-b.sno
\art\terrain\generic\ledge\t_xxx_ledg_tx-wal-24-l-t.sno
\art\terrain\generic\ledge\t_xxx_ledg_tx-wal-24-l.sno
\art\meshes\items\desert\m_i_des_bush-04.asp
\art\terrain\generic\ledge\t_xxx_ledg_24-cnr-cnvx-b.sno
\art\meshes\items\desert\m_i_des_cactus-04.asp
\art\terrain\generic\ledge\t_xxx_ledg_tx-wal-24-l-b.sno
\art\bitmaps\terrain\desert_canyon_1\floor\b_t_dc01_flr_brdr-strght-08x04-a.%img%
\art\terrain\generic\ledge\t_xxx_ledg_tx-wal-24-r-t.sno
\art\bitmaps\items\desert\b_i_des_bush-02.%img%
\art\terrain\generic\ledge\t_xxx_ledg_tx-wal-24-r-b.sno
\art\terrain\generic\ledge\t_xxx_ledg_tx-wal-24-r.sno
\art\bitmaps\items\desert\b_i_des_cactus-04.%img%
\art\meshes\characters\evil_d_monsters\giant_lizard\m_c_edm_gz_pos_1.asp
\art\animations\characters\evil_d_monsters\giant_lizard\fs0\a_c_edm_gz_fs0_ds.prs
\art\animations\characters\evil_d_monsters\giant_lizard\fs0\a_c_edm_gz_fs0_wl.prs
\art\animations\characters\evil_d_monsters\giant_lizard\fs0\a_c_edm_gz_fs0_di.prs
\art\animations\characters\evil_d_monsters\giant_lizard\fs0\a_c_edm_gz_fs0_at.prs
\art\animations\characters\evil_d_monsters\giant_lizard\fs0\a_c_edm_gz_fs0_dff.prs
\art\terrain\generic\river\t_xxx_rvr_08-left-b.sno
\art\bitmaps\terrain\desert_canyon_1\river\dir.lqd18
\art\terrain\generic\river\t_xxx_rvr_08-bridge-left-tx-right-a.sno
\art\meshes\items\desert\m_i_des_aloe-01.asp
\art\bitmaps\characters\evil_d_monsters\b_c_edm_gz.%img%
\art\bitmaps\items\desert\b_i_des_aloe-01.%img%
\art\terrain\generic\river\t_xxx_rvr_12-tx-08-left-a.sno
\art\terrain\generic\river\t_xxx_rvr_08-right-tx-left-a.sno
\art\terrain\generic\river\t_xxx_rvr_08-left-turn.sno
\art\meshes\characters\evil_d_monsters\wasped\m_c_edm_wp_pos_1.asp
\art\meshes\items\global\m_i_glb_frag-wasped-01.asp
\art\meshes\items\global\m_i_glb_frag-wasped-02.asp
\art\meshes\items\global\m_i_glb_frag-wasped-03.asp
\art\meshes\items\global\m_i_glb_frag-wasped-04.asp
\art\meshes\items\global\m_i_glb_frag-wasped-05.asp
\art\animations\characters\evil_d_monsters\wasped\fs0\a_c_edm_wp_fs0_ds.prs
\art\animations\characters\evil_d_monsters\wasped\fs0\a_c_edm_wp_fs0_fl.prs
\art\animations\characters\evil_d_monsters\wasped\fs0\a_c_edm_wp_fs0_di.prs
\art\animations\characters\evil_d_monsters\wasped\fs0\a_c_edm_wp_fs0_at.prs
\art\animations\characters\evil_d_monsters\wasped\fs0\a_c_edm_wp_fs0_at-02.prs
\art\animations\characters\evil_d_monsters\wasped\fs0\a_c_edm_wp_fs0_dff.prs
\art\animations\characters\evil_d_monsters\wasped\fs0\a_c_edm_wp_fs0_dsf.prs
\art\bitmaps\characters\evil_d_monsters\b_c_edm_wp.%img%
\art\terrain\generic\wall\t_xxx_wal_24-tx-rvr-out.sno
\art\bitmaps\terrain\desert_canyon_1\river\b_t_dc01_rvr_static.%img%
\art\bitmaps\terrain\desert_canyon_1\river\b_t_dc01_rvr_dynamic.%img%
\art\bitmaps\terrain\desert_canyon_1\river\b_t_dc01_rvr_08x08-01.%img%
\art\bitmaps\terrain\desert_canyon_1\river\b_t_dc01_rvr_bridge-log-a.%img%
\art\bitmaps\terrain\desert_canyon_1\river\b_t_dc01_rvr_bridge-boards-a.%img%
\art\bitmaps\terrain\desert_canyon_1\river\b_t_dc01_rvr_bridge-logend-a.%img%
\art\bitmaps\terrain\desert_canyon_1\river\b_t_dc01_rvr_08x08-ltor-01.%img%
\art\bitmaps\terrain\desert_canyon_1\river\b_t_dc01_rvr_08x08-12-left-01.%img%
\art\bitmaps\terrain\desert_canyon_1\river\b_t_dc01_rvr_04x08-12-right-01.%img%
\art\bitmaps\terrain\desert_canyon_1\river\b_t_dc01_rvr_08x08-rtol-01.%img%
\art\bitmaps\terrain\desert_canyon_1\river\b_t_dc01_rvr_08x08-trn.%img%
\art\bitmaps\terrain\desert_canyon_1\floor\b_t_dc01_flr_brdr-cnr-04x04-a.%img%
\art\terrain\generic\ledge\t_xxx_ledg_24-thck-b.sno
\art\terrain\generic\river\t_xxx_rvr_08-left-tx-right-a.sno
\art\terrain\generic\ledge\t_xxx_ledg_24-thck-t.sno
\art\terrain\generic\ledge\t_xxx_ledg_24-cnr-ccav-tf.sno
\art\meshes\characters\evil_d_monsters\lava_imp\m_c_edm_li_pos_1.asp
\art\animations\characters\evil_d_monsters\lava_imp\fs0\a_c_edm_li_fs0_dfs.prs
\art\animations\characters\evil_d_monsters\lava_imp\fs0\a_c_edm_li_fs0_rl.prs
\art\animations\characters\evil_d_monsters\lava_imp\fs0\a_c_edm_li_fs0_di.prs
\art\animations\characters\evil_d_monsters\lava_imp\fs0\a_c_edm_li_fs0_at.prs
\art\animations\characters\evil_d_monsters\lava_imp\fs0\a_c_edm_li_fs0_at-02.prs
\art\animations\characters\evil_d_monsters\lava_imp\fs0\a_c_edm_li_fs0_at-03.prs
\art\animations\characters\evil_d_monsters\lava_imp\fs0\a_c_edm_li_fs0_dff.prs
\art\terrain\generic\ledge\t_xxx_ledg_24-thin-b.sno
\art\bitmaps\characters\evil_d_monsters\b_c_edm_li-05.%img%
\art\meshes\characters\evil_d_monsters\lava_imp\m_c_edm_li_pos_2.asp
\art\bitmaps\characters\evil_d_monsters\b_c_edm_li-06.%img%
\sound\music\s_m_desertcanyons_02.mp3
\art\terrain\generic\river\t_xxx_rvr_08-bridge-right-tx-left-a.sno
\art\meshes\characters\neutral_ambients\gecko\m_c_na_gk_pos_1.asp
\art\animations\characters\neutral_ambients\gecko\fs0\a_c_na_gk_fs0_ds.prs
\art\animations\characters\neutral_ambients\gecko\fs0\a_c_na_gk_fs0_wl.prs
\art\animations\characters\neutral_ambients\gecko\fs0\a_c_na_gk_fs0_dsf-02.prs
\art\animations\characters\neutral_ambients\gecko\fs0\a_c_na_gk_fs0_dff.prs
\art\animations\characters\neutral_ambients\gecko\fs0\a_c_na_gk_fs0_dsf.prs
\art\bitmaps\characters\neutral_ambients\b_c_na_gk.%img%
\art\terrain\generic\river\t_xxx_rvr_08-left-a.sno
\art\bitmaps\terrain\desert_canyon_1\river\b_t_dc01_rvr_fall-08x08-d.%img%
\art\bitmaps\terrain\desert_canyon_1\river\b_t_dc01_rvr_04x08-01.%img%
\art\bitmaps\items\desert\b_i_des_tree-dead-02.%img%
\art\terrain\generic\ledge\t_xxx_ledg_24-thin-t.sno
\world\maps\map_world\regions\dc_r1\terrain_nodes\siege_nodes.lnc
\world\maps\map_world\regions\dc_r1\terrain_nodes\dir.lqd18
\sound\effects\s_e_call_lava_imp.wav
\world\maps\map_world\regions\dc_r1\objects\dir.lqd18
\art\meshes\items\desert\m_i_des_tree-01.asp
\art\bitmaps\items\desert\b_i_des_tree-desert.%img%
\art\terrain\desert_canyon\t_dc01_statue-wall-12-a.sno
\art\terrain\generic\ledge\t_xxx_ledg_12-cnr-ccav-tf.sno
\art\bitmaps\terrain\desert_canyon_1\b_t_dc01_statue-wall-a.%img%
\art\bitmaps\terrain\desert_canyon_1\b_t_dc01_statue-droog-a.%img%
\art\bitmaps\characters\evil_a_monsters\b_c_eam_dgm.%img%
\art\terrain\generic\river\t_xxx_rvr_wfall-12-tx-12.sno
\art\bitmaps\terrain\desert_canyon_1\river\b_t_dc01_rvr_fall-08x08-a.%img%
\art\bitmaps\terrain\desert_canyon_1\river\b_t_dc01_rvr_fall-top-08-static.%img%
\art\bitmaps\terrain\desert_canyon_1\river\b_t_dc01_rvr_fall-bottom-08-static.%img%
\art\bitmaps\terrain\desert_canyon_1\river\b_t_dc01_rvr_fall-mist-08x08-static.%img%
\art\bitmaps\terrain\desert_canyon_1\river\b_t_dc01_rvr_fall-mist-08x08-dynamic.%img%
\art\bitmaps\terrain\desert_canyon_1\path\b_t_dc01_pth_04x04-d.%img%
\art\bitmaps\decals\b_d_sand-desert.%img%
\art\terrain\generic\river\t_xxx_rvr_12-right-c.sno
\art\terrain\generic\river\t_xxx_rvr_12-left-c.sno
\art\meshes\items\desert\m_i_des_rock-08.asp
\art\bitmaps\terrain\desert_canyon_1\wall\b_t_dc01_wal_08x08-e.%img%
\art\meshes\characters\evil_d_monsters\impaler\m_c_edm_im_pos_1.asp
\art\meshes\items\global\m_i_glb_frag-impaler-01.asp
\art\meshes\items\global\m_i_glb_frag-impaler-02.asp
\art\meshes\items\global\m_i_glb_frag-impaler-03.asp
\art\meshes\items\global\m_i_glb_frag-impaler-04.asp
\art\meshes\items\global\m_i_glb_frag-impaler-05.asp
\art\animations\characters\evil_d_monsters\impaler\fs0\a_c_edm_im_fs0_dfs.prs
\art\animations\characters\evil_d_monsters\impaler\fs0\a_c_edm_im_fs0_wl.prs
\art\animations\characters\evil_d_monsters\impaler\fs0\a_c_edm_im_fs0_di.prs
\art\animations\characters\evil_d_monsters\impaler\fs0\a_c_edm_im_fs0_at.prs
\art\animations\characters\evil_d_monsters\impaler\fs0\a_c_edm_im_fs0_at-02.prs
\art\animations\characters\evil_d_monsters\impaler\fs0\a_c_edm_im_fs0_dff.prs
\art\bitmaps\characters\evil_d_monsters\b_c_edm_im.%img%
\world\ai\jobs\actors\good\job_talk_ulfgrim.skrit
\art\meshes\characters\good_a_npc\dwarf\helmets\m_c_gan_df_hlmt_type29.asp
\art\bitmaps\terrain\desert_canyon_1\path\b_t_dc01_pth_08x08-c.%img%
\art\bitmaps\characters\good_a_npc\dwarf\b_c_gan_df_skin_08.%img%
\art\bitmaps\armor\gauntlets\b_a_gntl_082.%img%
\art\bitmaps\terrain\desert_canyon_1\river\b_t_dc01_rvr_08x08-12-left-02.%img%
\art\meshes\characters\evil_d_monsters\soul_stinger\m_c_edm_ss_pos_1.asp
\art\meshes\items\global\m_i_glb_frag-soul-stinger-01.asp
\art\meshes\items\global\m_i_glb_frag-soul-stinger-02.asp
\art\meshes\items\global\m_i_glb_frag-soul-stinger-03.asp
\art\meshes\items\global\m_i_glb_frag-soul-stinger-04.asp
\art\meshes\items\global\m_i_glb_frag-soul-stinger-05.asp
\art\animations\characters\evil_d_monsters\soul_stinger\fs0\a_c_edm_ss_fs0_ds.prs
\art\animations\characters\evil_d_monsters\soul_stinger\fs0\a_c_edm_ss_fs0_fl.prs
\art\animations\characters\evil_d_monsters\soul_stinger\fs0\a_c_edm_ss_fs0_di.prs
\art\animations\characters\evil_d_monsters\soul_stinger\fs0\a_c_edm_ss_fs0_at.prs
\art\animations\characters\evil_d_monsters\soul_stinger\fs0\a_c_edm_ss_fs0_dff.prs
\art\meshes\characters\evil_d_monsters\lava_imp\m_c_edm_li_pos_3.asp
\art\bitmaps\characters\evil_d_monsters\b_c_edm_ss.%img%
\art\bitmaps\characters\evil_d_monsters\b_c_edm_li-07.%img%
\art\terrain\generic\bridge\t_xxx_brdg_tx-rck-wal-12.sno
\art\terrain\desert_canyon\t_dc01_dwelling-d3.sno
\art\terrain\desert_canyon\t_dc01_dwelling-d4.sno
\art\terrain\desert_canyon\t_dc01_dwelling-c4.sno
\art\terrain\desert_canyon\t_dc01_dwelling-c4-roof1.sno
\art\terrain\desert_canyon\t_dc01_dwelling-d4-spire.sno
\art\terrain\desert_canyon\t_dc01_dwelling-d4-walls.sno
\art\terrain\desert_canyon\t_dc01_dwelling-d2.sno
\art\terrain\desert_canyon\t_dc01_dwelling-c3.sno
\art\terrain\desert_canyon\t_dc01_dwelling-d3-spire.sno
\art\meshes\items\desert\m_i_des_tree-02.asp
\art\bitmaps\terrain\desert_canyon_1\b_t_dc01_dwelling-wall-01.%img%
\art\bitmaps\terrain\desert_canyon_1\b_t_dc01_dwelling-stake-02x01.%img%
\art\bitmaps\terrain\desert_canyon_1\b_t_dc01_dwelling-floor-01.%img%
\art\bitmaps\terrain\desert_canyon_1\b_t_dc01_dwelling-wall-05.%img%
\art\bitmaps\terrain\desert_canyon_1\b_t_dc01_dwelling-wall-06.%img%
\art\bitmaps\items\desert\b_i_des_tree-02.%img%
\art\terrain\desert_canyon\t_dc01_dwelling-c4-rim1.sno
\art\terrain\desert_canyon\t_dc01_dwelling-b4.sno
\art\terrain\desert_canyon\t_dc01_dwelling-c4-walls.sno
\art\terrain\desert_canyon\t_dc01_dwelling-c2.sno
\art\terrain\desert_canyon\t_dc01_dwelling-c3-rim1.sno
\art\terrain\desert_canyon\t_dc01_dwelling-c3-roof1.sno
\art\terrain\desert_canyon\t_dc01_dwelling-b3.sno
\art\terrain\desert_canyon\t_dc01_dwelling-b3-roof1.sno
\art\terrain\desert_canyon\t_dc01_dwelling-c3-spire.sno
\world\ai\jobs\actors\evil\brain_bow.skrit
\art\meshes\items\desert\m_i_des_rug-02.asp
\art\meshes\items\desert\m_i_des_stool-01.asp
\art\meshes\items\desert\m_i_des_branches-chair.asp
\art\meshes\items\desert\m_i_des_branches-table.asp
\sound\effects\s_e_spell_energy_ball_cast.wav
\art\meshes\items\desert\m_i_des_basket-01.asp
\art\bitmaps\terrain\desert_canyon_1\b_t_dc01_dwelling-awning-03.%img%
\art\bitmaps\items\desert\b_i_des_rug-02.%img%
\art\bitmaps\items\desert\b_i_des_stool-01.%img%
\art\bitmaps\items\desert\b_i_des_branches-chair.%img%
\art\bitmaps\items\desert\b_i_des_branches-table.%img%
\art\bitmaps\items\desert\b_i_des_basket-01.%img%
\art\terrain\desert_canyon\t_dc01_dwelling-b4-roof1.sno
\art\terrain\desert_canyon\t_dc01_dwelling-a4-roof1.sno
\art\terrain\desert_canyon\t_dc01_dwelling-a4.sno
\art\terrain\desert_canyon\t_dc01_dwelling-b4-walls.sno
\art\terrain\desert_canyon\t_dc01_dwelling-b2.sno
\art\terrain\desert_canyon\t_dc01_dwelling-b4-rim1.sno
\art\terrain\desert_canyon\t_dc01_dwelling-b3-rim1.sno
\art\terrain\desert_canyon\t_dc01_dwelling-a3.sno
\art\meshes\items\desert\m_i_des_rug-03.asp
\art\meshes\items\desert\m_i_des_rug-04.asp
\art\meshes\items\desert\m_i_des_stool-02.asp
\art\bitmaps\decals\b_d_rug-03.%img%
\art\bitmaps\decals\b_d_rug-02.%img%
\art\bitmaps\terrain\desert_canyon_1\b_t_dc01_dwelling-awning-01.%img%
\art\bitmaps\items\desert\b_i_des_rug-03.%img%
\art\bitmaps\items\desert\b_i_des_rug-04.%img%
\art\terrain\desert_canyon\t_dc01_dwelling-a4-walls.sno
\art\meshes\characters\evil_d_monsters\groveller\m_c_edm_gv_pos_1.asp
\art\animations\characters\evil_d_monsters\groveller\fs0\a_c_edm_gv_fs0_ds.prs
\art\animations\characters\evil_d_monsters\groveller\fs0\a_c_edm_gv_fs0_rl.prs
\art\animations\characters\evil_d_monsters\groveller\fs0\a_c_edm_gv_fs0_di.prs
\art\animations\characters\evil_d_monsters\groveller\fs0\a_c_edm_gv_fs0_at.prs
\art\animations\characters\evil_d_monsters\groveller\fs0\a_c_edm_gv_fs0_dff.prs
\art\animations\characters\evil_d_monsters\groveller\fs0\a_c_edm_gv_fs0_dsf.prs
\art\bitmaps\characters\evil_d_monsters\b_c_edm_gv.%img%
\art\bitmaps\characters\evil_d_monsters\b_c_edm_dk.%img%
\art\terrain\generic\bridge\t_xxx_brdg_rck-16-c.sno
\art\terrain\desert_canyon\t_dc01_dwelling-c1.sno
\art\terrain\desert_canyon\t_dc01_dwelling-c2-spire.sno
\art\terrain\desert_canyon\t_dc01_dwelling-d1.sno
\art\terrain\desert_canyon\t_dc01_dwelling-d2-rim1.sno
\art\terrain\desert_canyon\t_dc01_dwelling-d2-roof1.sno
\art\terrain\desert_canyon\t_dc01_dwelling-b1.sno
\art\terrain\desert_canyon\t_dc01_dwelling-b2-rim1.sno
\art\terrain\desert_canyon\t_dc01_dwelling-b2-roof1.sno
\art\terrain\desert_canyon\t_dc01_dwelling-b2-rim2.sno
\art\terrain\desert_canyon\t_dc01_dwelling-b2-roof2.sno
\art\terrain\desert_canyon\t_dc01_dwelling-a2.sno
\art\terrain\desert_canyon\t_dc01_dwelling-a2-roof1.sno
\art\bitmaps\terrain\desert_canyon_1\b_t_dc01_dwelling-awning-02.%img%
\art\bitmaps\terrain\desert_canyon_1\b_t_dc01_dwelling-pool-01.%img%
\art\terrain\desert_canyon\t_dc01_dwelling-bridge-12-a.sno
\sound\music\s_m_desertcanyons_03.mp3
\art\terrain\desert_canyon\t_dc01_dwelling-bridge-24-a.sno
\sound\effects\s_e_die_wasped.wav
\world\maps\map_world\regions\dc_r1\conversations\dir.lqd18
\sound\voices\s_v_dc_ulfgrim1.mp3
\art\bitmaps\gui\in_game\inventory\weapons\axe\b_gui_ig_i_w_axe_179.%img%
\art\bitmaps\gui\in_game\inventory\icons\b_gui_ig_i_ic_c_ulfgrim.%img%
\sound\voices\s_v_dc_ulfgrim3.mp3
\art\terrain\desert_canyon\t_dc01_dwelling-bridge-a.sno
\art\terrain\desert_canyon\t_dc01_dwelling-bridge-12-cap-a.sno
\art\terrain\desert_canyon\t_dc01_dwelling-c1-rim1.sno
\art\terrain\desert_canyon\t_dc01_dwelling-c1-roof1.sno
\art\terrain\desert_canyon\t_dc01_dwelling-b1-roof2.sno
\art\terrain\desert_canyon\t_dc01_dwelling-d1-roof1.sno
\art\terrain\desert_canyon\t_dc01_dwelling-d1-rim1.sno
\art\terrain\desert_canyon\t_dc01_dwelling-d1-rim2.sno
\art\terrain\desert_canyon\t_dc01_dwelling-d1-roof2.sno
\sound\voices\s_v_dc_ulfgrim6.mp3
\art\terrain\desert_canyon\t_dc01_dwelling-bridge-24-cap-a.sno
\art\bitmaps\terrain\desert_canyon_1\path\b_t_dc01_pth_08x04-d.%img%
\art\terrain\desert_canyon\t_dc01_cnr-tx-ledge-a.sno
\art\bitmaps\terrain\desert_canyon_1\b_t_dc01_ele-logplain.%img%
\art\bitmaps\terrain\desert_canyon_1\b_t_dc01_ele-logend.%img%
\art\bitmaps\terrain\desert_canyon_1\path\b_t_dc01_pth_04x04-f.%img%
\art\bitmaps\terrain\desert_canyon_1\path\b_t_dc01_pth_08x04-h.%img%
\art\terrain\generic\bridge\t_xxx_brdg_rop-20.sno
\art\bitmaps\terrain\desert_canyon_1\river\b_t_dc01_rvr_bridge-stake.%img%
\art\bitmaps\terrain\desert_canyon_1\river\b_t_dc01_rvr_bridge-planked.%img%
\art\meshes\items\desert\m_i_des_cactus-03.asp
\art\bitmaps\items\desert\b_i_des_cactus-01.%img%
\art\terrain\generic\bridge\t_xxx_brdg_rck-32-r.sno
\art\meshes\items\desert\m_i_des_pole-skull-01.asp
\art\bitmaps\terrain\desert_canyon_1\wall\b_t_dc01_wal_08x08-j.%img%
\art\bitmaps\items\desert\b_i_des_pole-skull.%img%
\art\meshes\items\desert\m_i_des_cactus-star-01.asp
\art\bitmaps\items\desert\b_i_des_cactus-ylw.%img%
\art\bitmaps\characters\evil_a_monsters\b_c_eam_dgg-02.%img%
\art\terrain\generic\ledge\t_xxx_ledg_12-ele-top-a.sno
\art\terrain\generic\ledge\t_xxx_ledg_12-ele-bottom-a.sno
\art\terrain\generic\ledge\t_xxx_ledg_ele-platform-a.sno
\art\terrain\generic\ledge\t_xxx_ledg_12-ele-wheels-a.sno
\art\bitmaps\terrain\grass_2\b_t_grs02_ele-rope-a.%img%
\art\bitmaps\terrain\grass_2\b_t_grs02_ele-logplain.%img%
\art\bitmaps\terrain\grass_2\b_t_grs02_ele-logend.%img%
\art\bitmaps\terrain\grass_2\b_t_grs02_ele-disk-front-a.%img%
\art\bitmaps\terrain\grass_2\b_t_grs02_ele-disk-side-a.%img%
\art\meshes\items\desert\m_i_des_lever-01.asp
\art\animations\items\global\a_i_glb_lever-01-push.prs
\art\bitmaps\terrain\desert_canyon_1\b_t_dc01_ele-flr-04x04-a.%img%
\art\bitmaps\items\desert\b_i_des_lever-01.%img%
\sound\effects\s_e_die_soul_stinger.wav
\sound\effects\s_e_hit_giant_lizard.wav
\sound\effects\s_e_env_elevator_pulley_start.wav
\world\maps\map_world\regions\dc_r1a\terrain_nodes\siege_nodes.lnc
\world\maps\map_world\regions\dc_r1a\terrain_nodes\dir.lqd18
\art\bitmaps\terrain\desert_canyon_1\b_t_dc01_abc-portal-flr-a.%img%
\art\bitmaps\terrain\desert_canyon_1\b_t_dc01_abc-portal-tx-wall-04x04-a.%img%
\art\bitmaps\terrain\desert_canyon_1\b_t_dc01_abc-portal-tx-wall-04x04-b.%img%
\world\maps\map_world\regions\dc_r1a\objects\dir.lqd18
\art\bitmaps\terrain\dungeon_greenstone_1\dir.lqd18
\art\bitmaps\terrain\dungeon_greenstone_1\dungeon\dir.lqd18
\art\bitmaps\terrain\desert_canyon_1\path\b_t_dc01_pth_04x04-a.%img%
\art\bitmaps\terrain\desert_canyon_1\path\b_t_dc01_pth_08x04-f.%img%
\sound\effects\s_e_die_lava_imp.wav
\art\bitmaps\armor\helmets\b_a_hlmt_045.%img%
\art\bitmaps\armor\boots\b_a_boot_030.%img%
\art\bitmaps\gui\in_game\inventory\armor\boot\b_gui_ig_i_a_boot_030.%img%
\art\bitmaps\armor\helmets\b_a_hlmt_074.%img%
\art\bitmaps\weapons\crossbow\b_w_csb_009.%img%
\art\terrain\desert_canyon\t_dc01_dwelling-a1.sno
\art\terrain\desert_canyon\t_dc01_dwelling-b1-walls.sno
\art\terrain\desert_canyon\t_dc01_dwelling-b1-rim1.sno
\art\terrain\desert_canyon\t_dc01_dwelling-b1-roof1.sno
\art\terrain\desert_canyon\t_dc01_dwelling-b1-rim2.sno
\art\terrain\desert_canyon\t_dc01_dwelling-b1-spire.sno
\art\terrain\desert_canyon\t_dc01_dwelling-a1-rim1.sno
\art\meshes\weapons\misc\m_w_misc_021.asp
\art\bitmaps\terrain\desert_canyon_1\b_t_dc01_dwelling-wall-07.%img%
\art\terrain\desert_canyon\t_dc01_dwelling-a2-rim1.sno
\art\terrain\desert_canyon\t_dc01_dwelling-a2-walls.sno
\art\terrain\desert_canyon\t_dc01_dwelling-a1-walls.sno
\art\terrain\desert_canyon\t_dc01_dwelling-a1-roof1.sno
\art\terrain\desert_canyon\t_dc01_dwelling-a5.sno
\art\terrain\desert_canyon\t_dc01_dwelling-a3-rim1.sno
\art\terrain\desert_canyon\t_dc01_dwelling-a3-roof1.sno
\art\terrain\desert_canyon\t_dc01_dwelling-a3-walls.sno
\art\terrain\desert_canyon\t_dc01_dwelling-a4-rim1.sno
\art\bitmaps\terrain\desert_canyon_1\wall\b_t_dc01_wal_08x08-k.%img%
\art\bitmaps\terrain\dungeon_greenstone_1\dungeon\b_t_dgn05_dgn_wal-04x04-a.%img%
\art\bitmaps\terrain\dungeon_greenstone_1\dungeon\b_t_dgn05_dgn_wal-04x04-b.%img%
\art\bitmaps\terrain\dungeon_greenstone_1\dungeon\b_t_dgn05_dgn_wal-a-tx-b-02x04-a.%img%
\art\bitmaps\terrain\dungeon_greenstone_1\dungeon\b_t_dgn05_dgn_flr-04x04-b.%img%
\art\bitmaps\terrain\dungeon_greenstone_1\dungeon\b_t_dgn05_dgn_stair-front.%img%
\art\bitmaps\terrain\dungeon_greenstone_1\dungeon\b_t_dgn05_dgn_stair-top.%img%
\art\meshes\items\global\m_i_glb_door-gendungeon-02.asp
\art\bitmaps\terrain\dungeon_greenstone_1\dungeon\b_t_dgn05_dgn_wal-04x04-arch-a.%img%
\art\bitmaps\terrain\dungeon_greenstone_1\dungeon\b_t_dgn05_dgn_doortrim.%img%
\art\bitmaps\items\global\b_i_glb_door-gendungeon-01.%img%
\art\bitmaps\terrain\dungeon_greenstone_1\dungeon\b_t_dgn05_dgn_flr-04x04-a.%img%
\art\meshes\items\global\m_i_glb_statue-15.asp
\art\meshes\items\global\m_i_glb_statue-broken-12.asp
\art\bitmaps\terrain\dungeon_greenstone_1\dungeon\b_t_dgn05_dgn_pillar-04x04-a.%img%
\art\bitmaps\characters\body_armor\type7\b_c_pos_a7_033.%img%
\art\terrain\custom_dungeon_1\t_cd01_floor-worldmap.sno
\art\bitmaps\terrain\custom_dungeon_1\dir.lqd18
\art\terrain\generic\dungeon\floor\t_xxx_dgn_flr_pillar-c.sno
\art\meshes\items\global\m_i_glb_statue-14.asp
\art\bitmaps\terrain\custom_dungeon_1\b_t_cd01_map1-nw.%img%
\art\bitmaps\terrain\custom_dungeon_1\b_t_cd01_map1-ne.%img%
\art\bitmaps\terrain\custom_dungeon_1\b_t_cd01_map1-sw.%img%
\art\bitmaps\terrain\custom_dungeon_1\b_t_cd01_map1-se.%img%
\sound\effects\s_e_spell_flame_cast.wav
\art\bitmaps\gui\in_game\inventory\weapons\staff\b_gui_ig_i_w_stf_123.%img%
\art\terrain\desert_canyon\t_dc01_dwelling-a5-walls.sno
\sound\effects\s_e_call_droog_bow.wav
\art\terrain\desert_canyon\t_dc01_dwelling-a6.sno
\art\terrain\desert_canyon\t_dc01_dwelling-a8.sno
\art\terrain\desert_canyon\t_dc01_dwelling-a7.sno
\world\ai\jobs\actors\good\job_talk_real_goquua.skrit
\art\terrain\desert_canyon\t_dc01_dwelling-a7-rim1.sno
\art\terrain\desert_canyon\t_dc01_dwelling-a7-roof1.sno
\world\ai\jobs\actors\good\job_talk_nonataya.skrit
\art\meshes\weapons\axe\m_w_axe_075.asp
\art\meshes\weapons\axe\m_w_axe_052.asp
\art\meshes\weapons\mace\m_w_mce_065.asp
\art\meshes\weapons\axe\m_w_axe_092.asp
\art\meshes\weapons\staff\m_w_stf_083.asp
\art\meshes\weapons\hammer\m_w_hmr_014.asp
\art\meshes\weapons\bow\m_w_bow_037.asp
\art\meshes\weapons\crossbow\m_w_csb_05.asp
\art\animations\characters\evil_a_monsters\droog\fs0\a_c_eam_dg_fs0_dsf.prs
\art\animations\characters\evil_a_monsters\droog\fs1\a_c_eam_dg_fs1_dsf.prs
\art\animations\characters\evil_a_monsters\droog\fs6\a_c_eam_dg_fs6_dsf.prs
\art\animations\characters\evil_a_monsters\droog\fs0\a_c_eam_dg_fs0_dsf-04.prs
\art\animations\characters\evil_a_monsters\droog\fs0\a_c_eam_dg_fs0_dsf-05.prs
\art\meshes\armor\helmets\m_a_hlmt_type49.asp
\art\meshes\weapons\axe\m_w_axe_078.asp
\art\meshes\weapons\axe\m_w_axe_044.asp
\art\bitmaps\characters\evil_a_monsters\b_c_eam_dg-04.%img%
\art\bitmaps\items\global\b_i_glb_book-magic-07.%img%
\art\bitmaps\items\global\b_i_glb_book-magic-10.%img%
\art\bitmaps\items\global\b_i_glb_book-magic-11.%img%
\art\bitmaps\characters\body_armor\type5\b_c_pos_a5_018.%img%
\art\bitmaps\armor\boots\b_a_boot_075.%img%
\art\bitmaps\armor\gauntlets\b_a_gntl_097.%img%
\art\bitmaps\armor\helmets\b_a_hlmt_051.%img%
\sound\voices\s_v_dc_nonataya1.mp3
\sound\music\s_m_nonataya.mp3
\art\bitmaps\gui\in_game\inventory\icons\b_gui_ig_i_ic_c_no.%img%
\art\bitmaps\gui\in_game\inventory\armor\body_armor\b_gui_ig_i_a_pos_a2_037.%img%
\art\bitmaps\gui\in_game\inventory\armor\body_armor\b_gui_ig_i_a_pos_a5_010.%img%
\art\bitmaps\gui\in_game\inventory\armor\body_armor\b_gui_ig_i_a_pos_a3_013.%img%
\art\bitmaps\gui\in_game\inventory\armor\body_armor\b_gui_ig_i_a_pos_a2_031.%img%
\art\bitmaps\gui\in_game\inventory\armor\body_armor\b_gui_ig_i_a_pos_a5_017.%img%
\art\bitmaps\gui\in_game\inventory\armor\body_armor\b_gui_ig_i_a_pos_a5_016.%img%
\art\bitmaps\gui\in_game\inventory\armor\body_armor\b_gui_ig_i_a_pos_a2_014.%img%
\art\bitmaps\gui\in_game\inventory\armor\body_armor\b_gui_ig_i_a_pos_a7_024.%img%
\art\bitmaps\gui\in_game\inventory\icons\b_gui_ig_i_ic_stf_003.%img%
\art\bitmaps\gui\in_game\inventory\weapons\staff\b_gui_ig_i_w_stf_124.%img%
\art\bitmaps\gui\in_game\inventory\weapons\bow\b_gui_ig_i_w_bow_084.%img%
\art\bitmaps\gui\in_game\inventory\weapons\sword\b_gui_ig_i_w_swd_031.%img%
\art\bitmaps\gui\in_game\inventory\weapons\hammer\dir.lqd18
\art\bitmaps\gui\in_game\inventory\weapons\hammer\b_gui_ig_i_w_hmr_040.%img%
\art\bitmaps\gui\in_game\inventory\weapons\misc\b_gui_ig_i_w_msc_010.%img%
\art\bitmaps\gui\in_game\inventory\weapons\hammer\b_gui_ig_i_w_hmr_022.%img%
\art\bitmaps\gui\in_game\inventory\weapons\crossbow\dir.lqd18
\art\bitmaps\gui\in_game\inventory\weapons\crossbow\b_gui_ig_i_w_csb_013.%img%
\art\bitmaps\gui\in_game\inventory\weapons\axe\b_gui_ig_i_w_axe_169.%img%
\art\bitmaps\gui\in_game\inventory\weapons\crossbow\b_gui_ig_i_w_csb_010.%img%
\sound\voices\s_v_dc_nonataya2.mp3
\world\maps\map_world\regions\dc_r2\terrain_nodes\siege_nodes.lnc
\world\maps\map_world\regions\dc_r2\terrain_nodes\dir.lqd18
\world\maps\map_world\regions\dc_r2\objects\dir.lqd18
\art\bitmaps\gui\in_game\menus\b_gui_ig_mnu_jnl_quest_19.%img%
\art\bitmaps\gui\in_game\menus\b_gui_ig_mnu_jnl_chapter_07.%img%
\sound\voices\s_v_chapter_6.mp3
\ui\interfaces\chapters\chapter_7\dir.lqd18
\art\bitmaps\gui\nis\b_gui_nis_ch07.%img%
\art\meshes\items\desert\m_i_des_tree-yucca.asp
\art\bitmaps\terrain\desert_canyon_1\path\b_t_dc01_pth_08x08-f.%img%
\art\bitmaps\items\desert\b_i_des_yucca.%img%
\art\bitmaps\terrain\desert_canyon_1\path\b_t_dc01_pth_08x08-d.%img%
\sound\voices\s_v_greet_droog_hello.mp3
\art\bitmaps\gui\in_game\menus\b_gui_ig_mnu_jnl_quest_18.%img%
\art\meshes\items\desert\m_i_des_bones-vertebrae.asp
\art\bitmaps\items\desert\b_i_des_bones-spine.%img%
\art\terrain\desert_canyon\t_dc01_drglair_front-a.sno
\art\meshes\items\desert\m_i_des_bones-broken.asp
\art\meshes\items\desert\m_i_des_bones-pelvis.asp
\art\meshes\items\desert\m_i_des_bones-rib.asp
\art\meshes\items\desert\m_i_des_bones-skull.asp
\art\meshes\items\desert\m_i_des_bones-ribcage.asp
\art\bitmaps\items\desert\b_i_des_bones-skull.%img%
\art\bitmaps\items\desert\b_i_des_rock-02.%img%
\art\bitmaps\sfx\b_sfx_armor_shock.%img%
\world\maps\map_world\regions\dl_r1\terrain_nodes\siege_nodes.lnc
\world\maps\map_world\regions\dl_r1\terrain_nodes\dir.lqd18
\art\terrain\desert_canyon\t_dc01_drglair_front-b.sno
\art\terrain\desert_canyon\t_dc01_drglair_back-a.sno
\art\meshes\items\desert\m_i_des_bones-spine-01.asp
\sound\music\s_m_desertcanyons_05.mp3
\art\meshes\items\desert\m_i_des_tree-dead-01.asp
\art\meshes\items\desert\m_i_des_tumbleweed-01.asp
\art\bitmaps\items\desert\b_i_des_tree-dead.%img%
\art\bitmaps\items\desert\b_i_des_tumbleweed.%img%
\world\maps\map_world\regions\dl_r1\objects\dir.lqd18
\art\terrain\desert_canyon\t_dc01_drglair-01.sno
\art\terrain\desert_canyon\t_dc01_drglair_inset.sno
\art\terrain\desert_canyon\t_dc01_drglair_back-b.sno
\art\bitmaps\terrain\desert_canyon_1\b_t_dc01_drgcavemth-wal-tx-a.%img%
\art\bitmaps\terrain\desert_canyon_1\b_t_dc01_drgcavemth-flr-04x08-a.%img%
\art\terrain\desert_canyon\t_dc01_drglair-00.sno
\art\meshes\items\desert\m_i_des_log-01.asp
\world\maps\map_world\regions\path2ce\terrain_nodes\siege_nodes.lnc
\world\maps\map_world\regions\path2ce\terrain_nodes\dir.lqd18
\world\maps\map_world\regions\path2ce\objects\dir.lqd18
\art\bitmaps\terrain\cave_1\b_t_cav01_abc-portal-flr-a.%img%
\art\bitmaps\terrain\cave_1\b_t_cav01_abc-portal-tx-wall-04x04-a.%img%
\art\bitmaps\terrain\cave_1\b_t_cav01_abc-portal-tx-wall-04x04-b.%img%
\art\bitmaps\characters\evil_c_monsters\b_c_ecm_bk-04.%img%
\art\meshes\items\global\m_i_glb_gom-lamp-01.asp
\art\bitmaps\items\global\b_i_glb_gom-fire-pit.%img%
\sound\effects\s_e_hit_braak.wav
\sound\music\s_m_dragonlair_01.mp3
\art\terrain\desert_canyon\t_dc01_drglair-02.sno
\art\terrain\desert_canyon\t_dc01_drglair-00-portalstrip.sno
\art\terrain\desert_canyon\t_dc01_drglair-00-portal-top.sno
\art\terrain\desert_canyon\t_dc01_drglair-00-wallstrip-a.sno
\art\terrain\desert_canyon\t_dc01_drglair-00-wall-top.sno
\art\terrain\desert_canyon\t_dc01_drglair-00-wallstrip-b.sno
\art\terrain\desert_canyon\t_dc01_drglair-00-ledge-strip.sno
\art\meshes\items\global\m_i_glb_rubble-01.asp
\art\meshes\items\global\m_i_glb_rubble-02.asp
\art\meshes\items\global\m_i_glb_rubble-03.asp
\art\meshes\items\global\m_i_glb_rubble-04.asp
\art\meshes\items\global\m_i_glb_rubble-06.asp
\art\bitmaps\terrain\desert_canyon_1\b_t_dc01_drglair-wal-8x8-b.%img%
\art\bitmaps\terrain\desert_canyon_1\b_t_dc01_drglair-wal-tx-flr-a.%img%
\art\terrain\desert_canyon\t_dc01_drglair-04.sno
\art\meshes\items\castle\m_i_csl_chest-04.asp
\art\animations\items\castle\a_i_csl_chest-04-open.prs
\art\bitmaps\items\castle\b_i_csl_chest-04.%img%
\art\bitmaps\items\castle\b_i_csl_chest-02.%img%
\art\terrain\desert_canyon\t_dc01_drglair-03.sno
\art\meshes\characters\evil_b_bosses\dragon\m_c_ebb_dg_pos_1.asp
\art\animations\characters\evil_b_bosses\dragon\fs0\a_c_ebb_dg_fs0_sleep.prs
\art\animations\characters\evil_b_bosses\dragon\fs0\a_c_ebb_dg_fs0_fall.prs
\art\animations\characters\evil_b_bosses\dragon\fs0\a_c_ebb_dg_fs0_at.prs
\art\animations\characters\evil_b_bosses\dragon\fs0\a_c_ebb_dg_fs0_at-02.prs
\art\animations\characters\evil_b_bosses\dragon\fs0\a_c_ebb_dg_fs0_at-03.prs
\art\animations\characters\evil_b_bosses\dragon\fs0\a_c_ebb_dg_fs0_dff.prs
\art\animations\characters\evil_b_bosses\dragon\fs0\a_c_ebb_dg_fs0_dff-02.prs
\art\animations\characters\evil_b_bosses\dragon\fs0\a_c_ebb_dg_fs0_wake.prs
\sound\effects\s_e_dragon_breath.wav
\art\bitmaps\characters\evil_b_bosses\b_c_ebb_dg-scales.%img%
\art\bitmaps\characters\evil_b_bosses\b_c_ebb_dg-head.%img%
\art\bitmaps\characters\evil_b_bosses\b_c_ebb_dg-wing.%img%
\art\bitmaps\characters\evil_b_bosses\b_c_ebb_dg-eyes.%img%
\sound\music\s_m_dragonlair_02.mp3
\art\bitmaps\gui\in_game\inventory\weapons\staff\b_gui_ig_i_w_stf_112.%img%
\sound\effects\s_e_spell_metal_shards_cast.wav
\sound\effects\s_e_die_dragon.wav
\sound\music\s_m_dragonlair_03.mp3
\art\meshes\items\global\m_i_glb_frag-stone-09.asp
\art\meshes\items\global\m_i_glb_frag-stone-07.asp
\art\meshes\items\global\m_i_glb_frag-stone-08.asp
\art\bitmaps\armor\boots\b_a_boot_047.%img%
\art\bitmaps\characters\body_armor\type7\b_c_pos_a7_006.%img%
\art\bitmaps\characters\body_armor\type7\b_c_pos_a7_002.%img%
\art\bitmaps\gui\in_game\inventory\armor\body_armor\b_gui_ig_i_a_pos_a7_002.%img%
\art\bitmaps\gui\in_game\inventory\armor\body_armor\b_gui_ig_i_a_pos_a7_006.%img%
\art\bitmaps\gui\in_game\inventory\weapons\bow\b_gui_ig_i_w_bow_075.%img%
\art\bitmaps\armor\boots\b_a_boot_033.%img%
\art\bitmaps\armor\helmets\b_a_hlmt_025.%img%
\art\bitmaps\gui\in_game\inventory\armor\helmet\b_gui_ig_i_a_hlmt_025.%img%
\art\bitmaps\armor\shields\b_a_shd_117.%img%
\art\bitmaps\gui\in_game\inventory\armor\shield\b_gui_ig_i_a_shd_117.%img%
\art\meshes\weapons\staff\m_w_stf_048.asp
\art\terrain\grass_1\t_grs01_drgcave-portal-base-back-side-a.sno
\art\terrain\grass_1\t_grs01_drgcave-portal-base-back-a.sno
\world\maps\map_world\regions\ce_r1\terrain_nodes\siege_nodes.lnc
\art\terrain\grass_1\t_grs01_drgcave-portal-sides-back-a.sno
\art\terrain\grass_1\t_grs01_drgcave-portal-top-back-a.sno
\world\maps\map_world\regions\ce_r1\terrain_nodes\dir.lqd18
\art\terrain\grass_1\t_grs01_drgcave-portal-base-front-a.sno
\world\maps\map_world\regions\ce_r1\objects\dir.lqd18
\art\terrain\grass_1\t_grs01_drgcave-portal-sides-front-a.sno
\art\terrain\grass_1\t_grs01_drgcave-portal-top-front-a.sno
\art\terrain\generic\river\t_xxx_rvr_wfall-alcove-base-a.sno
\art\terrain\generic\river\t_xxx_rvr_wfall-alcove-falls-a.sno
\art\bitmaps\terrain\grass_1\b_t_grs01_drgcavemth-flr-08x04-a.%img%
\art\bitmaps\terrain\grass_1\b_t_grs01_drgcavemth-flr-04x04-a.%img%
\art\bitmaps\terrain\grass_1\b_t_grs01_dragon-cave-portal-wall-tx-b.%img%
\world\maps\map_world\regions\ce_r1a\terrain_nodes\siege_nodes.lnc
\world\maps\map_world\regions\ce_r1a\terrain_nodes\dir.lqd18
\art\bitmaps\terrain\grass_1\b_t_grs01_dragon-cave-portal-wall-tx-a.%img%
\world\maps\map_world\regions\ce_r1a\objects\dir.lqd18
\art\bitmaps\terrain\grass_1\wall\b_t_grs01_wal_08x08-i.%img%
\art\bitmaps\terrain\grass_1\river\b_t_grs01_rvr_fall-08x04-b.%img%
\art\bitmaps\terrain\grass_1\wall\b_t_grs01_wal_08x04-c.%img%
\art\bitmaps\terrain\grass_1\b_t_grs01_abc-portal-flr-a.%img%
\art\bitmaps\terrain\grass_1\b_t_grs01_abc-portal-tx-wall-04x04-a.%img%
\art\bitmaps\terrain\grass_1\b_t_grs01_abc-portal-tx-wall-04x04-b.%img%
\art\bitmaps\terrain\dwarven_mine_1\b_t_dm01_abc-portal-flr-a.%img%
\art\bitmaps\terrain\dwarven_mine_1\b_t_dm01_abc-portal-tx-wall-04x04-a.%img%
\art\terrain\generic\river\t_xxx_rvr_wfall-04-tx-12.sno
\sound\music\s_m_castleehb_01.mp3
\art\bitmaps\terrain\grass_1\river\b_t_grs01_rvr_08x08-12-left-01.%img%
\art\bitmaps\terrain\grass_1\river\b_t_grs01_rvr_04x08-12-right-01.%img%
\art\bitmaps\terrain\generic\dir.lqd18
\art\bitmaps\terrain\generic\wall\dir.lqd18
\art\bitmaps\terrain\generic\floor\dir.lqd18
\art\terrain\farmhouse\t_fh00_hburnt_1b.sno
\art\bitmaps\terrain\farmhouse\b_t_fh00_houseburnt-08x08.%img%
\art\bitmaps\terrain\farmhouse\b_t_fh00_foundation-burnt-08x02.%img%
\art\bitmaps\terrain\farmhouse\b_t_fh00_houseburnt-sw-08x04.%img%
\art\bitmaps\terrain\farmhouse\b_t_fh00_houseburnt-se-04x04.%img%
\art\bitmaps\terrain\farmhouse\b_t_fh00_houseburnt-ne-04x08.%img%
\art\bitmaps\terrain\farmhouse\b_t_fh00_houseburnt-nw-08x08.%img%
\art\bitmaps\terrain\grass_1\river\b_t_grs01_rvr_fall-static.%img%
\art\bitmaps\terrain\grass_1\river\b_t_grs01_rvr_fall-08x04-a.%img%
\art\bitmaps\terrain\generic\wall\b_t_xxx_wal_08x08-c.%img%
\art\bitmaps\terrain\generic\wall\b_t_xxx_wal_08x08-d.%img%
\art\bitmaps\terrain\generic\wall\b_t_xxx_wal_08x08-a.%img%
\art\bitmaps\terrain\generic\floor\b_t_xxx_flr_04x04-a.%img%
\world\maps\map_world\regions\ce_r2\terrain_nodes\siege_nodes.lnc
\world\maps\map_world\regions\ce_r2\terrain_nodes\dir.lqd18
\art\bitmaps\terrain\grass_1\river\b_t_grs01_rvr_08x08-ltor-01.%img%
\art\bitmaps\items\grass\b_i_grs_cornstalk-grn.%img%
\art\bitmaps\items\global\b_i_glb_cornstalk-burnt.%img%
\art\bitmaps\terrain\grass_1\river\b_t_grs01_rvr_08x08-trn.%img%
\art\bitmaps\terrain\grass_1\river\b_t_grs01_rvr_08x08-rtol-01.%img%
\art\bitmaps\gui\in_game\inventory\icons\b_gui_ig_i_ic_sp_100_inv.%img%
\art\bitmaps\gui\in_game\inventory\icons\b_gui_ig_i_ic_sp_100.%img%
\world\maps\map_world\regions\ce_r2\objects\dir.lqd18
\world\ai\jobs\actors\good\job_talk_lord_bolingar.skrit
\art\meshes\characters\good_a_heroes\farmboy\m_c_gah_fb_pos_a5.asp
\art\meshes\characters\good_a_heroes\farmboy\helmets\m_c_gah_fb_hlmt_type7.asp
\art\meshes\items\castle\m_i_csl_painting-broken-01.asp
\art\bitmaps\characters\good_a_heroes\farmboy\b_c_gah_fb_skin_22.%img%
\art\bitmaps\characters\body_armor\type5\b_c_pos_a5_017.%img%
\art\bitmaps\armor\helmets\b_a_hlmt_007.%img%
\art\bitmaps\armor\shields\b_a_shd_116.%img%
\art\bitmaps\terrain\grass_1\wall\b_t_grs01_wal_04x08-d.%img%
\art\bitmaps\items\castle\b_i_csl_painting-broken-01.%img%
\art\animations\characters\evil_c_monsters\skeleton\fs1\a_c_ecm_sk_fs1_wl-02.prs
\art\animations\characters\evil_c_monsters\skeleton\fs2\a_c_ecm_sk_fs2_wl-02.prs
\art\animations\characters\evil_c_monsters\skeleton\fs3\a_c_ecm_sk_fs3_wl-02.prs
\art\animations\characters\evil_c_monsters\skeleton\fs4\a_c_ecm_sk_fs4_wl-02.prs
\art\animations\characters\evil_c_monsters\skeleton\fs5\a_c_ecm_sk_fs5_wl-02.prs
\art\animations\characters\evil_c_monsters\skeleton\fs6\a_c_ecm_sk_fs6_wl-02.prs
\art\meshes\items\castle\m_i_csl_sign-castle-ehb.asp
\art\bitmaps\items\castle\b_i_csl_sign-castle-ehb.%img%
\art\bitmaps\terrain\grass_1\wall\b_t_grs01_wal_04x08-c.%img%
\art\bitmaps\terrain\generic\wall\b_t_xxx_wal_08x04-a.%img%
\world\maps\map_world\regions\ce_r2\conversations\dir.lqd18
\sound\voices\s_v_ce_lord_bolingar1.mp3
\art\bitmaps\terrain\generic\wall\b_t_xxx_wal_08x08-b.%img%
\sound\voices\s_v_ce_lord_bolingar3.mp3
\sound\music\s_m_castleehb_02.mp3
\art\terrain\castle_ehb\t_ce_lv1_o-moat-tx-dbridge.sno
\art\bitmaps\terrain\castle_ehb\dir.lqd18
\art\bitmaps\terrain\generic\wall\b_t_xxx_wal_04x04-c.%img%
\art\terrain\generic\corner\h2o\t_xxx_cnr_h2o_tee-rmp-rmp-08-l.sno
\art\bitmaps\terrain\generic\wall\b_t_xxx_wal_08x08-j.%img%
\art\terrain\castle_ehb\t_ce_lv1_o-bridge-entry.sno
\art\terrain\castle_ehb\t_ce_lv1_o-drawbridge.sno
\art\terrain\castle_ehb\t_ce_lv1_o-entry-tower-s.sno
\art\terrain\castle_ehb\t_ce_lv1_o-entry-tower-n.sno
\art\bitmaps\terrain\castle_ehb\b_t_ce_floor-stone-4x4.%img%
\art\bitmaps\terrain\castle_ehb\b_t_ce_wall-ext-bottom-8x8-spare.%img%
\art\bitmaps\terrain\castle_ehb\b_t_ce_wall-plain-stone-4x4.%img%
\art\bitmaps\terrain\castle_ehb\b_t_ce_doorway-composite2.%img%
\art\bitmaps\terrain\castle_ehb\b_t_ce_trimset-1.%img%
\art\terrain\castle_ehb\t_ce_moat-tx-04-cnvx-l.sno
\art\terrain\castle_ehb\t_ce_moat-wal_04-thin.sno
\art\terrain\castle_ehb\t_ce_moat-tx-04-cnvx-r.sno
\art\bitmaps\terrain\castle_ehb\b_t_ce_wood-red-4x4.%img%
\art\bitmaps\terrain\castle_ehb\b_t_ce_floor-wood-4x4.%img%
\art\bitmaps\terrain\castle_ehb\b_t_ce_drawbridge-floor.%img%
\art\bitmaps\terrain\castle_ehb\b_t_ce_wall-ext-basic-8x8.%img%
\art\terrain\castle_ehb\t_ce_lv1_o-castle-entry.sno
\art\terrain\castle_ehb\t_ce_lv1_o-castlewall-sw.sno
\art\terrain\castle_ehb\t_ce_lv1_cap-entry-tower-s.sno
\art\terrain\castle_ehb\t_ce_lv2_o-entry-tower-s.sno
\art\terrain\castle_ehb\t_ce_lv1_cap-skirt-w.sno
\art\terrain\castle_ehb\t_ce_lv1_o-skirt-w.sno
\art\terrain\castle_ehb\t_ce_lv2_o-entry-tower-n.sno
\art\meshes\items\castle\m_i_csl_window-ledge-mid.asp
\art\meshes\items\global\m_i_glb_light-sconce.asp
\art\bitmaps\terrain\castle_ehb\b_t_ce_wall-ext-plus-trim-4x8.%img%
\art\bitmaps\terrain\castle_ehb\b_t_ce_grass-8x8.%img%
\art\bitmaps\terrain\castle_ehb\b_t_ce_wall-ext-plus-window-4x4.%img%
\art\bitmaps\items\castle\b_i_csl_window-ledge-01.%img%
\art\bitmaps\items\global\b_i_glb_sconce.%img%
\art\terrain\castle_ehb\t_ce_lv1_o-ghall-garden.sno
\art\terrain\castle_ehb\t_ce_lv2_i-towers-bridge.sno
\art\terrain\castle_ehb\t_ce_lv1_o-tower-tx-chploutside.sno
\art\terrain\castle_ehb\t_ce_lv2_o-royalrooms-w.sno
\art\terrain\castle_ehb\t_ce_lv1_cap-castle-entry.sno
\art\terrain\castle_ehb\t_ce_lv1_cap-ghall-garden.sno
\art\terrain\castle_ehb\t_ce_lv2_o-castlewall-sw.sno
\art\terrain\castle_ehb\t_ce_lv1_cap-castlewall-sw.sno
\art\meshes\characters\evil_a_monsters\seck_archer\m_c_eam_sa_pos_1.asp
\art\meshes\weapons\bow\m_w_bow_035.asp
\art\meshes\characters\evil_a_monsters\seck_grunt\m_c_eam_sg_pos_1.asp
\art\meshes\weapons\sword\m_w_swd_049.asp
\art\meshes\characters\evil_a_monsters\seck_mage\m_c_eam_sm_pos_1.asp
\art\meshes\weapons\staff\m_w_stf_036.asp
\art\animations\characters\evil_a_monsters\seck_mage\fs5\a_c_eam_sm_fs5_dfs.prs
\art\animations\characters\evil_a_monsters\seck_mage\fs5\a_c_eam_sm_fs5_rl.prs
\art\animations\characters\evil_a_monsters\seck_mage\fs5\a_c_eam_sm_fs5_di.prs
\art\animations\characters\evil_a_monsters\seck_mage\fs5\a_c_eam_sm_fs5_at.prs
\art\animations\characters\evil_a_monsters\seck_mage\fs5\a_c_eam_sm_fs5_at-02.prs
\art\animations\characters\evil_a_monsters\seck_mage\fs5\a_c_eam_sm_fs5_dff.prs
\art\animations\characters\evil_a_monsters\seck_mage\fs5\a_c_eam_sm_fs5_mg.prs
\art\animations\characters\evil_a_monsters\seck_mage\fs5\a_c_eam_sm_fs5_ds.prs
\art\meshes\items\global\m_i_glb_dead_knight-04.asp
\art\meshes\items\global\m_i_glb_dead_seck-01.asp
\art\meshes\items\castle\m_i_csl_window-ledge-thin.asp
\art\meshes\items\global\m_i_glb_dead_gaurd-02.asp
\art\bitmaps\terrain\castle_ehb\b_t_ce_wood-conic-roof-4x4.%img%
\art\bitmaps\terrain\castle_ehb\b_t_ce_wall-ext-plus-window2-4x4.%img%
\art\bitmaps\characters\evil_a_monsters\b_c_eam_sg.%img%
\art\terrain\castle_ehb\t_ce_lv1_o-ele-tube.sno
\art\terrain\castle_ehb\t_ce_lv1_o-castlewall-s.sno
\art\bitmaps\terrain\castle_ehb\b_t_ce_doorway-composite1.%img%
\art\bitmaps\characters\evil_d_monsters\b_c_edm_mu-05.%img%
\art\terrain\castle_ehb\t_ce_lv2_o-castlewall-s.sno
\art\terrain\castle_ehb\t_ce_lv1_cap-castlewall-s.sno
\art\terrain\castle_ehb\t_ce_lv2_o-hall-w.sno
\art\terrain\castle_ehb\t_ce_lv2_i-royalrooms-sw.sno
\art\terrain\castle_ehb\t_ce_lv3_o-stairs-tx-tower.sno
\art\terrain\castle_ehb\t_ce_lv1_o-skirt-nw.sno
\art\meshes\items\global\m_i_glb_dead_seck-11.asp
\art\bitmaps\characters\evil_a_monsters\b_c_eam_sm.%img%
\art\terrain\castle_ehb\t_ce_lv3_o-royalrooms-w.sno
\art\terrain\castle_ehb\t_ce_lv2_i-royalrooms-w.sno
\art\terrain\castle_ehb\t_ce_lv2_i-hall-n.sno
\art\terrain\castle_ehb\t_ce_lv2_o-chapel-outside.sno
\art\terrain\castle_ehb\t_ce_lv1_i-ghall-a-n.sno
\art\terrain\castle_ehb\t_ce_lv1_i-ghall-c.sno
\art\terrain\castle_ehb\t_ce_lv1_i-ghall-a.sno
\art\meshes\items\castle\m_i_csl_chair-01.asp
\art\meshes\items\global\m_i_glb_fountain.asp
\art\bitmaps\terrain\castle_ehb\b_t_ce_chapel-rosewindow.%img%
\art\bitmaps\terrain\castle_ehb\b_t_ce_floor-tiled-1.%img%
\art\bitmaps\terrain\castle_ehb\b_t_ce_wall-gothic.%img%
\art\bitmaps\terrain\castle_ehb\b_t_ce_floor-marble-brown.%img%
\art\bitmaps\terrain\castle_ehb\b_t_ce_bookcase.%img%
\art\bitmaps\decals\b_d_rug-orange.%img%
\art\bitmaps\terrain\castle_ehb\b_t_ce_floor-marble-bw.%img%
\art\bitmaps\terrain\castle_ehb\b_t_ce_wall-archway-4x4.%img%
\art\bitmaps\terrain\castle_ehb\b_t_ce_banners-narrow-4x4.%img%
\art\bitmaps\terrain\castle_ehb\b_t_ce_rug-02.%img%
\art\bitmaps\terrain\castle_ehb\b_t_ce_rug-02-end.%img%
\art\bitmaps\items\castle\b_i_csl_bench-01.%img%
\art\terrain\castle_ehb\t_ce_lv3_o-throneroom-sw.sno
\art\terrain\castle_ehb\t_ce_lv3_o-throneroom-nw.sno
\art\terrain\castle_ehb\t_ce_lv2_o-royalrooms-nw.sno
\art\terrain\castle_ehb\t_ce_lv3_o-hall-roof.sno
\art\terrain\castle_ehb\t_ce_lv2_i-hall-s.sno
\art\terrain\castle_ehb\t_ce_lv2_top-hall-entry.sno
\art\terrain\castle_ehb\t_ce_lv1_cap-ghall-b.sno
\art\terrain\castle_ehb\t_ce_lv1_cap-skirt-nw.sno
\art\meshes\items\castle\m_i_csl_door-arch.asp
\art\meshes\items\castle\m_i_csl_window-ledge-wide.asp
\art\bitmaps\items\global\b_i_glb_fountain-01.%img%
\art\bitmaps\terrain\castle_ehb\b_t_ce_wall-ext-windows3.%img%
\sound\music\s_m_castleehb_06.mp3
\art\bitmaps\items\castle\b_i_csl_door-green.%img%
\art\terrain\castle_ehb\t_ce_lv2_o-ele-tube.sno
\art\terrain\castle_ehb\t_ce_lv2_o-chapel.sno
\art\terrain\castle_ehb\t_ce_lv1_i-ghall-a-s.sno
\art\terrain\castle_ehb\t_ce_lv1_o-ghall-a.sno
\art\terrain\castle_ehb\t_ce_lv0_i-dungeon-entry.sno
\art\terrain\castle_ehb\t_ce_roof-elevator.sno
\art\terrain\castle_ehb\t_ce_lv1_i-ghall-b.sno
\world\maps\map_world\regions\cd_r1\terrain_nodes\siege_nodes.lnc
\art\terrain\castle_ehb\t_ce_lv0_ele-strip.sno
\art\terrain\castle_ehb\t_ce_lv0_ele-strip-non-walk.sno
\world\maps\map_world\regions\cd_r1\terrain_nodes\dir.lqd18
\art\meshes\items\global\m_i_glb_dead_seck-03.asp
\art\terrain\dungeon_2\t_dgn02_castle-prison-entry.sno
\art\meshes\items\global\m_i_glb_tapestry-01.asp
\art\terrain\dungeon_2\wall\t_dgn02_wal_04b-v2.sno
\world\maps\map_world\regions\cd_r1\objects\dir.lqd18
\art\meshes\items\castle\m_i_csl_rug-runner-02.asp
\art\bitmaps\terrain\castle_ehb\b_t_ce_floor-checkered.%img%
\art\bitmaps\terrain\castle_ehb\b_t_ce_wall-woodpanel.%img%
\art\terrain\castle_ehb\t_ce_lv1_cap-skirt-n.sno
\art\terrain\dungeon_2\wall\t_dgn02_wal_04b-v0.sno
\art\terrain\castle_ehb\t_ce_lv1_i-ele-platform.sno
\art\bitmaps\terrain\castle_ehb\b_t_ce_chapel-misc.%img%
\art\terrain\dungeon_2\stair\t_dgn02_str_4-4b-v0-corridor.sno
\art\terrain\castle_ehb\t_ce_lv3_o-royalrooms-e.sno
\art\terrain\castle_ehb\t_ce_roof-shelter-2.sno
\art\terrain\castle_ehb\t_ce_lv3_o-chapel-roof.sno
\art\terrain\castle_ehb\t_ce_lv2_o-hall-e.sno
\art\terrain\castle_ehb\t_ce_lv3_o-throneroom-se.sno
\art\terrain\castle_ehb\t_ce_lv3_o-throneroom-w-center.sno
\art\terrain\castle_ehb\t_ce_lv2_i-chapel-back.sno
\art\terrain\castle_ehb\t_ce_lv1_top-ghall-balcony-top.sno
\art\terrain\castle_ehb\t_ce_lv1_i-ghall-balcony.sno
\art\terrain\castle_ehb\t_ce_lv1_o-castlewall-ne.sno
\art\terrain\castle_ehb\t_ce_lv1_cap-castlewall-ne.sno
\art\terrain\castle_ehb\t_ce_lv2_o-castlewall-se.sno
\art\terrain\castle_ehb\t_ce_lv1_o-castlewall-se.sno
\art\terrain\castle_ehb\t_ce_lv1_o-castlewall-e.sno
\art\terrain\castle_ehb\t_ce_lv1_cap-castlewall-se.sno
\art\terrain\castle_ehb\t_ce_lv2_top-throne-entry.sno
\art\terrain\castle_ehb\t_ce_lv2_i-throne-s.sno
\art\terrain\castle_ehb\t_ce_lv2_i-royalrooms-sse.sno
\art\meshes\characters\evil_d_monsters\ghost\m_c_edm_gh_pos_1.asp
\art\animations\characters\evil_d_monsters\ghost\fs0\a_c_edm_gh_fs0_dfs.prs
\art\animations\characters\evil_d_monsters\ghost\fs0\a_c_edm_gh_fs0_wl.prs
\art\animations\characters\evil_d_monsters\ghost\fs0\a_c_edm_gh_fs0_ds.prs
\art\animations\characters\evil_d_monsters\ghost\fs0\a_c_edm_gh_fs0_at.prs
\art\animations\characters\evil_d_monsters\ghost\fs0\a_c_edm_gh_fs0_dff.prs
\art\animations\characters\evil_d_monsters\ghost\fs0\a_c_edm_gh_fs0_dsf.prs
\art\bitmaps\terrain\castle_ehb\b_t_ce_shields-composite1.%img%
\art\bitmaps\terrain\castle_ehb\b_t_ce_wood-shingles.%img%
\art\terrain\castle_ehb\t_ce_lv2_i-chapel-front.sno
\art\terrain\castle_ehb\t_ce_lv2_top-chapel-entry.sno
\art\terrain\castle_ehb\t_ce_lv1_o-ghall-b.sno
\art\meshes\items\castle\m_i_csl_bench-01.asp
\art\meshes\items\global\m_i_glb_dead_seck-06.asp
\art\meshes\items\castle\m_i_csl_statue-02.asp
\art\bitmaps\items\global\b_i_glb_picture-07.%img%
\art\bitmaps\items\global\b_i_glb_picture-06.%img%
\art\bitmaps\items\global\b_i_glb_tapestry-03.%img%
\art\terrain\castle_ehb\t_ce_lv1_top-ghall-mainentry-top.sno
\art\bitmaps\items\castle\b_i_csl_rug-orange.%img%
\art\bitmaps\terrain\dungeon_2\b_t_dgn02_w1-detail1-2x4.%img%
\art\bitmaps\terrain\dungeon_2\b_t_dgn02_column.%img%
\art\bitmaps\terrain\castle_ehb\b_t_ce_chapel-wall.%img%
\art\bitmaps\characters\evil_a_monsters\b_c_eam_sa.%img%
\art\bitmaps\terrain\castle_ehb\b_t_ce_arch-top.%img%
\art\bitmaps\terrain\castle_ehb\b_t_ce_floor-marble-goldsquares.%img%
\art\meshes\items\castle\m_i_csl_door-dungeon-03.asp
\art\animations\items\castle\a_i_csl_door-dungeon-03-open.prs
\art\animations\items\castle\a_i_csl_door-dungeon-03-close.prs
\art\meshes\items\castle\m_i_csl_bench.asp
\art\meshes\items\global\m_i_glb_dead_seck-10.asp
\art\meshes\items\castle\m_i_csl_chair-03.asp
\art\meshes\items\grass\m_i_grs_pot-02.asp
\art\meshes\items\grass\m_i_grs_pot-01.asp
\art\bitmaps\terrain\castle_ehb\b_t_ce_roof-canvas-4x4.%img%
\art\bitmaps\items\castle\b_i_csl_statue-02.%img%
\art\bitmaps\items\global\b_i_glb_tapestry-04.%img%
\art\bitmaps\items\global\b_i_glb_tapestry-05.%img%
\art\bitmaps\items\global\b_i_glb_tapestry-01.%img%
\art\bitmaps\items\global\b_i_glb_tapestry-02.%img%
\art\terrain\castle_ehb\t_ce_lv2_i-throne-stairs.sno
\art\terrain\castle_ehb\t_ce_lv2_i-throne-columns-w.sno
\art\terrain\castle_ehb\t_ce_lv2_i-throne-columns-e.sno
\art\bitmaps\terrain\castle_ehb\b_t_ce_wall-red-brick-4x4.%img%
\art\terrain\castle_ehb\t_ce_roof-kitchen.sno
\art\terrain\castle_ehb\t_ce_lv1_top-ghall-kitchen.sno
\art\terrain\castle_ehb\t_ce_lv1_cap-castlewall-e.sno
\art\terrain\castle_ehb\t_ce_lv2_o-castlewall-e.sno
\art\terrain\castle_ehb\t_ce_roof-stable.sno
\art\bitmaps\items\castle\b_i_csl_trunk-golden.%img%
\art\bitmaps\characters\evil_d_monsters\b_c_edm_rt-03.%img%
\art\meshes\items\caves\m_i_cav_crate-sm.asp
\art\terrain\castle_ehb\t_ce_lv3_o-throneroom-e-center.sno
\art\terrain\castle_ehb\t_ce_lv2_i-throne-ew.sno
\art\bitmaps\items\castle\b_i_csl_door-dungeon-03.%img%
\art\meshes\items\global\m_i_glb_dead_pig-01.asp
\art\bitmaps\items\castle\b_i_csl_throne.%img%
\art\bitmaps\items\castle\b_i_csl_chair-03.%img%
\art\bitmaps\items\grass\b_i_grs_pot-02.%img%
\sound\effects\s_e_spell_fire_ring_cast.wav
\art\bitmaps\items\grass\b_i_grs_pot-01.%img%
\art\terrain\castle_ehb\t_ce_lv2_i-throne-n.sno
\art\terrain\castle_ehb\t_ce_lv2_i-royalrooms-e.sno
\art\bitmaps\items\caves\b_i_cav_crate-metal.%img%
\art\bitmaps\terrain\castle_ehb\b_t_ce_rug.%img%
\art\bitmaps\terrain\castle_ehb\b_t_ce_rug-end.%img%
\art\bitmaps\terrain\castle_ehb\b_t_ce_drapes.%img%
\art\bitmaps\characters\neutral_ambients\b_c_na_pg.%img%
\art\bitmaps\characters\body_armor\type7\b_c_pos_a7_016.%img%
\art\terrain\castle_ehb\t_ce_lv2_o-royalrooms-e.sno
\art\terrain\castle_ehb\t_ce_lv3_o-throneroom-ne.sno
\art\meshes\items\global\m_i_glb_dead_seck-02.asp
\art\bitmaps\weapons\crossbow\b_w_csb_010.%img%
\art\terrain\castle_ehb\t_ce_lv2_o-castlewall-ne.sno
\art\terrain\castle_ehb\t_ce_lv2_o-royalrooms-n.sno
\art\terrain\castle_ehb\t_ce_lv1_o-skirt-e.sno
\art\terrain\castle_ehb\t_ce_lv1_o-skirt-ne.sno
\art\terrain\castle_ehb\t_ce_roof-shelter-1.sno
\art\terrain\castle_ehb\t_ce_lv1_cap-skirt-ne.sno
\art\bitmaps\weapons\staff\b_w_stf_seck-mage.%img%
\art\bitmaps\gui\in_game\inventory\weapons\sword\b_gui_ig_i_w_swd_082.%img%
\art\bitmaps\gui\in_game\inventory\icons\b_gui_ig_i_ic_sp_034.%img%
\sound\effects\s_e_hit_mucosa.wav
\art\bitmaps\armor\gauntlets\b_a_gntl_021.%img%
\art\meshes\weapons\mace\m_w_mce_068.asp
\art\terrain\castle_ehb\t_ce_lv1_o-skirt-n.sno
\art\terrain\castle_ehb\t_ce_lv2_i-royalrooms-nw.sno
\art\terrain\castle_ehb\t_ce_lv2_i-royalrooms-w-doorway-01.sno
\art\bitmaps\terrain\castle_ehb\b_t_ce_wall-int-window1.%img%
\art\terrain\castle_ehb\t_ce_lv3_o-throneroom-e.sno
\art\terrain\castle_ehb\t_ce_lv3_o-throneroom-w.sno
\art\terrain\castle_ehb\t_ce_lv2_i-royalrooms-ne.sno
\art\terrain\castle_ehb\t_ce_lv2_i-royalrooms-se.sno
\art\terrain\castle_ehb\t_ce_roof-royalrooms-e.sno
\art\terrain\castle_ehb\t_ce_roof-royalrooms-w.sno
\art\meshes\items\castle\m_i_csl_painting-broken-02.asp
\art\meshes\items\castle\m_i_csl_painting-01.asp
\art\meshes\items\castle\m_i_csl_painting-02.asp
\art\meshes\items\castle\m_i_csl_painting-03.asp
\art\bitmaps\items\castle\b_i_csl_painting-broken-02.%img%
\art\bitmaps\items\castle\b_i_csl_painting-01.%img%
\art\bitmaps\items\castle\b_i_csl_painting-02.%img%
\art\bitmaps\items\castle\b_i_csl_painting-03.%img%
\art\meshes\items\castle\m_i_csl_door-dungeon-04.asp
\art\animations\items\castle\a_i_csl_door-dungeon-04-open.prs
\art\animations\items\castle\a_i_csl_door-dungeon-04-close.prs
\art\meshes\items\castle\m_i_csl_door-dungeon-04-r.asp
\art\animations\items\castle\a_i_csl_door-dungeon-04-r-open.prs
\art\animations\items\castle\a_i_csl_door-dungeon-04-r-close.prs
\art\meshes\items\castle\m_i_csl_statue-01.asp
\art\bitmaps\items\castle\b_i_csl_door-dungeon-04.%img%
\art\bitmaps\items\castle\b_i_csl_statue-01.%img%
\art\bitmaps\characters\body_armor\type2\b_c_pos_a2_024.%img%
\art\terrain\dungeon_2\corner\t_dgn02_cnr_04b-cnvx-v0.sno
\art\terrain\dungeon_2\door\t_dgn02_dor_04b-v0-r-ccav.sno
\art\terrain\dungeon_2\corner\t_dgn02_cnr_04b-ccav-v0.sno
\art\terrain\dungeon_2\door\t_dgn02_dor_04b-v0-l.sno
\art\terrain\dungeon_2\door\t_dgn02_dor_04b-v0-l-ccav.sno
\art\terrain\dungeon_2\door\t_dgn02_dor_04b-top-a.sno
\art\terrain\dungeon_2\t_dgn02_cap_wall-a.sno
\art\bitmaps\terrain\dungeon_2\b_t_dgn02_w1-doorway1-4x4.%img%
\art\bitmaps\terrain\dungeon_1\b_t_dgn01_flr-drain-04x08-a.%img%
\art\terrain\dungeon_2\t_dgn02_cap_stairs-a.sno
\art\terrain\dungeon_2\t_dgn02_cap-04x04.sno
\art\terrain\dungeon_2\floor\t_dgn02_flr_detail-04x04-grate.sno
\art\terrain\dungeon_2\floor\t_dgn02_flr_detail-grate-cover.sno
\art\meshes\items\global\m_i_glb_rack-meat.asp
\art\bitmaps\terrain\dungeon_2\b_t_dgn02_w2-detail1-4x4.%img%
\art\bitmaps\terrain\dungeon_2\b_t_dgn02_cell-column.%img%
\art\bitmaps\items\global\b_i_glb_trunk-long.%img%
\sound\music\s_m_castleehb_03.mp3
\art\bitmaps\items\global\b_i_glb_rack-meat.%img%
\art\terrain\dungeon_2\door\t_dgn02_dor_04b-v0-center-pfab.sno
\art\terrain\dungeon_2\wall\t_dgn02_wal_04b-v3.sno
\art\terrain\dungeon_2\door\t_dgn02_dor_04b-v0-r.sno
\art\bitmaps\terrain\dungeon_2\b_t_dgn02_w1-detail3-4x4.%img%
\art\meshes\items\castle\m_i_csl_tapestry-03.asp
\art\bitmaps\decals\b_d_dishes-broken-02.%img%
\art\bitmaps\items\castle\b_i_csl_tapestry-03.%img%
\art\terrain\generic\wall\t_xxx_wal_02a-tx-04-ccav-l.sno
\art\meshes\items\castle\m_i_csl_table-02.asp
\art\bitmaps\terrain\generic\wall\b_t_xxx_wal_04x04-b.%img%
\art\bitmaps\items\castle\b_i_csl_table-02.%img%
\art\terrain\generic\wall\t_xxx_wal_02a-tx-04-cnvx-l.sno
\art\bitmaps\decals\b_d_dishes-broken-01.%img%
\art\meshes\items\castle\m_i_csl_throne.asp
\sound\music\s_m_castleehb_04.mp3
\art\meshes\items\castle\m_i_csl_rug-round-02.asp
\art\bitmaps\items\castle\b_i_csl_rug-yellow.%img%
\sound\effects\s_e_spell_flame_blades_cast.wav
\art\meshes\items\global\m_i_glb_dead_seck-04.asp
\art\bitmaps\items\global\b_i_glb_picture-09.%img%
\art\bitmaps\items\global\b_i_glb_picture-10.%img%
\sound\effects\s_e_env_voices_whispering.wav
\art\terrain\castle_ehb\t_ce_lv2_top-throne-exit.sno
\sound\music\s_m_castleehb_05.mp3
\sound\music\s_m_castledungeon_01.mp3
\art\terrain\dungeon_2\wall\t_dgn02_wal_04a-tx-04b-v0-r.sno
\art\terrain\dungeon_2\wall\t_dgn02_wal_04a-tx-04b-v0-l.sno
\world\maps\map_world\regions\ce_r2a\terrain_nodes\siege_nodes.lnc
\world\maps\map_world\regions\ce_r2a\terrain_nodes\dir.lqd18
\art\terrain\dungeon_2\wall\t_dgn02_wal_04a-v0.sno
\art\bitmaps\terrain\generic\wall\b_t_xxx_wal_04x08-a.%img%
\world\maps\map_world\regions\ce_r2a\objects\dir.lqd18
\art\bitmaps\terrain\generic\floor\b_t_xxx_flr_dtl-08x08-b.%img%
\art\terrain\dungeon_2\door\t_dgn02_dor_04a-v1-l.sno
\art\terrain\dungeon_2\door\t_dgn02_dor_04a-v1-r.sno
\art\terrain\dungeon_2\corner\t_dgn02_cnr_04a-ccav-v2-tbowl.sno
\art\terrain\dungeon_2\corner\t_dgn02_cnr_04a-ccav-v0.sno
\art\terrain\dungeon_2\door\t_dgn02_dor_04a-v1-center-pfab.sno
\art\terrain\dungeon_2\wall\t_dgn02_wal_04a-v1.sno
\art\bitmaps\terrain\dungeon_2\b_t_dgn02_torchbowl-top.%img%
\art\meshes\weapons\bow\m_w_bow_036.asp
\art\bitmaps\terrain\dungeon_2\b_t_dgn02_door-1.%img%
\art\terrain\dungeon_2\door\t_dgn02_dor_04a-v1-r-ccav.sno
\art\terrain\dungeon_2\door\t_dgn02_dor_04a-top-b.sno
\art\terrain\dungeon_2\door\t_dgn02_dor_04a-v1-l-ccav.sno
\art\meshes\items\castle\m_i_csl_door-dungeon-02.asp
\art\animations\items\castle\a_i_csl_door-dungeon-02-open.prs
\art\animations\items\castle\a_i_csl_door-dungeon-02-close.prs
\art\meshes\weapons\axe\m_w_axe_084.asp
\art\terrain\generic\dungeon\floor\t_xxx_dgn_flr_ele-tube-04x04-b.sno
\art\terrain\dungeon_2\t_dgn02_cap_wall-b.sno
\art\bitmaps\characters\evil_a_monsters\b_c_eam_sa-02.%img%
\art\bitmaps\items\castle\b_i_csl_door-dungeon-02.%img%
\sound\effects\s_e_hit_rector.wav
\art\bitmaps\characters\evil_c_monsters\b_c_ecm_wr-02.%img%
\art\terrain\generic\wall\t_xxx_wal_04-tx-rvr-out.sno
\art\terrain\generic\river\t_xxx_rvr_12-tx-08-left-b.sno
\art\bitmaps\terrain\dungeon_greystone_1\dungeon\b_t_dgn03_dgn_flr-grate-02x02-a.%img%
\art\terrain\generic\wall\t_xxx_wal_04-tx-rvr-in.sno
\art\bitmaps\terrain\sub_river_2\river\b_t_sr02_rvr_08x08-12-left-02.%img%
\art\bitmaps\terrain\sub_river_2\river\b_t_sr02_rvr_08x08-rtol-01.%img%
\art\bitmaps\characters\good_a_heroes\farmboy\b_c_gah_fb_skin_32.%img%
\art\bitmaps\characters\body_armor\type1\b_c_pos_a1_072.%img%
\art\bitmaps\terrain\sub_river_2\river\b_t_sr02_rvr_08x08-01.%img%
\art\terrain\dungeon_2\wall\t_dgn02_wal_04a-v2-tbowl.sno
\art\bitmaps\characters\good_a_heroes\farmboy\b_c_gah_fb_skin_30.%img%
\art\bitmaps\characters\body_armor\type1\b_c_pos_a1_070.%img%
\art\bitmaps\characters\good_a_heroes\farmboy\b_c_gah_fb_skin_31.%img%
\art\bitmaps\characters\body_armor\type1\b_c_pos_a1_071.%img%
\art\bitmaps\terrain\sub_river_2\river\b_t_sr02_rvr_fall-08x04-a.%img%
\art\bitmaps\characters\evil_c_monsters\b_c_ecm_wr-03.%img%
\world\ai\jobs\actors\good\job_talk_konreid.skrit
\art\meshes\items\global\m_i_glb_key-star.asp
\art\meshes\characters\evil_c_monsters\toreck\m_c_ecm_to_pos_1.asp
\art\meshes\weapons\staff\m_w_stf_012.asp
\art\animations\characters\evil_c_monsters\toreck\fs5\a_c_ecm_to_fs5_ds.prs
\art\animations\characters\evil_c_monsters\toreck\fs5\a_c_ecm_to_fs5_wl.prs
\art\animations\characters\evil_c_monsters\toreck\fs5\a_c_ecm_to_fs5_di.prs
\art\animations\characters\evil_c_monsters\toreck\fs5\a_c_ecm_to_fs5_at.prs
\art\animations\characters\evil_c_monsters\toreck\fs5\a_c_ecm_to_fs5_at-02.prs
\art\animations\characters\evil_c_monsters\toreck\fs5\a_c_ecm_to_fs5_dff.prs
\art\bitmaps\characters\evil_c_monsters\b_c_ecm_to.%img%
\art\bitmaps\armor\shields\b_a_shd_080.%img%
\art\terrain\dungeon_2\floor\t_dgn02_flr_str-08x08-v0.sno
\art\terrain\dungeon_2\wall\t_dgn02_wal_04c-tx-04a-v0-r.sno
\art\terrain\dungeon_2\corner\t_dgn02_cnr_04c-ccav-v1.sno
\art\terrain\dungeon_2\corner\t_dgn02_cnr_04c-cnvx-v0.sno
\art\terrain\dungeon_2\corner\t_dgn02_cnr_04c-ccav-v2-l.sno
\art\terrain\dungeon_2\wall\t_dgn02_wal_04c-tx-04b-v0-l.sno
\art\terrain\dungeon_2\wall\t_dgn02_wal_04c-v1.sno
\art\terrain\dungeon_2\wall\t_dgn02_wal_04c-v0-l.sno
\art\terrain\dungeon_2\t_dgn02_cap_wall-c.sno
\art\terrain\dungeon_2\wall\t_dgn02_wal_04c-v0-r.sno
\art\terrain\dungeon_2\wall\t_dgn02_wal_04c-tx-04b-v0-r.sno
\art\terrain\dungeon_2\wall\t_dgn02_wal_04c-bars-half.sno
\art\terrain\dungeon_2\floor\t_dgn02_flr_str-cnvx-04x04-v0.sno
\art\terrain\dungeon_2\corner\t_dgn02_cnr_04c-ccav-v0.sno
\art\terrain\dungeon_2\wall\t_dgn02_wal_04c-doorway.sno
\art\bitmaps\terrain\dungeon_2\b_t_dgn02_cell-arch.%img%
\art\terrain\dungeon_2\corner\t_dgn02_cnr_04c-ccav-v2-r.sno
\art\terrain\dungeon_2\floor\t_dgn02_flr_detail-08x08-pit.sno
\art\terrain\dungeon_2\wall\t_dgn02_wal_04c-bars-full.sno
\art\bitmaps\terrain\dungeon_2\b_t_dgn02_iron-plain.%img%
\art\meshes\items\castle\m_i_csl_door-dungeon-03-l.asp
\art\animations\items\castle\a_i_csl_door-dungeon-03-l-open.prs
\art\animations\items\castle\a_i_csl_door-dungeon-03-l-close.prs
\sound\effects\s_e_env_haunting.wav
\art\terrain\dungeon_2\wall\t_dgn02_wal_04c-archextend-v0-l-cdoor.sno
\art\terrain\dungeon_2\corner\t_dgn02_cnr_04c-ccav-04b-v0-r.sno
\art\terrain\dungeon_2\floor\t_dgn02_flr_str-04x04-v0.sno
\art\terrain\dungeon_2\corner\t_dgn02_cnr_04c-ccav-04b-v0-l.sno
\art\terrain\dungeon_2\wall\t_dgn02_wal_04c-archextend-v1-center-bars.sno
\art\bitmaps\terrain\dungeon_2\b_t_dgn02_cell-arch-top.%img%
\art\bitmaps\terrain\dungeon_2\b_t_dgn02_wal_08x08-c.%img%
\sound\effects\s_e_env_moaning.wav
\art\bitmaps\terrain\dungeon_2\b_t_dgn02_flr1-drain-2x2.%img%
\art\terrain\dungeon_2\wall\t_dgn02_wal_04c-archextend-v0-r-cdoor.sno
\sound\effects\s_e_env_door_dungeon.wav
\sound\music\s_m_ce_kingkonreid1.mp3
\art\terrain\dungeon_2\wall\t_dgn02_wal_04c-tx-04a-v0-l.sno
\world\maps\map_world\regions\cd_r1\conversations\dir.lqd18
\sound\voices\s_v_ce_kingkonreid1.mp3
\art\bitmaps\items\global\b_i_glb_key-star.%img%
\ui\interfaces\chapters\chapter_8\dir.lqd18
\art\bitmaps\gui\nis\b_gui_nis_ch08.%img%
\art\bitmaps\gui\in_game\inventory\items\b_gui_ig_i_it_key-star.%img%
\sound\music\s_m_castledungeon_02.mp3
\sound\effects\s_e_hit_toreck.wav
\sound\effects\s_e_die_toreck.wav
\art\bitmaps\characters\evil_d_monsters\b_c_edm_mu-04.%img%
\world\maps\map_world\regions\gd_a_r1\terrain_nodes\siege_nodes.lnc
\world\maps\map_world\regions\gd_a_r1\terrain_nodes\dir.lqd18
\art\bitmaps\armor\gauntlets\b_a_gntl_009.%img%
\world\maps\map_world\regions\gd_a_r1\objects\dir.lqd18
\art\terrain\dungeon_2\stair\t_dgn02_str_4-8a-v2-corridor-thick.sno
\art\terrain\dungeon_2\corner\t_dgn02_cnr_08a-cnvx-v0.sno
\art\terrain\dungeon_2\wall\t_dgn02_wal_08a-v1-top.sno
\art\terrain\generic\dungeon\t_xxx_dgn_cap-vertical-04x04-a.sno
\art\terrain\dungeon_2\corner\t_dgn02_cnr_08a-cnvx-v0-top.sno
\art\terrain\dungeon_2\wall\t_dgn02_wal_08a-v0-top.sno
\art\terrain\dungeon_2\wall\t_dgn02_wal_08a-tx-8b-v0-r-top.sno
\art\terrain\dungeon_2\wall\t_dgn02_wal_08a-tx-8b-v0-r.sno
\art\terrain\dungeon_2\floor\t_dgn02_flr_08x08-v0.sno
\art\terrain\dungeon_2\wall\t_dgn02_wal_08a-v0.sno
\art\terrain\dungeon_2\wall\t_dgn02_wal_08a-tx-8b-v0-l-top.sno
\art\terrain\dungeon_2\wall\t_dgn02_wal_08a-tx-8b-v0-l.sno
\art\terrain\dungeon_2\corner\t_dgn02_cnr_08b-ccav-v0-top.sno
\art\terrain\dungeon_2\corner\t_dgn02_cnr_08b-ccav-v0.sno
\art\terrain\dungeon_2\wall\t_dgn02_wal_08b-v3-top.sno
\art\terrain\dungeon_2\wall\t_dgn02_wal_08b-v3.sno
\art\terrain\dungeon_2\wall\t_dgn02_wal_08b-v0-top.sno
\art\terrain\dungeon_2\wall\t_dgn02_wal_08b-v0.sno
\art\terrain\dungeon_2\stair\t_dgn02_str_4-8b-center-v1.sno
\art\terrain\dungeon_2\wall\t_dgn02_wal_cap-4-8b-v0-l.sno
\art\terrain\dungeon_2\wall\t_dgn02_wal_cap-4-8b-v0-r.sno
\art\terrain\dungeon_2\bridge\t_dgn02_bridge_wall4a-entry.sno
\sound\effects\s_e_spell_energy_ball_hit.wav
\art\terrain\dungeon_2\corner\t_dgn02_cnr_04b-ccav-v1.sno
\art\terrain\dungeon_2\wall\t_dgn02_wal_20d-thick.sno
\art\terrain\dungeon_2\bridge\t_dgn02_bridge_connector-2way.sno
\art\terrain\dungeon_2\door\t_dgn02_dor_04a-top-a.sno
\art\meshes\characters\evil_d_monsters\synged\m_c_edm_sy_pos_1.asp
\art\meshes\items\global\m_i_glb_frag-synged-01.asp
\art\meshes\items\global\m_i_glb_frag-synged-02.asp
\art\meshes\items\global\m_i_glb_frag-synged-03.asp
\art\meshes\items\global\m_i_glb_frag-synged-04.asp
\art\meshes\items\global\m_i_glb_frag-synged-05.asp
\art\animations\characters\evil_d_monsters\synged\fs0\a_c_edm_sy_fs0_ds.prs
\art\animations\characters\evil_d_monsters\synged\fs0\a_c_edm_sy_fs0_fl.prs
\art\animations\characters\evil_d_monsters\synged\fs0\a_c_edm_sy_fs0_di.prs
\art\animations\characters\evil_d_monsters\synged\fs0\a_c_edm_sy_fs0_at.prs
\art\animations\characters\evil_d_monsters\synged\fs0\a_c_edm_sy_fs0_at-02.prs
\art\animations\characters\evil_d_monsters\synged\fs0\a_c_edm_sy_fs0_dff.prs
\art\animations\characters\evil_d_monsters\synged\fs0\a_c_edm_sy_fs0_dsf.prs
\art\bitmaps\terrain\dungeon_2\b_t_dgn02_flr_04x04-a.%img%
\art\bitmaps\terrain\dungeon_2\b_t_dgn02_wal_08x08-d.%img%
\art\bitmaps\terrain\dungeon_2\b_t_dgn02_w1-detail4-4x4.%img%
\art\bitmaps\terrain\dungeon_2\b_t_dgn02_flr2.%img%
\art\bitmaps\characters\evil_d_monsters\b_c_edm_sy.%img%
\art\bitmaps\items\castle\b_i_csl_door-dungeon-05.%img%
\art\terrain\dungeon_2\corner\t_dgn02_cnr_20d-ccav.sno
\art\terrain\dungeon_2\bridge\t_dgn02_bridge_stagmite-08x08.sno
\art\terrain\dungeon_2\bridge\t_dgn02_bridge_floor-04x04.sno
\art\terrain\dungeon_2\corner\t_dgn02_cnr_20d-cnvx.sno
\art\terrain\dungeon_2\bridge\t_dgn02_bridge_connector-corner.sno
\sound\music\s_m_castledungeon_03.mp3
\art\terrain\dungeon_2\bridge\t_dgn02_bridge_bridge-8wide.sno
\art\terrain\generic\dungeon\floor\t_xxx_dgn_flr_ele-round-groundplate.sno
\art\terrain\generic\dungeon\floor\t_xxx_dgn_flr_ele-round-tube.sno
\art\terrain\generic\dungeon\floor\t_xxx_dgn_flr_ele-round-alpha-strip.sno
\art\terrain\generic\dungeon\floor\t_xxx_dgn_flr_ele-round-platform-01.sno
\art\terrain\dungeon_2\floor\t_dgn02_flr_str-ccav-04x04-v0.sno
\art\terrain\generic\dungeon\floor\t_xxx_dgn_flr_ele-round-tube-bottom.sno
\art\terrain\dungeon_2\stair\t_dgn02_str_4-8a-v0-center.sno
\art\meshes\characters\good_b_npc\blacksmith\m_c_gbn_bs_pos_1.asp
\world\ai\jobs\actors\evil\job_talk_swanny.skrit
\art\meshes\armor\helmets\m_a_hlmt_type21.asp
\art\meshes\weapons\club\m_w_clb_012.asp
\art\animations\characters\evil_d_monsters\mad_jailer\fs1\a_c_edm_mj_fs1_ds.prs
\art\animations\characters\evil_d_monsters\mad_jailer\fs1\a_c_edm_mj_fs1_wl.prs
\art\animations\characters\evil_d_monsters\mad_jailer\fs1\a_c_edm_mj_fs1_di.prs
\art\animations\characters\evil_d_monsters\mad_jailer\fs1\a_c_edm_mj_fs1_at.prs
\art\animations\characters\evil_d_monsters\mad_jailer\fs1\a_c_edm_mj_fs1_at-02.prs
\art\animations\characters\evil_d_monsters\mad_jailer\fs1\a_c_edm_mj_fs1_dff.prs
\art\animations\characters\evil_d_monsters\mad_jailer\fs1\a_c_edm_mj_fs1_dsf.prs
\art\animations\characters\evil_d_monsters\mad_jailer\fs1\a_c_edm_mj_fs1_dsf-03.prs
\art\meshes\items\global\m_i_glb_door-cage-breakable.asp
\art\meshes\items\global\m_i_glb_frag-cage-door-01.asp
\art\meshes\items\global\m_i_glb_frag-cage-door-02.asp
\art\meshes\items\global\m_i_glb_frag-cage-door-03.asp
\art\meshes\items\castle\m_i_csl_corpse-01.asp
\art\meshes\items\castle\m_i_csl_ironmaiden.asp
\art\meshes\items\castle\m_i_csl_post-whipping.asp
\sound\effects\s_e_env_chains_rustling.wav
\art\bitmaps\terrain\dungeon_greystone_2\dungeon\b_t_dgn13_dgn_flr-04x04-a.%img%
\art\bitmaps\terrain\dungeon_greystone_2\dungeon\b_t_dgn13_dgn_alpha.%img%
\art\bitmaps\terrain\dungeon_greenstone_1\dungeon\b_t_dgn05_dgn_alpha.%img%
\art\bitmaps\terrain\dungeon_greenstone_1\dungeon\b_t_dgn05_dgn_flr-metal-04x04-a.%img%
\art\bitmaps\terrain\dungeon_greenstone_1\dungeon\b_t_dgn05_dgn_chain.%img%
\art\bitmaps\terrain\dungeon_greenstone_1\dungeon\b_t_dgn05_dgn_metal-trim.%img%
\art\terrain\dungeon_2\floor\t_dgn02_flr_detail-04x04-column08.sno
\art\meshes\characters\evil_c_monsters\kell\m_c_ecm_kl_pos_1.asp
\art\animations\characters\evil_c_monsters\kell\fs0\a_c_ecm_kl_fs0_ds.prs
\art\animations\characters\evil_c_monsters\kell\fs0\a_c_ecm_kl_fs0_wl.prs
\art\animations\characters\evil_c_monsters\kell\fs0\a_c_ecm_kl_fs0_di.prs
\art\animations\characters\evil_c_monsters\kell\fs0\a_c_ecm_kl_fs0_at.prs
\art\animations\characters\evil_c_monsters\kell\fs0\a_c_ecm_kl_fs0_at-02.prs
\art\animations\characters\evil_c_monsters\kell\fs0\a_c_ecm_kl_fs0_dff.prs
\art\animations\characters\evil_c_monsters\kell\fs0\a_c_ecm_kl_fs0_mg.prs
\art\bitmaps\characters\evil_d_monsters\b_c_edm_mj.%img%
\art\bitmaps\items\global\b_i_glb_door-cage-01.%img%
\art\bitmaps\items\castle\b_i_csl_corpse.%img%
\art\terrain\dungeon_2\wall\t_dgn02_wal_cap-4-8a-v0-r.sno
\art\bitmaps\characters\evil_d_monsters\b_c_edm_li.%img%
\art\bitmaps\items\castle\b_i_csl_ironmaiden.%img%
\art\bitmaps\items\castle\b_i_csl_post-whipping.%img%
\art\bitmaps\characters\evil_c_monsters\b_c_ecm_wr-04.%img%
\art\bitmaps\characters\evil_c_monsters\b_c_ecm_kl.%img%
\art\terrain\dungeon_2\corner\t_dgn02_cnr_04a-ccav-v1.sno
\art\bitmaps\characters\evil_d_monsters\b_c_edm_li-02.%img%
\art\terrain\dungeon_2\bridge\t_dgn02_bridge_connector-3way.sno
\art\terrain\dungeon_2\corner\t_dgn02_cnr_04c-ccav-04b-v0b-l.sno
\art\terrain\dungeon_2\corner\t_dgn02_cnr_04b-ccav-v0b.sno
\art\terrain\dungeon_2\corner\t_dgn02_cnr_04c-ccav-04b-v0b-r.sno
\sound\effects\s_e_hit_synged.wav
\art\terrain\dungeon_2\door\t_dgn02_dor_04b-v1-r.sno
\art\terrain\dungeon_2\door\t_dgn02_dor_04b-v1-l.sno
\art\terrain\dungeon_2\corner\t_dgn02_cnr_04c-ccav-04b-v1-r.sno
\art\terrain\dungeon_2\door\t_dgn02_dor_04b-top-b.sno
\art\terrain\dungeon_2\wall\t_dgn02_wal_cap-4-8a-v0-l.sno
\art\terrain\dungeon_2\corner\t_dgn02_cnr_04c-ccav-04b-v1-l.sno
\art\terrain\dungeon_2\wall\t_dgn02_wal_04b-v1b.sno
\art\meshes\items\castle\m_i_csl_door-dungeon-02-l.asp
\art\animations\items\castle\a_i_csl_door-dungeon-02-l-open.prs
\art\animations\items\castle\a_i_csl_door-dungeon-02-l-close.prs
\art\terrain\dungeon_2\wall\t_dgn02_wal_04b-v0b.sno
\art\terrain\dungeon_2\corner\t_dgn02_cnr_04c-ccav-04b-v1b-r.sno
\art\terrain\dungeon_2\corner\t_dgn02_cnr_04c-ccav-04b-v1b-l.sno
\art\bitmaps\terrain\dungeon_2\b_t_dgn02_w1-detail2-2x4.%img%
\art\terrain\dungeon_2\wall\t_dgn02_wal_04b-v3b.sno
\art\meshes\items\castle\m_i_csl_torture-rack.asp
\art\bitmaps\items\castle\b_i_csl_torture-rack.%img%
\art\terrain\dungeon_2\corner\t_dgn02_cnr_04b-ccav-v1b.sno
\art\bitmaps\characters\evil_d_monsters\b_c_edm_gh-static.%img%
\art\bitmaps\characters\evil_d_monsters\b_c_edm_gh-dynamic.%img%
\art\terrain\dungeon_2\corner\t_dgn02_cnr_08a-ccav-v1.sno
\art\meshes\items\castle\m_i_csl_corpse-02.asp
\art\terrain\dungeon_2\corner\t_dgn02_cnr_08a-ccav-v1-top.sno
\sound\effects\s_e_die_synged.wav
\art\bitmaps\armor\boots\b_a_boot_050.%img%
\art\terrain\dungeon_2\wall\t_dgn02_wal_04b-v1.sno
\art\terrain\dungeon_2\wall\t_dgn02_wal_04b-v3-column.sno
\art\bitmaps\gui\in_game\inventory\weapons\hammer\b_gui_ig_i_w_hmr_032.%img%
\sound\music\s_m_swanny.mp3
\world\maps\map_world\regions\gd_a_r1\conversations\dir.lqd18
\sound\voices\s_v_cd_swanny1.mp3
\sound\effects\s_e_env_scream_male.wav
\sound\effects\s_e_hit_mad_jailer.wav
\sound\effects\s_e_die_mad_jailer.wav
\art\bitmaps\armor\helmets\b_a_hlmt_021.%img%
\art\bitmaps\gui\in_game\inventory\armor\helmet\b_gui_ig_i_a_hlmt_119.%img%
\art\terrain\dungeon_2\bridge\t_dgn02_bridge_floor-04x08.sno
\sound\effects\s_e_spell_lightning_cast.wav
\art\terrain\dungeon_2\bridge\t_dgn02_bridge_connector-3way-cos.sno
\art\terrain\dungeon_2\bridge\t_dgn02_bridge_bridge-ele-cos-spacer2.sno
\sound\effects\s_e_spell_gom_throw_hit.wav
\sound\effects\s_e_spell_gom_skull_storm_hit.wav
\sound\effects\s_e_hit_kell.wav
\sound\effects\s_e_die_kell.wav
\art\terrain\dungeon_2\bridge\t_dgn02_bridge_bridge-4wide.sno
\art\terrain\dungeon_2\bridge\t_dgn02_bridge_bridge-ele-cos-spacer1.sno
\art\terrain\dungeon_2\bridge\t_dgn02_bridge_bridge-ele-cos.sno
\art\meshes\items\global\m_i_glb_key_star_device.asp
\art\animations\items\global\a_i_glb_key_star_device_rv.prs
\art\animations\items\global\a_i_glb_key_star_device_dsf.prs
\art\terrain\dungeon_2\cos\t_dgn02_cos_e-bridge-spacer.sno
\art\bitmaps\terrain\dungeon_2\b_t_dgn02_bridge.%img%
\art\bitmaps\items\global\b_i_glb_key-star-device.%img%
\sound\effects\s_e_spell_iceshard_cast.wav
\art\terrain\dungeon_2\floor\t_dgn02_flr_detail-08x08-pillar04.sno
\art\terrain\dungeon_2\cos\t_dgn02_cos_e.sno
\art\terrain\dungeon_2\cos\t_dgn02_cos_ne.sno
\art\terrain\dungeon_2\cos\t_dgn02_cos_se.sno
\art\terrain\dungeon_2\cos\t_dgn02_cos_e-floor.sno
\art\terrain\dungeon_2\cos\t_dgn02_cos_e-entrance-top.sno
\art\terrain\dungeon_2\cos\t_dgn02_cos_e-top.sno
\art\meshes\items\global\m_i_glb_inscense-burner-01.asp
\art\bitmaps\terrain\dungeon_2\b_t_dgn02_cos-materials-01.%img%
\art\terrain\dungeon_2\cos\t_dgn02_cos_ne-floor.sno
\art\terrain\dungeon_2\cos\t_dgn02_cos_se-floor.sno
\art\meshes\items\global\m_i_glb_star-chamber-device.asp
\art\animations\skrits\star_rings.skrit
\art\meshes\items\global\m_i_glb_hand-torch.asp
\art\meshes\items\global\m_i_glb_statue-03.asp
\art\bitmaps\terrain\dungeon_2\b_t_dgn02_cos-dome.%img%
\art\bitmaps\terrain\dungeon_2\b_t_dgn02_cos-dome-b.%img%
\art\bitmaps\terrain\dungeon_2\b_t_dgn02_cos-seal.%img%
\art\bitmaps\terrain\dungeon_2\b_t_dgn02_cos-floor-reflect-01.%img%
\art\bitmaps\terrain\dungeon_2\b_t_dgn02_cos-dome_entrance.%img%
\art\bitmaps\items\global\b_i_glb_inscense-burner-01.%img%
\art\bitmaps\items\global\b_i_glb_star-chamber-device.%img%
\art\bitmaps\items\global\b_i_glb_hand-torch.%img%
\art\bitmaps\items\global\b_i_glb_statue-02.%img%
\art\terrain\dungeon_2\cos\t_dgn02_cos_nw.sno
\art\terrain\dungeon_2\cos\t_dgn02_cos_ne-column-a.sno
\art\terrain\dungeon_2\cos\t_dgn02_cos_ne-column-b.sno
\art\terrain\dungeon_2\cos\t_dgn02_cos_ne-top.sno
\art\terrain\dungeon_2\cos\t_dgn02_cos_sw.sno
\art\terrain\dungeon_2\cos\t_dgn02_cos_se-column-a.sno
\art\terrain\dungeon_2\cos\t_dgn02_cos_se-column-b.sno
\art\terrain\dungeon_2\cos\t_dgn02_cos_se-top.sno
\art\terrain\dungeon_2\cos\t_dgn02_cos_nw-floor.sno
\art\terrain\dungeon_2\cos\t_dgn02_cos_sw-floor.sno
\art\meshes\armor\helmets\m_a_hlmt_type42.asp
\art\meshes\items\global\m_i_glb_statue-03-rotate.asp
\art\animations\items\global\a_i_glb_statue-03-rotate.prs
\art\meshes\armor\helmets\m_a_hlmt_type16.asp
\art\meshes\items\global\m_i_glb_hour-glass-post.asp
\art\bitmaps\items\global\b_i_glb_hour-glass-post.%img%
\art\terrain\dungeon_2\cos\t_dgn02_cos_sw-column-a.sno
\art\terrain\dungeon_2\cos\t_dgn02_cos_sw-column-b.sno
\art\terrain\dungeon_2\cos\t_dgn02_cos_sw-top.sno
\art\terrain\dungeon_2\cos\t_dgn02_cos_nw-column-a.sno
\art\terrain\dungeon_2\cos\t_dgn02_cos_nw-column-b.sno
\art\terrain\dungeon_2\cos\t_dgn02_cos_nw-top.sno
\art\meshes\armor\shields\m_a_shd_13.asp
\art\meshes\weapons\sword\m_w_swd_051.asp
\sound\music\s_m_chamber_01.mp3
\sound\effects\s_e_nis_chamberstars_statue_spin.wav
\sound\music\s_m_chamber_02.mp3
\sound\effects\s_e_nis_chamberstars_generator_start.wav
\sound\effects\s_e_nis_chamberstars_ring_spinup.wav
\sound\effects\s_e_nis_chamberstars_generator_run.wav
\sound\effects\s_e_nis_chamberstars_statue_glow.wav
\sound\effects\s_e_nis_chamberstars_ring_woosh.wav
\sound\effects\s_e_nis_chamberstars_statue_beam.wav
\sound\effects\s_e_nis_chamberstars_generator_amp.wav
\sound\effects\s_e_nis_chamberstars_flash.wav
\sound\music\s_m_chamber_03.mp3
\sound\voices\s_v_chapter_8.mp3
\ui\interfaces\chapters\chapter_9\dir.lqd18
\art\bitmaps\gui\nis\b_gui_nis_ch09.%img%
\art\terrain\dungeon_2\stair\t_dgn02_str_4-8b-v2-l-sidewall.sno
\art\terrain\dungeon_2\wall\t_dgn02_wal_08b-v2.sno
\art\terrain\dungeon_2\t_dgn02_lavacavern-entry.sno
\art\bitmaps\terrain\lava_cavern\dir.lqd18
\art\bitmaps\terrain\lava_cavern\wall\dir.lqd18
\art\bitmaps\terrain\lava_cavern\floor\dir.lqd18
\art\terrain\dungeon_2\wall\t_dgn02_wal_08b-v2-top.sno
\world\maps\map_world\regions\lc_r1a\terrain_nodes\siege_nodes.lnc
\art\terrain\dungeon_2\corner\t_dgn02_cnr_08a-ccav-v0.sno
\art\terrain\dungeon_2\t_dgn02_lavacavern-entry-sides.sno
\art\terrain\dungeon_2\t_dgn02_lavacavern-entry-top.sno
\world\maps\map_world\regions\lc_r1a\terrain_nodes\dir.lqd18
\art\terrain\dungeon_2\corner\t_dgn02_cnr_08a-ccav-v0-top.sno
\art\meshes\characters\evil_d_monsters\lava_imp\m_c_edm_li_pos_4.asp
\art\bitmaps\terrain\lava_cavern\wall\b_t_lc01_wal_08x08-a.%img%
\art\bitmaps\terrain\lava_cavern\floor\b_t_lc01_flr_04x04-a.%img%
\art\bitmaps\terrain\dungeon_2\b_t_dgn02_lava-entry-floorltop-8x4.%img%
\art\bitmaps\terrain\dungeon_2\b_t_dgn02_lava-entry-floorlbttm-8x8.%img%
\art\bitmaps\terrain\dungeon_2\b_t_dgn02_lava-entry-floorrtop-8x4.%img%
\art\bitmaps\terrain\dungeon_2\b_t_dgn02_lava-entry-floorrbttm-8x8.%img%
\art\bitmaps\terrain\dungeon_2\b_t_dgn02_lava-entry-wallltop-8x8.%img%
\art\bitmaps\terrain\dungeon_2\b_t_dgn02_lava-entry-walllbttm-8x4.%img%
\art\bitmaps\terrain\dungeon_2\b_t_dgn02_lava-entry-wallrtop-8x8.%img%
\art\bitmaps\terrain\dungeon_2\b_t_dgn02_lava-entry-wallrbttm-8x4.%img%
\art\bitmaps\terrain\dungeon_2\b_t_dgn02_lava-entry-tunnelwall-8x8.%img%
\art\bitmaps\characters\evil_d_monsters\b_c_edm_li-04.%img%
\art\bitmaps\terrain\lava_cavern\wall\b_t_lc01_wal_08x08-c.%img%
\world\maps\map_world\regions\lc_r1a\objects\dir.lqd18
\art\bitmaps\terrain\lava_cavern\wall\b_t_lc01_wal_08x08-d.%img%
\art\bitmaps\terrain\lava_cavern\wall\b_t_lc01_wal_08x08-b.%img%
\art\bitmaps\terrain\lava_cavern\wall\b_t_lc01_wal_08x04-b.%img%
\art\bitmaps\terrain\lava_cavern\wall\b_t_lc01_wal_dynamic.%img%
\art\bitmaps\terrain\lava_cavern\wall\b_t_lc01_wal_08x08-g.%img%
\sound\effects\s_e_env_grate_metal.wav
\art\bitmaps\terrain\lava_cavern\wall\b_t_lc01_wal_04x04-c.%img%
\art\bitmaps\terrain\lava_cavern\wall\b_t_lc01_wal_08x04-a.%img%
\art\bitmaps\terrain\lava_cavern\floor\b_t_lc01_flr_stg-04x04-a.%img%
\art\bitmaps\terrain\lava_cavern\floor\b_t_lc01_flr_stg-08x08-a.%img%
\art\bitmaps\terrain\lava_cavern\wall\b_t_lc01_wal_08x08-f.%img%
\art\bitmaps\terrain\lava_cavern\wall\b_t_lc01_wal_04x08-a.%img%
\art\bitmaps\terrain\lava_cavern\floor\b_t_lc01_flr_dtl-08x08-b.%img%
\art\bitmaps\terrain\lava_cavern\floor\b_t_lc01_flr_dtl-08x08-a.%img%
\art\bitmaps\gui\in_game\inventory\weapons\sword\b_gui_ig_i_w_swd_043.%img%
\art\bitmaps\terrain\lava_cavern\river\dir.lqd18
\art\bitmaps\terrain\lava_cavern\wall\b_t_lc01_wal_04x04-a.%img%
\art\meshes\items\global\m_i_glb_vase-01.asp
\art\bitmaps\items\lava\dir.lqd18
\art\bitmaps\terrain\lava_cavern\river\b_t_lc01_rvr_water-2a-1.%img%
\art\bitmaps\terrain\lava_cavern\river\b_t_lc01_rvr_water-2a-2.%img%
\art\bitmaps\terrain\lava_cavern\river\b_t_lc01_rvr_water-2a-3.%img%
\art\bitmaps\terrain\lava_cavern\river\b_t_lc01_rvr_water-2a-4.%img%
\art\bitmaps\terrain\lava_cavern\river\b_t_lc01_rvr_water-2a-5.%img%
\art\bitmaps\terrain\lava_cavern\river\b_t_lc01_rvr_water-2a-6.%img%
\art\bitmaps\terrain\lava_cavern\river\b_t_lc01_rvr_water-2a-7.%img%
\art\bitmaps\terrain\lava_cavern\river\b_t_lc01_rvr_water-2a-8.%img%
\art\bitmaps\items\lava\b_i_lav_vase-obsidian.%img%
\sound\effects\s_e_env_lava_bubbling.wav
\art\bitmaps\terrain\lava_cavern\floor\b_t_lc01_flr_stg-08x08-c.%img%
\sound\effects\s_e_env_singe_ambient.wav
\art\bitmaps\characters\evil_a_monsters\b_c_eam_sm-02.%img%
\sound\music\s_m_lavacaverns_01.mp3
\art\terrain\generic\wall\t_xxx_wal_cave-12-base.sno
\art\bitmaps\gui\in_game\inventory\weapons\staff\b_gui_ig_i_w_stf_122.%img%
\art\bitmaps\terrain\lava_cavern\floor\b_t_lc01_flr_stg-08x08-b.%img%
\art\terrain\generic\wall\t_xxx_wal_cave-12-sides.sno
\art\terrain\generic\wall\t_xxx_wal_cave-12-top.sno
\art\terrain\generic\bridge\t_xxx_brdg_tx-rck-wal-32.sno
\art\bitmaps\terrain\lava_cavern\wall\b_t_lc01_wal_08x08-k.%img%
\art\terrain\generic\bridge\t_xxx_brdg_rck-24-l.sno
\art\bitmaps\characters\evil_d_monsters\b_c_edm_rb-02.%img%
\art\terrain\generic\bridge\t_xxx_brdg_tx-rck-wal-08.sno
\art\terrain\generic\river\t_xxx_rvr_wfall-rmp-tx-12.sno
\art\terrain\generic\bridge\t_xxx_brdg_rck-16-r.sno
\art\terrain\generic\river\t_xxx_rvr_wfall-24-tx-wal-02.sno
\art\bitmaps\terrain\lava_cavern\river\b_t_lc01_rvr_04x08-01.%img%
\art\bitmaps\terrain\lava_cavern\river\b_t_lc01_rvr_static.%img%
\art\bitmaps\terrain\lava_cavern\river\b_t_lc01_rvr_dynamic.%img%
\art\bitmaps\terrain\lava_cavern\river\b_t_lc01_rvr_08x08-12-left-02.%img%
\art\bitmaps\terrain\lava_cavern\river\b_t_lc01_rvr_fall-top-static.%img%
\art\bitmaps\terrain\lava_cavern\river\b_t_lc01_rvr_fall-bottom-static.%img%
\art\bitmaps\terrain\lava_cavern\river\b_t_lc01_rvr_fall-08x08-a.%img%
\art\bitmaps\terrain\lava_cavern\river\b_t_lc01_rvr_fall-mist-08x08-static.%img%
\art\bitmaps\terrain\lava_cavern\river\b_t_lc01_rvr_fall-mist-08x08-dynamic.%img%
\art\bitmaps\terrain\lava_cavern\river\b_t_lc01_rvr_08x08-12-left-01.%img%
\art\bitmaps\terrain\lava_cavern\river\b_t_lc01_rvr_04x08-12-right-01.%img%
\art\bitmaps\terrain\lava_cavern\river\b_t_lc01_rvr_08x08-01.%img%
\art\bitmaps\terrain\lava_cavern\river\b_t_lc01_rvr_fall-08x08-c.%img%
\art\bitmaps\terrain\lava_cavern\river\b_t_lc01_rvr_fall-top-08-static.%img%
\art\bitmaps\terrain\lava_cavern\river\b_t_lc01_rvr_fall-bottom-08-static.%img%
\art\bitmaps\terrain\lava_cavern\river\b_t_lc01_rvr_water-2c-1.%img%
\art\bitmaps\terrain\lava_cavern\river\b_t_lc01_rvr_water-2c-2.%img%
\art\bitmaps\terrain\lava_cavern\river\b_t_lc01_rvr_water-2c-3.%img%
\art\bitmaps\terrain\lava_cavern\river\b_t_lc01_rvr_water-2c-4.%img%
\art\bitmaps\terrain\lava_cavern\river\b_t_lc01_rvr_water-2c-5.%img%
\art\bitmaps\terrain\lava_cavern\river\b_t_lc01_rvr_water-2c-6.%img%
\art\bitmaps\terrain\lava_cavern\river\b_t_lc01_rvr_water-2c-7.%img%
\art\bitmaps\terrain\lava_cavern\river\b_t_lc01_rvr_water-2c-8.%img%
\art\bitmaps\terrain\lava_cavern\river\b_t_lc01_rvr_08x08-ltor-01.%img%
\art\bitmaps\terrain\lava_cavern\wall\b_t_lc01_wal_08x08-j.%img%
\art\bitmaps\characters\evil_d_monsters\b_c_edm_li-03.%img%
\art\terrain\generic\river\t_xxx_rvr_wfall-rmp-tx-wal-02.sno
\art\bitmaps\terrain\lava_cavern\wall\b_t_lc01_wal_04x04-b.%img%
\art\bitmaps\terrain\lava_cavern\river\b_t_lc01_rvr_fall-08x08-d.%img%
\art\terrain\generic\floor\h2o\t_xxx_flr_h2o_stalagmite-4d.sno
\sound\music\s_m_lavacaverns_02.mp3
\art\terrain\generic\wall\h2o\t_xxx_wal_h2o_cave-12-base.sno
\art\terrain\generic\floor\h2o\t_xxx_flr_h2o_stalagmite-8c.sno
\art\terrain\generic\ramp\h2o\t_xxx_rmp_h2o_tx-wal-04-thck-l.sno
\art\terrain\generic\ramp\h2o\t_xxx_rmp_h2o_ctx-hal-r.sno
\art\terrain\generic\floor\h2o\t_xxx_flr_h2o_stalagmite-8d.sno
\art\terrain\generic\corner\h2o\t_xxx_cnr_h2o_tee-hal-hal-08-l.sno
\art\bitmaps\terrain\lava_cavern\wall\b_t_lc01_wal_04x08-d.%img%
\art\bitmaps\terrain\lava_cavern\river\b_t_lc01_rvr_fall-08x08-b.%img%
\art\terrain\generic\floor\h2o\t_xxx_flr_h2o_stalagmite-4i.sno
\art\terrain\generic\floor\h2o\t_xxx_flr_h2o_stalagmite-8b.sno
\art\bitmaps\terrain\lava_cavern\wall\b_t_lc01_wal_04x08-c.%img%
\art\bitmaps\characters\evil_d_monsters\b_c_edm_dk-01.%img%
\art\bitmaps\decals\b_d_lc01-a.%img%
\art\bitmaps\terrain\lava_cavern\river\b_t_lc01_rvr_fall-static.%img%
\art\bitmaps\terrain\lava_cavern\river\b_t_lc01_rvr_fall-08x04-a.%img%
\art\bitmaps\terrain\lava_cavern\river\b_t_lc01_rvr_08x08-rtol-01.%img%
\art\bitmaps\terrain\lava_cavern\river\b_t_lc01_rvr_08x08-trn.%img%
\art\terrain\generic\bridge\t_xxx_brdg_pillar-stg-08.sno
\art\terrain\generic\wall\t_xxx_wal_cave-split-24-back-base.sno
\world\maps\map_world\regions\gl_r1\terrain_nodes\siege_nodes.lnc
\world\maps\map_world\regions\gl_r1\terrain_nodes\dir.lqd18
\art\terrain\generic\wall\t_xxx_wal_cave-split-24-back-sides.sno
\art\terrain\generic\wall\t_xxx_wal_cave-split-24-back-top.sno
\art\terrain\generic\wall\t_xxx_wal_cave-split-24-front-base.sno
\world\maps\map_world\regions\gl_r1\objects\dir.lqd18
\art\terrain\generic\wall\t_xxx_wal_cave-split-24-front-sides.sno
\art\terrain\generic\wall\t_xxx_wal_cave-split-24-front-top.sno
\art\terrain\generic\ruins\t_xxx_ruin_flr-04x04-a.sno
\art\bitmaps\terrain\lava_cavern\ruins\dir.lqd18
\art\bitmaps\terrain\lava_cavern\ruins\b_t_lc01_ruin_flr-04x04-pillar-a.%img%
\art\bitmaps\terrain\lava_cavern\ruins\b_t_lc01_ruin_wall-04x04-a.%img%
\art\bitmaps\terrain\lava_cavern\ruins\b_t_lc01_ruin_wall-04x04-b.%img%
\art\bitmaps\terrain\lava_cavern\ruins\b_t_lc01_ruin_wall-08x04-detail-a.%img%
\art\bitmaps\terrain\lava_cavern\ruins\b_t_lc01_ruin_flr-04x04-b.%img%
\art\bitmaps\terrain\lava_cavern\ruins\b_t_lc01_ruin_flr-04x04-a.%img%
\art\bitmaps\items\castle\b_i_csl_chest-skull.%img%
\art\terrain\generic\corner\t_xxx_cnr_tee-02a-02b-04-cncv-l.sno
\art\meshes\characters\evil_d_monsters\lava_spirit\m_c_edm_ls_pos_1.asp
\art\meshes\items\global\m_i_glb_frag-lava-spirit-01.asp
\art\meshes\items\global\m_i_glb_frag-lava-spirit-02.asp
\art\meshes\items\global\m_i_glb_frag-lava-spirit-03.asp
\art\meshes\items\global\m_i_glb_frag-lava-spirit-04.asp
\art\meshes\items\global\m_i_glb_frag-lava-spirit-05.asp
\art\meshes\items\global\m_i_glb_frag-lava-spirit-06.asp
\art\meshes\items\global\m_i_glb_frag-lava-spirit-07.asp
\art\meshes\items\global\m_i_glb_frag-lava-spirit-08.asp
\art\meshes\items\global\m_i_glb_frag-lava-spirit-09.asp
\art\meshes\items\global\m_i_glb_frag-lava-spirit-10.asp
\sound\music\s_m_lavacaverns_03.mp3
\art\terrain\lava_cavern\t_lc01_ruins-rubble-a.sno
\art\bitmaps\terrain\gom_lair\dir.lqd18
\art\terrain\lava_cavern\t_lc01_ruins-column-a.sno
\art\bitmaps\terrain\lava_cavern\ruins\b_t_lc01_ruin_wall-04x04-c.%img%
\art\bitmaps\terrain\lava_cavern\ruins\b_t_lc01_ruin_arch-04x04-a.%img%
\art\terrain\lava_cavern\t_lc01_ruins-column-c.sno
\art\terrain\generic\ruins\t_xxx_ruin_flr-plate-cnvx-a.sno
\art\bitmaps\terrain\gom_lair\b_t_gom_wall-04x04.%img%
\art\bitmaps\terrain\gom_lair\b_t_gom_rubble.%img%
\art\bitmaps\terrain\gom_lair\b_t_gom_arch.%img%
\art\terrain\generic\ledge\t_xxx_ledg_tx-wal-32-r.sno
\art\terrain\generic\ledge\t_xxx_ledg_tx-wal-32-r-t.sno
\art\terrain\generic\ledge\t_xxx_ledg_tx-wal-32-r-b.sno
\art\terrain\lava_cavern\t_lc01_ruins-column-b.sno
\art\terrain\generic\ledge\t_xxx_ledg_tx-wal-32-l-t.sno
\art\terrain\generic\ledge\t_xxx_ledg_tx-wal-32-l-b.sno
\art\terrain\generic\ledge\t_xxx_ledg_tx-wal-32-l.sno
\art\terrain\generic\wall\h2o\t_xxx_wal_h2o_04-tx-04-l.sno
\art\terrain\lava_cavern\t_lc01_pth-h2o-tx-wal-02a-thin-a.sno
\art\bitmaps\terrain\lava_cavern\path\dir.lqd18
\art\terrain\generic\wall\h2o\t_xxx_wal_h2o_04-tx-04-r.sno
\art\terrain\lava_cavern\t_lc01_pth-h2o-08x08-c.sno
\art\terrain\lava_cavern\t_lc01_pth-h2o-08x04-h.sno
\art\terrain\lava_cavern\t_lc01_ruins-lava-rubble-a.sno
\art\bitmaps\terrain\lava_cavern\path\b_t_lc01_pth_04x04-d.%img%
\art\terrain\lava_cavern\t_lc01_pth-h2o-04x04-b.sno
\art\terrain\lava_cavern\t_lc01_pth-h2o-04x04-d.sno
\art\terrain\generic\floor\h2o\t_xxx_flr_h2o_04x04-v2.sno
\art\bitmaps\terrain\lava_cavern\path\b_t_lc01_pth_08x08-c.%img%
\art\bitmaps\terrain\lava_cavern\path\b_t_lc01_pth_08x04-h.%img%
\art\terrain\lava_cavern\t_lc01_ruins-lava-column-b.sno
\art\terrain\lava_cavern\t_lc01_ruins-lava-column-a.sno
\art\terrain\lava_cavern\t_lc01_ruins-lava-column-c.sno
\art\bitmaps\terrain\lava_cavern\path\b_t_lc01_pth_04x04-b.%img%
\art\terrain\lava_cavern\t_lc01_ruins-teleporter.sno
\art\terrain\generic\ruins\t_xxx_ruin_stairs-04x04-a.sno
\art\terrain\generic\ruins\t_xxx_ruin_stairs-08x04-a.sno
\art\terrain\generic\ruins\t_xxx_ruin_stairs-cncv-a.sno
\art\terrain\generic\ruins\t_xxx_ruin_stairs-cnvx-a.sno
\art\terrain\generic\ledge\t_xxx_ledg_32-thck-t.sno
\art\terrain\generic\ledge\t_xxx_ledg_32-thck-b.sno
\art\bitmaps\terrain\lava_cavern\ruins\b_t_lc01_ruin_alcove-04x04-a.%img%
\art\terrain\generic\ledge\t_xxx_ledg_32-thin-t.sno
\art\terrain\generic\ledge\t_xxx_ledg_32-thin-b.sno
\art\bitmaps\terrain\lava_cavern\ruins\b_t_lc01_ruin_wall-02x02-detail-a.%img%
\art\bitmaps\characters\evil_d_monsters\b_c_edm_rb-03.%img%
\art\terrain\gom_lair\t_gom_lair-entrance.sno
\world\maps\map_world\regions\gom2\terrain_nodes\siege_nodes.lnc
\world\maps\map_world\regions\gom2\terrain_nodes\dir.lqd18
\art\bitmaps\terrain\gom_lair\b_t_gom_rockwall.%img%
\art\terrain\gom_lair\t_gom_walk_str-04x08-1a.sno
\art\bitmaps\terrain\gom_lair\b_t_gom_lava-floor-04x04.%img%
\world\maps\map_world\regions\gom2\objects\dir.lqd18
\art\terrain\gom_lair\t_gom_walk_04x08-1a.sno
\art\bitmaps\terrain\gom_lair\b_t_gom_pathspike.%img%
\sound\effects\s_e_env_wind_monotonic.wav
\art\terrain\gom_lair\t_gom_wal_08-wlkway-1a.sno
\sound\music\s_m_drums_03.mp3
\art\terrain\gom_lair\t_gom_cnr_08-ccav-1a.sno
\art\terrain\gom_lair\t_gom_cnr_08-cnvx-1a.sno
\art\terrain\gom_lair\t_gom_flr_04x04-1a.sno
\art\terrain\gom_lair\t_gom_space-connector.sno
\art\bitmaps\terrain\gom_lair\b_t_gom_yuckywall.%img%
\art\terrain\gom_lair\t_gom_wal_08-thin-1a.sno
\art\terrain\gom_lair\t_gom_wal_08-wlkway-1c.sno
\art\terrain\gom_lair\t_gom_flr_04x04-1b.sno
\art\terrain\gom_lair\t_gom_walk_str-cnr-1a.sno
\art\terrain\gom_lair\t_gom_flr_04x04-1d.sno
\art\terrain\gom_lair\t_gom_wal_08-wlkway-1b.sno
\art\meshes\characters\evil_d_monsters\quadscale\m_c_edm_qs_pos_1.asp
\art\meshes\items\global\m_i_glb_frag-quadscale-01.asp
\art\meshes\items\global\m_i_glb_frag-quadscale-02.asp
\art\meshes\items\global\m_i_glb_frag-quadscale-03.asp
\art\meshes\items\global\m_i_glb_frag-quadscale-04.asp
\art\meshes\items\global\m_i_glb_frag-quadscale-05.asp
\art\animations\characters\evil_d_monsters\quadscale\fs0\a_c_edm_qs_fs0_ds.prs
\art\animations\characters\evil_d_monsters\quadscale\fs0\a_c_edm_qs_fs0_wl.prs
\art\animations\characters\evil_d_monsters\quadscale\fs0\a_c_edm_qs_fs0_di.prs
\art\animations\characters\evil_d_monsters\quadscale\fs0\a_c_edm_qs_fs0_at.prs
\art\animations\characters\evil_d_monsters\quadscale\fs0\a_c_edm_qs_fs0_at-02.prs
\art\animations\characters\evil_d_monsters\quadscale\fs0\a_c_edm_qs_fs0_dff.prs
\art\bitmaps\characters\evil_d_monsters\b_c_edm_qs.%img%
\art\bitmaps\characters\evil_d_monsters\b_c_edm_dk-04.%img%
\art\terrain\gom_lair\t_gom_wal_08-thck-1a.sno
\art\bitmaps\terrain\gom_lair\b_t_gom_window-wall.%img%
\art\terrain\gom_lair\t_gom_wal_flesh-1b.sno
\art\terrain\gom_lair\t_gom_wal_flesh-1a.sno
\art\terrain\gom_lair\t_gom_wal_08-thck-1b.sno
\art\meshes\weapons\mace\m_w_mce_050.asp
\art\bitmaps\terrain\gom_lair\b_t_gom_yuckyspike.%img%
\art\bitmaps\characters\evil_d_monsters\b_c_edm_dk-05.%img%
\art\terrain\gom_lair\t_gom_flr_04x04-1c.sno
\art\terrain\gom_lair\t_gom_wal_08-thck-1c.sno
\sound\effects\s_e_hit_quadscale.wav
\sound\effects\s_e_die_quadscale.wav
\art\terrain\gom_lair\t_gom_walk_04x08-tee-1a.sno
\art\terrain\gom_lair\t_gom_walk_str-cnr-1c.sno
\art\bitmaps\armor\helmets\b_a_hlmt_091.%img%
\art\bitmaps\armor\boots\b_a_boot_041.%img%
\sound\effects\s_e_hit_lava_spirit.wav
\sound\effects\s_e_die_lava_spirit.wav
\art\bitmaps\characters\evil_d_monsters\b_c_edm_dk-06.%img%
\art\terrain\gom_lair\t_gom_walk_04x08-1b.sno
\art\meshes\armor\helmets\m_a_hlmt_type18.asp
\art\bitmaps\armor\shields\b_a_shd_099.%img%
\art\bitmaps\characters\body_armor\type7\b_c_pos_a7_025.%img%
\art\terrain\gom_lair\t_gom_walk_endcap-a.sno
\art\terrain\gom_lair\t_gom_ele-strip.sno
\art\terrain\gom_lair\t_gom_walk_endcap-b.sno
\art\terrain\gom_lair\t_gom_cnr_08-ccav-1b.sno
\art\meshes\items\global\m_i_glb_gom-fire-pit.asp
\art\terrain\gom_lair\t_gom_flr_04x04-detail-a.sno
\art\terrain\gom_lair\t_gom_ele-platform.sno
\art\terrain\gom_lair\t_gom_throne-base.sno
\art\terrain\gom_lair\t_gom_throne-ramp.sno
\art\terrain\gom_lair\t_gom_throne-alpha-strip.sno
\art\terrain\gom_lair\t_gom_throne-platform.sno
\art\meshes\items\global\m_i_glb_gom-spike.asp
\art\bitmaps\terrain\gom_lair\b_t_gom_wall-strip.%img%
\art\bitmaps\terrain\gom_lair\b_t_gom_rune-strip.%img%
\art\bitmaps\terrain\gom_lair\b_t_gom_dias.%img%
\art\bitmaps\terrain\gom_lair\b_t_gom_throne-front.%img%
\art\bitmaps\terrain\gom_lair\b_t_gom_ramp.%img%
\art\bitmaps\terrain\gom_lair\b_t_gom_rail-side.%img%
\art\meshes\items\global\m_i_glb_rubble-05.asp
\sound\music\s_m_gom.mp3
\art\meshes\characters\evil_b_bosses\gom\m_c_ebb_gom_pos_1.asp
\art\meshes\weapons\staff\m_w_stf_037.asp
\art\animations\characters\evil_a_monsters\seck_mage\fs5\a_c_eam_sm_fs5_di-02.prs
\art\animations\characters\evil_a_monsters\seck_mage\fs5\a_c_eam_sm_fs5_mg-02.prs
\art\animations\characters\evil_a_monsters\seck_mage\fs5\a_c_eam_sm_fs5_mg-03.prs
\art\animations\characters\evil_a_monsters\seck_mage\fs5\a_c_eam_sm_fs5_mg-04.prs
\art\animations\characters\evil_a_monsters\seck_mage\fs5\a_c_eam_sm_fs5_mg-05.prs
\art\animations\characters\evil_a_monsters\seck_mage\fs5\a_c_eam_sm_fs5_dsf-02.prs
\art\animations\characters\evil_a_monsters\seck_mage\fs5\a_c_eam_sm_fs5_dsf-03.prs
\art\meshes\characters\evil_b_bosses\super_gom\m_c_ebb_sg_pos_1.asp
\art\bitmaps\terrain\gom_lair\b_t_gom_throne-side.%img%
\art\bitmaps\characters\evil_b_bosses\b_c_ebb_gom.%img%
\art\bitmaps\weapons\staff\b_w_stf_super-gom.%img%
\sound\effects\s_e_env_torch_lighting.wav
\sound\effects\s_e_nis_gom_platform_move.wav
\art\meshes\items\global\m_i_glb_spike-rock-01.asp
\art\meshes\items\global\m_i_glb_frag-spike-rock-01.asp
\art\meshes\items\global\m_i_glb_frag-spike-rock-03.asp
\art\meshes\items\global\m_i_glb_frag-spike-rock-07.asp
\art\meshes\characters\evil_c_monsters\fire_elemental\m_c_ecm_fe_pos_1.asp
\art\meshes\items\global\m_i_glb_spike-rock-02.asp
\art\meshes\items\global\m_i_glb_frag-spike-rock-04.asp
\sound\effects\s_e_nis_gom_platform_stop.wav
\world\maps\map_world\regions\gom2\conversations\dir.lqd18
\sound\voices\s_v_gl_gom1.mp3
\sound\effects\s_e_spell_gom_icesnake_cast.wav
\sound\music\s_m_gom_battle.mp3
\sound\effects\s_e_spell_gom_skull_rain_cast.wav
\sound\effects\s_e_hit_gom.wav
\sound\effects\s_e_spell_gom_skull_rain_hit.wav
\sound\effects\s_e_spell_gom_flamethrower_cast.wav
\sound\effects\s_e_spell_gom_force_cast.wav
\sound\effects\s_e_spell_gom_ground_lightning_cast.wav
\sound\effects\s_e_spell_gom_summon_cast.wav
\art\animations\characters\evil_c_monsters\fire_elemental\fs0\a_c_ecm_fe_fs0_ds.prs
\art\animations\characters\evil_c_monsters\fire_elemental\fs0\a_c_ecm_fe_fs0_wl.prs
\art\animations\characters\evil_c_monsters\fire_elemental\fs0\a_c_ecm_fe_fs0_di.prs
\art\animations\characters\evil_c_monsters\fire_elemental\fs0\a_c_ecm_fe_fs0_at.prs
\art\animations\characters\evil_c_monsters\fire_elemental\fs0\a_c_ecm_fe_fs0_at-02.prs
\art\animations\characters\evil_c_monsters\fire_elemental\fs0\a_c_ecm_fe_fs0_dff.prs
\art\bitmaps\items\global\b_i_glb_fire-static-01.%img%
\art\bitmaps\items\global\b_i_glb_fire-dynamic-01.%img%
\sound\effects\s_e_die_gom.wav
\art\meshes\armor\helmets\m_a_hlmt_type41.asp
\art\meshes\weapons\bow\m_w_bow_032.asp
\art\animations\characters\evil_b_bosses\super_gom\fs5\a_c_ebb_sg_fs5_ds.prs
\art\animations\characters\evil_b_bosses\super_gom\fs5\a_c_ebb_sg_fs5_fl.prs
\art\animations\characters\evil_b_bosses\super_gom\fs5\a_c_ebb_sg_fs5_di.prs
\art\animations\characters\evil_b_bosses\super_gom\fs5\a_c_ebb_sg_fs5_at.prs
\art\animations\characters\evil_b_bosses\super_gom\fs5\a_c_ebb_sg_fs5_dff.prs
\art\animations\characters\evil_b_bosses\super_gom\fs5\a_c_ebb_sg_fs5_mg.prs
\art\animations\characters\evil_b_bosses\super_gom\fs5\a_c_ebb_sg_fs5_mg-02.prs
\art\animations\characters\evil_b_bosses\super_gom\fs5\a_c_ebb_sg_fs5_mg-03.prs
\art\animations\characters\evil_b_bosses\super_gom\fs5\a_c_ebb_sg_fs5_mg-04.prs
\art\animations\characters\evil_b_bosses\super_gom\fs5\a_c_ebb_sg_fs5_mg-05.prs
\art\animations\characters\evil_b_bosses\super_gom\fs5\a_c_ebb_sg_fs5_mg-06.prs
\art\animations\characters\evil_b_bosses\super_gom\fs5\a_c_ebb_sg_fs5_mg-07.prs
\art\animations\characters\evil_b_bosses\super_gom\fs5\a_c_ebb_sg_fs5_mg-08.prs
\art\animations\characters\evil_b_bosses\super_gom\fs5\a_c_ebb_sg_fs5_rv.prs
\art\bitmaps\characters\evil_b_bosses\b_c_ebb_sg.%img%
\sound\effects\s_e_call_gom_super.wav
\sound\effects\s_e_hit_gom_super.wav
\sound\effects\s_e_spell_gom_skull_storm_cast.wav
\sound\effects\s_e_spell_super_gom_force_cast.wav
\sound\effects\s_e_spell_gom_laser_cast.wav
\art\bitmaps\characters\evil_d_monsters\b_c_edm_rg-03.%img%
\art\animations\items\global\a_i_glb_spike-rock-02-cntr-up-fast.prs
\art\animations\items\global\a_i_glb_spike-rock-02-cntr-up-med.prs
\art\animations\items\global\a_i_glb_spike-rock-02-left-up-fast.prs
\art\animations\items\global\a_i_glb_spike-rock-02-left-up-med.prs
\art\animations\items\global\a_i_glb_spike-rock-02-rt-up-fast.prs
\art\animations\items\global\a_i_glb_spike-rock-02-rt-up-med.prs
\sound\effects\s_e_spell_gom_spikes_cast.wav
\sound\effects\s_e_spell_fire_rain_hit.wav
\art\animations\items\global\a_i_glb_spike-rock-01-cntr-up-fast.prs
\art\animations\items\global\a_i_glb_spike-rock-01-cntr-up-med.prs
\art\animations\items\global\a_i_glb_spike-rock-01-left-up-fast.prs
\art\animations\items\global\a_i_glb_spike-rock-01-left-up-med.prs
\art\animations\items\global\a_i_glb_spike-rock-01-rt-up-fast.prs
\art\animations\items\global\a_i_glb_spike-rock-01-rt-up-med.prs
\sound\effects\s_e_spell_gom_throw_cast.wav
\sound\effects\s_e_spell_gom_turret_lightning_cast.wav
\sound\effects\s_e_spell_gom_turret_fire_cast.wav
\art\bitmaps\sfx\b_sfx_006.%img%
\sound\effects\s_e_spell_gom_firebreath_cast.wav
\art\meshes\items\global\m_i_glb_frag-gom-super-01.asp
\art\meshes\items\global\m_i_glb_frag-gom-super-02.asp
\art\meshes\items\global\m_i_glb_frag-gom-super-03.asp
\art\meshes\items\global\m_i_glb_frag-gom-super-05.asp
\art\meshes\items\global\m_i_glb_frag-gom-super-04.asp
\sound\effects\s_e_die_gom_super.wav
\art\bitmaps\characters\body_armor\type2\b_c_pos_a2_031.%img%
\art\bitmaps\armor\helmets\b_a_hlmt_081.%img%
\art\bitmaps\armor\helmets\b_a_hlmt_041.%img%
\art\bitmaps\armor\gauntlets\b_a_gntl_090.%img%
\sound\music\s_m_gom_victory.mp3
\art\bitmaps\gui\in_game\inventory\armor\helmet\b_gui_ig_i_a_hlmt_041.%img%
\art\bitmaps\gui\in_game\menus\b_gui_ig_mnu_jnl_quest_22.%img%
\ui\config\outro_settings\dir.lqd18
\movies\outro.bik
\sound\music\s_m_credits.mp3
\movies\credits.bik
\ui\interfaces\backend\end_game\dir.lqd18
\art\bitmaps\gui\in_game\inventory\weapons\bow\b_gui_ig_i_w_bow_131.%img%
\art\bitmaps\gui\in_game\inventory\armor\body_armor\b_gui_ig_i_a_pos_a5_024.%img%
\art\bitmaps\gui\in_game\inventory\armor\body_armor\b_gui_ig_i_a_pos_a2_062.%img%
\art\bitmaps\gui\in_game\inventory\weapons\staff\b_gui_ig_i_w_stf_118.%img%
\art\bitmaps\gui\in_game\inventory\armor\helmet\b_gui_ig_i_a_hlmt_081.%img%
\art\bitmaps\gui\in_game\inventory\armor\gauntlet\b_gui_ig_i_a_gntl_124.%img%
\art\bitmaps\gui\in_game\inventory\icons\b_gui_ig_i_ic_sp_148_inv.%img%
\art\bitmaps\weapons\crossbow\b_w_csb_013.%img%
